dataset,model,feature_label,feature_family,context_indicator,n,base_mean,score_mean,delta_mean,global_delta_mean,diff_from_global,win_rate,loss_rate,tie_rate
hitab,Qwen/Qwen2.5-7B-Instruct,ctx.stats,ctx,cell.has_comma_number,636,0.559748427672956,0.539308176100629,-0.020440251572327043,-0.017676767676767676,-0.002763483895559367,0.09276729559748427,0.11320754716981132,0.7940251572327044
hitab,Qwen/Qwen2.5-7B-Instruct,ctx.stats,ctx,cell.has_currency,87,0.6551724137931034,0.5402298850574713,-0.11494252873563218,-0.017676767676767676,-0.0972657610588645,0.034482758620689655,0.14942528735632185,0.8160919540229885
hitab,Qwen/Qwen2.5-7B-Instruct,ctx.stats,ctx,cell.has_date_like,896,0.5970982142857143,0.5859375,-0.011160714285714286,-0.017676767676767676,0.00651605339105339,0.08705357142857142,0.09821428571428571,0.8147321428571429
hitab,Qwen/Qwen2.5-7B-Instruct,ctx.stats,ctx,cell.has_numeric_range,423,0.5933806146572104,0.5815602836879432,-0.01182033096926714,-0.017676767676767676,0.005856436707500537,0.09456264775413711,0.10638297872340426,0.7990543735224587
hitab,Qwen/Qwen2.5-7B-Instruct,ctx.stats,ctx,cell.has_percent,154,0.538961038961039,0.6103896103896104,0.07142857142857142,-0.017676767676767676,0.0891053391053391,0.13636363636363635,0.06493506493506493,0.7987012987012987
hitab,Qwen/Qwen2.5-7B-Instruct,ctx.stats,ctx,cell.has_score_surface,55,0.4727272727272727,0.34545454545454546,-0.12727272727272726,-0.017676767676767676,-0.10959595959595958,0.03636363636363636,0.16363636363636364,0.8
hitab,Qwen/Qwen2.5-7B-Instruct,ctx.stats,ctx,cell.missing_value_marker,1514,0.5924702774108322,0.5733157199471598,-0.01915455746367239,-0.017676767676767676,-0.0014777897869047152,0.08652575957727873,0.10568031704095113,0.8077939233817701
hitab,Qwen/Qwen2.5-7B-Instruct,ctx.stats,ctx,grounding.cell_overlap,1516,0.5883905013192612,0.5732189973614775,-0.015171503957783642,-0.017676767676767676,0.0025052637189840344,0.08575197889182058,0.10092348284960422,0.8133245382585752
hitab,Qwen/Qwen2.5-7B-Instruct,ctx.stats,ctx,grounding.header_overlap,1204,0.5996677740863787,0.5739202657807309,-0.02574750830564784,-0.017676767676767676,-0.008070740628880163,0.08139534883720931,0.10714285714285714,0.8114617940199336
hitab,Qwen/Qwen2.5-7B-Instruct,ctx.stats,ctx,intent.aggregate_noncount,161,0.577639751552795,0.577639751552795,0.0,-0.017676767676767676,0.017676767676767676,0.06832298136645963,0.06832298136645963,0.8633540372670807
hitab,Qwen/Qwen2.5-7B-Instruct,ctx.stats,ctx,intent.arithmetic,598,0.5869565217391305,0.5735785953177257,-0.013377926421404682,-0.017676767676767676,0.004298841255362994,0.08695652173913043,0.10033444816053512,0.8127090301003345
hitab,Qwen/Qwen2.5-7B-Instruct,ctx.stats,ctx,intent.comparison,56,0.4107142857142857,0.375,-0.03571428571428571,-0.017676767676767676,-0.018037518037518036,0.05357142857142857,0.08928571428571429,0.8571428571428571
hitab,Qwen/Qwen2.5-7B-Instruct,ctx.stats,ctx,intent.count,473,0.5560253699788583,0.5539112050739958,-0.0021141649048625794,-0.017676767676767676,0.015562602771905097,0.08668076109936575,0.08879492600422834,0.8245243128964059
hitab,Qwen/Qwen2.5-7B-Instruct,ctx.stats,ctx,intent.negation_marker,91,0.5384615384615384,0.5054945054945055,-0.03296703296703297,-0.017676767676767676,-0.015290265290265292,0.08791208791208792,0.12087912087912088,0.7912087912087912
hitab,Qwen/Qwen2.5-7B-Instruct,ctx.stats,ctx,intent.superlative_rank,205,0.5560975609756098,0.5170731707317073,-0.03902439024390244,-0.017676767676767676,-0.021347622567134763,0.05853658536585366,0.0975609756097561,0.8439024390243902
hitab,Qwen/Qwen2.5-7B-Instruct,ctx.stats,ctx,intent.temporal,859,0.5972060535506403,0.559953434225844,-0.037252619324796274,-0.017676767676767676,-0.019575851648028598,0.06752037252619325,0.10477299185098952,0.8277066356228172
hitab,Qwen/Qwen2.5-7B-Instruct,ctx.stats,ctx,"native.hitab_agg_type=['argmax', 'average']",1,0.0,0.0,0.0,-0.017676767676767676,0.017676767676767676,0.0,0.0,1.0
hitab,Qwen/Qwen2.5-7B-Instruct,ctx.stats,ctx,"native.hitab_agg_type=['argmax', 'opposite']",1,1.0,1.0,0.0,-0.017676767676767676,0.017676767676767676,0.0,0.0,1.0
hitab,Qwen/Qwen2.5-7B-Instruct,ctx.stats,ctx,native.hitab_agg_type=['argmax'],54,0.6111111111111112,0.5555555555555556,-0.05555555555555555,-0.017676767676767676,-0.03787878787878787,0.018518518518518517,0.07407407407407407,0.9074074074074074
hitab,Qwen/Qwen2.5-7B-Instruct,ctx.stats,ctx,native.hitab_agg_type=['argmin'],19,0.5789473684210527,0.42105263157894735,-0.15789473684210525,-0.017676767676767676,-0.14021796916533757,0.05263157894736842,0.21052631578947367,0.7368421052631579
hitab,Qwen/Qwen2.5-7B-Instruct,ctx.stats,ctx,"native.hitab_agg_type=['average', 'greater_than']",1,1.0,0.0,-1.0,-0.017676767676767676,-0.9823232323232324,0.0,1.0,0.0
hitab,Qwen/Qwen2.5-7B-Instruct,ctx.stats,ctx,native.hitab_agg_type=['average'],1,0.0,0.0,0.0,-0.017676767676767676,0.017676767676767676,0.0,0.0,1.0
hitab,Qwen/Qwen2.5-7B-Instruct,ctx.stats,ctx,native.hitab_agg_type=['counta'],3,1.0,0.6666666666666666,-0.3333333333333333,-0.017676767676767676,-0.31565656565656564,0.0,0.3333333333333333,0.6666666666666666
hitab,Qwen/Qwen2.5-7B-Instruct,ctx.stats,ctx,"native.hitab_agg_type=['diff', 'div']",7,0.0,0.0,0.0,-0.017676767676767676,0.017676767676767676,0.0,0.0,1.0
hitab,Qwen/Qwen2.5-7B-Instruct,ctx.stats,ctx,"native.hitab_agg_type=['diff', 'opposite', 'div']",2,0.0,0.0,0.0,-0.017676767676767676,0.017676767676767676,0.0,0.0,1.0
hitab,Qwen/Qwen2.5-7B-Instruct,ctx.stats,ctx,"native.hitab_agg_type=['diff', 'opposite']",1,1.0,1.0,0.0,-0.017676767676767676,0.017676767676767676,0.0,0.0,1.0
hitab,Qwen/Qwen2.5-7B-Instruct,ctx.stats,ctx,"native.hitab_agg_type=['diff', 'pair-argmax']",1,1.0,1.0,0.0,-0.017676767676767676,0.017676767676767676,0.0,0.0,1.0
hitab,Qwen/Qwen2.5-7B-Instruct,ctx.stats,ctx,native.hitab_agg_type=['diff'],45,0.4,0.4444444444444444,0.044444444444444446,-0.017676767676767676,0.06212121212121212,0.1111111111111111,0.06666666666666667,0.8222222222222222
hitab,Qwen/Qwen2.5-7B-Instruct,ctx.stats,ctx,native.hitab_agg_type=['div'],76,0.09210526315789473,0.09210526315789473,0.0,-0.017676767676767676,0.017676767676767676,0.02631578947368421,0.02631578947368421,0.9473684210526315
hitab,Qwen/Qwen2.5-7B-Instruct,ctx.stats,ctx,native.hitab_agg_type=['greater_than'],7,0.7142857142857143,0.7142857142857143,0.0,-0.017676767676767676,0.017676767676767676,0.2857142857142857,0.2857142857142857,0.42857142857142855
hitab,Qwen/Qwen2.5-7B-Instruct,ctx.stats,ctx,native.hitab_agg_type=['kth-argmax'],5,0.2,0.2,0.0,-0.017676767676767676,0.017676767676767676,0.0,0.0,1.0
hitab,Qwen/Qwen2.5-7B-Instruct,ctx.stats,ctx,native.hitab_agg_type=['less_than'],6,0.6666666666666666,0.6666666666666666,0.0,-0.017676767676767676,0.017676767676767676,0.0,0.0,1.0
hitab,Qwen/Qwen2.5-7B-Instruct,ctx.stats,ctx,native.hitab_agg_type=['max'],16,0.5625,0.5625,0.0,-0.017676767676767676,0.017676767676767676,0.0,0.0,1.0
hitab,Qwen/Qwen2.5-7B-Instruct,ctx.stats,ctx,native.hitab_agg_type=['min'],6,0.6666666666666666,0.6666666666666666,0.0,-0.017676767676767676,0.017676767676767676,0.16666666666666666,0.16666666666666666,0.6666666666666666
hitab,Qwen/Qwen2.5-7B-Instruct,ctx.stats,ctx,native.hitab_agg_type=['none'],1133,0.6646072374227714,0.646954986760812,-0.0176522506619594,-0.017676767676767676,2.451701480827781e-05,0.09885260370697264,0.11650485436893204,0.7846425419240953
hitab,Qwen/Qwen2.5-7B-Instruct,ctx.stats,ctx,"native.hitab_agg_type=['opposite', 'pair-argmax']",1,1.0,1.0,0.0,-0.017676767676767676,0.017676767676767676,0.0,0.0,1.0
hitab,Qwen/Qwen2.5-7B-Instruct,ctx.stats,ctx,native.hitab_agg_type=['opposite'],49,0.08163265306122448,0.08163265306122448,0.0,-0.017676767676767676,0.017676767676767676,0.04081632653061224,0.04081632653061224,0.9183673469387755
hitab,Qwen/Qwen2.5-7B-Instruct,ctx.stats,ctx,native.hitab_agg_type=['pair-argmax'],93,0.5591397849462365,0.5268817204301075,-0.03225806451612903,-0.017676767676767676,-0.014581296839361355,0.043010752688172046,0.07526881720430108,0.8817204301075269
hitab,Qwen/Qwen2.5-7B-Instruct,ctx.stats,ctx,native.hitab_agg_type=['pair-argmin'],21,0.6666666666666666,0.6190476190476191,-0.047619047619047616,-0.017676767676767676,-0.02994227994227994,0.047619047619047616,0.09523809523809523,0.8571428571428571
hitab,Qwen/Qwen2.5-7B-Instruct,ctx.stats,ctx,native.hitab_agg_type=['range'],3,0.0,0.3333333333333333,0.3333333333333333,-0.017676767676767676,0.351010101010101,0.3333333333333333,0.0,0.6666666666666666
hitab,Qwen/Qwen2.5-7B-Instruct,ctx.stats,ctx,native.hitab_agg_type=['sum'],22,0.22727272727272727,0.13636363636363635,-0.09090909090909091,-0.017676767676767676,-0.07323232323232323,0.045454545454545456,0.13636363636363635,0.8181818181818182
hitab,Qwen/Qwen2.5-7B-Instruct,ctx.stats,ctx,native.hitab_agg_type=['topk-argmax'],10,0.0,0.3,0.3,-0.017676767676767676,0.31767676767676767,0.3,0.0,0.7
hitab,Qwen/Qwen2.5-7B-Instruct,ctx.stats,ctx,native.hitab_source_family=nsf,97,0.4020618556701031,0.4329896907216495,0.030927835051546393,-0.017676767676767676,0.04860460272831407,0.09278350515463918,0.061855670103092786,0.845360824742268
hitab,Qwen/Qwen2.5-7B-Instruct,ctx.stats,ctx,native.hitab_source_family=statcan,1189,0.5685449957947856,0.5475189234650967,-0.021026072329688814,-0.017676767676767676,-0.003349304652921138,0.08662741799831791,0.10765349032800672,0.8057190916736754
hitab,Qwen/Qwen2.5-7B-Instruct,ctx.stats,ctx,native.hitab_source_family=totto,298,0.714765100671141,0.6946308724832215,-0.020134228187919462,-0.017676767676767676,-0.0024574605111517857,0.08053691275167785,0.10067114093959731,0.8187919463087249
hitab,Qwen/Qwen2.5-7B-Instruct,ctx.stats,ctx,schema.has_date_col,322,0.6832298136645962,0.6645962732919255,-0.018633540372670808,-0.017676767676767676,-0.0009567726959031318,0.07763975155279502,0.09627329192546584,0.8260869565217391
hitab,Qwen/Qwen2.5-7B-Instruct,ctx.stats,ctx,schema.has_rank_col,12,0.4166666666666667,0.5833333333333334,0.16666666666666666,-0.017676767676767676,0.18434343434343434,0.4166666666666667,0.25,0.3333333333333333
hitab,Qwen/Qwen2.5-7B-Instruct,ctx.stats,ctx,schema.has_score_col,64,0.46875,0.375,-0.09375,-0.017676767676767676,-0.07607323232323232,0.046875,0.140625,0.8125
hitab,Qwen/Qwen2.5-7B-Instruct,ctx.stats,ctx,schema.has_unit_col,295,0.5627118644067797,0.5491525423728814,-0.013559322033898305,-0.017676767676767676,0.004117445642869371,0.1016949152542373,0.1152542372881356,0.7830508474576271
hitab,Qwen/Qwen2.5-7B-Instruct,ctx.stats,ctx,schema.header_repetition_marker,1134,0.5961199294532628,0.591710758377425,-0.004409171075837742,-0.017676767676767676,0.013267596600929934,0.09523809523809523,0.09964726631393298,0.8051146384479718
hitab,Qwen/Qwen2.5-7B-Instruct,ctx.stats,ctx,table.cols_bin=0_3,107,0.7102803738317757,0.6448598130841121,-0.06542056074766354,-0.017676767676767676,-0.047743793070895865,0.037383177570093455,0.102803738317757,0.8598130841121495
hitab,Qwen/Qwen2.5-7B-Instruct,ctx.stats,ctx,table.cols_bin=4_6,450,0.5933333333333334,0.5466666666666666,-0.04666666666666667,-0.017676767676767676,-0.028989898989898993,0.06888888888888889,0.11555555555555555,0.8155555555555556
hitab,Qwen/Qwen2.5-7B-Instruct,ctx.stats,ctx,table.cols_bin=7_10,615,0.5349593495934959,0.5495934959349593,0.014634146341463415,-0.017676767676767676,0.03231091401823109,0.1040650406504065,0.08943089430894309,0.8065040650406504
hitab,Qwen/Qwen2.5-7B-Instruct,ctx.stats,ctx,table.cols_bin=gt_10,412,0.6213592233009708,0.5995145631067961,-0.021844660194174758,-0.017676767676767676,-0.004167892517407082,0.08980582524271845,0.11165048543689321,0.7985436893203883
hitab,Qwen/Qwen2.5-7B-Instruct,ctx.stats,ctx,table.numeric_cols_bin=0,13,0.6153846153846154,0.46153846153846156,-0.15384615384615385,-0.017676767676767676,-0.13616938616938618,0.0,0.15384615384615385,0.8461538461538461
hitab,Qwen/Qwen2.5-7B-Instruct,ctx.stats,ctx,table.numeric_cols_bin=1,45,0.5777777777777777,0.6,0.022222222222222223,-0.017676767676767676,0.0398989898989899,0.1111111111111111,0.08888888888888889,0.8
hitab,Qwen/Qwen2.5-7B-Instruct,ctx.stats,ctx,table.numeric_cols_bin=2_3,296,0.6722972972972973,0.5912162162162162,-0.08108108108108109,-0.017676767676767676,-0.0634043134043134,0.04391891891891892,0.125,0.831081081081081
hitab,Qwen/Qwen2.5-7B-Instruct,ctx.stats,ctx,table.numeric_cols_bin=ge_4,1230,0.5650406504065041,0.5626016260162602,-0.0024390243902439024,-0.017676767676767676,0.015237743286523773,0.0959349593495935,0.0983739837398374,0.8056910569105691
hitab,Qwen/Qwen2.5-7B-Instruct,ctx.stats,ctx,table.numeric_density_bin=high,1442,0.5832177531206657,0.5693481276005548,-0.013869625520110958,-0.017676767676767676,0.0038071421566567183,0.08807212205270458,0.10194174757281553,0.8099861303744799
hitab,Qwen/Qwen2.5-7B-Instruct,ctx.stats,ctx,table.numeric_density_bin=low,40,0.6,0.6,0.0,-0.017676767676767676,0.017676767676767676,0.125,0.125,0.75
hitab,Qwen/Qwen2.5-7B-Instruct,ctx.stats,ctx,table.numeric_density_bin=mid,89,0.6179775280898876,0.550561797752809,-0.06741573033707865,-0.017676767676767676,-0.04973896266031097,0.0449438202247191,0.11235955056179775,0.8426966292134831
hitab,Qwen/Qwen2.5-7B-Instruct,ctx.stats,ctx,table.numeric_density_bin=none,13,0.6153846153846154,0.46153846153846156,-0.15384615384615385,-0.017676767676767676,-0.13616938616938618,0.0,0.15384615384615385,0.8461538461538461
hitab,Qwen/Qwen2.5-7B-Instruct,ctx.stats,ctx,table.rows_bin=0_5,70,0.6142857142857143,0.5428571428571428,-0.07142857142857142,-0.017676767676767676,-0.053751803751803745,0.08571428571428572,0.15714285714285714,0.7571428571428571
hitab,Qwen/Qwen2.5-7B-Instruct,ctx.stats,ctx,table.rows_bin=11_25,606,0.6039603960396039,0.6006600660066007,-0.0033003300330033004,-0.017676767676767676,0.014376437643764376,0.08250825082508251,0.0858085808580858,0.8316831683168316
hitab,Qwen/Qwen2.5-7B-Instruct,ctx.stats,ctx,table.rows_bin=26_50,431,0.5522041763341067,0.5197215777262181,-0.03248259860788863,-0.017676767676767676,-0.014805830931120954,0.08352668213457076,0.11600928074245939,0.8004640371229699
hitab,Qwen/Qwen2.5-7B-Instruct,ctx.stats,ctx,table.rows_bin=6_10,374,0.5935828877005348,0.5775401069518716,-0.016042780748663103,-0.017676767676767676,0.0016339869281045728,0.08288770053475936,0.09893048128342247,0.8181818181818182
hitab,Qwen/Qwen2.5-7B-Instruct,ctx.stats,ctx,table.rows_bin=gt_50,103,0.5728155339805825,0.5631067961165048,-0.009708737864077669,-0.017676767676767676,0.007968029812690007,0.1262135922330097,0.13592233009708737,0.7378640776699029
hitab,Qwen/Qwen2.5-7B-Instruct,ctx.stats,ctx,table.shape=balanced,841,0.5707491082045184,0.5552913198573127,-0.015457788347205707,-0.017676767676767676,0.002218979329561969,0.09036860879904875,0.10582639714625446,0.8038049940546967
hitab,Qwen/Qwen2.5-7B-Instruct,ctx.stats,ctx,table.shape=tall,81,0.5802469135802469,0.49382716049382713,-0.08641975308641975,-0.017676767676767676,-0.06874298540965207,0.024691358024691357,0.1111111111111111,0.8641975308641975
hitab,Qwen/Qwen2.5-7B-Instruct,ctx.stats,ctx,table.shape=wide,662,0.6057401812688822,0.5936555891238671,-0.012084592145015106,-0.017676767676767676,0.00559217553175257,0.08761329305135952,0.09969788519637462,0.8126888217522659
hitab,Qwen/Qwen2.5-7B-Instruct,ctx.stats,ctx,text.has_number,921,0.5971769815418024,0.5667752442996743,-0.03040173724212812,-0.017676767676767676,-0.012724969565360445,0.06514657980456026,0.09554831704668838,0.8393051031487514
hitab,Qwen/Qwen2.5-7B-Instruct,ctx.stats,ctx,text.has_ordinal,77,0.45454545454545453,0.5064935064935064,0.05194805194805195,-0.017676767676767676,0.06962481962481963,0.14285714285714285,0.09090909090909091,0.7662337662337663
hitab,Qwen/Qwen2.5-7B-Instruct,ctx.stats,ctx,text.has_quoted_span,16,0.8125,0.75,-0.0625,-0.017676767676767676,-0.04482323232323232,0.0,0.0625,0.9375
hitab,Qwen/Qwen2.5-7B-Instruct,ctx.stats,ctx,text.has_year,745,0.6080536912751678,0.5677852348993289,-0.040268456375838924,-0.017676767676767676,-0.022591688699071247,0.06174496644295302,0.10201342281879194,0.836241610738255
hitab,Qwen/Qwen2.5-7B-Instruct,ctx.type,ctx,cell.has_comma_number,636,0.559748427672956,0.5676100628930818,0.007861635220125786,0.0025252525252525255,0.00533638269487326,0.05345911949685535,0.04559748427672956,0.9009433962264151
hitab,Qwen/Qwen2.5-7B-Instruct,ctx.type,ctx,cell.has_currency,87,0.6551724137931034,0.6091954022988506,-0.04597701149425287,0.0025252525252525255,-0.0485022640195054,0.011494252873563218,0.05747126436781609,0.9310344827586207
hitab,Qwen/Qwen2.5-7B-Instruct,ctx.type,ctx,cell.has_date_like,896,0.5970982142857143,0.5892857142857143,-0.0078125,0.0025252525252525255,-0.010337752525252526,0.04799107142857143,0.05580357142857143,0.8962053571428571
hitab,Qwen/Qwen2.5-7B-Instruct,ctx.type,ctx,cell.has_numeric_range,423,0.5933806146572104,0.5815602836879432,-0.01182033096926714,0.0025252525252525255,-0.014345583494519665,0.037825059101654845,0.04964539007092199,0.9125295508274232
hitab,Qwen/Qwen2.5-7B-Instruct,ctx.type,ctx,cell.has_percent,154,0.538961038961039,0.5454545454545454,0.006493506493506494,0.0025252525252525255,0.003968253968253968,0.05194805194805195,0.045454545454545456,0.9025974025974026
hitab,Qwen/Qwen2.5-7B-Instruct,ctx.type,ctx,cell.has_score_surface,55,0.4727272727272727,0.43636363636363634,-0.03636363636363636,0.0025252525252525255,-0.03888888888888889,0.03636363636363636,0.07272727272727272,0.8909090909090909
hitab,Qwen/Qwen2.5-7B-Instruct,ctx.type,ctx,cell.missing_value_marker,1514,0.5924702774108322,0.5964332892998679,0.003963011889035667,0.0025252525252525255,0.0014377593637831415,0.05217965653896962,0.04821664464993395,0.8996036988110965
hitab,Qwen/Qwen2.5-7B-Instruct,ctx.type,ctx,grounding.cell_overlap,1516,0.5883905013192612,0.5936675461741425,0.005277044854881266,0.0025252525252525255,0.002751792329628741,0.05343007915567282,0.048153034300791556,0.8984168865435356
hitab,Qwen/Qwen2.5-7B-Instruct,ctx.type,ctx,grounding.header_overlap,1204,0.5996677740863787,0.5980066445182725,-0.0016611295681063123,0.0025252525252525255,-0.004186382093358838,0.05232558139534884,0.05398671096345515,0.893687707641196
hitab,Qwen/Qwen2.5-7B-Instruct,ctx.type,ctx,intent.aggregate_noncount,161,0.577639751552795,0.546583850931677,-0.031055900621118012,0.0025252525252525255,-0.033581153146370536,0.037267080745341616,0.06832298136645963,0.8944099378881988
hitab,Qwen/Qwen2.5-7B-Instruct,ctx.type,ctx,intent.arithmetic,598,0.5869565217391305,0.5919732441471572,0.005016722408026756,0.0025252525252525255,0.0024914698827742305,0.051839464882943144,0.046822742474916385,0.9013377926421404
hitab,Qwen/Qwen2.5-7B-Instruct,ctx.type,ctx,intent.comparison,56,0.4107142857142857,0.4107142857142857,0.0,0.0025252525252525255,-0.0025252525252525255,0.03571428571428571,0.03571428571428571,0.9285714285714286
hitab,Qwen/Qwen2.5-7B-Instruct,ctx.type,ctx,intent.count,473,0.5560253699788583,0.5581395348837209,0.0021141649048625794,0.0025252525252525255,-0.0004110876203899461,0.052854122621564484,0.0507399577167019,0.8964059196617337
hitab,Qwen/Qwen2.5-7B-Instruct,ctx.type,ctx,intent.negation_marker,91,0.5384615384615384,0.5274725274725275,-0.01098901098901099,0.0025252525252525255,-0.013514263514263516,0.07692307692307693,0.08791208791208792,0.8351648351648352
hitab,Qwen/Qwen2.5-7B-Instruct,ctx.type,ctx,intent.superlative_rank,205,0.5560975609756098,0.5560975609756098,0.0,0.0025252525252525255,-0.0025252525252525255,0.04878048780487805,0.04878048780487805,0.9024390243902439
hitab,Qwen/Qwen2.5-7B-Instruct,ctx.type,ctx,intent.temporal,859,0.5972060535506403,0.5983701979045402,0.0011641443538998836,0.0025252525252525255,-0.001361108171352642,0.048894062863795114,0.047729918509895226,0.9033760186263097
hitab,Qwen/Qwen2.5-7B-Instruct,ctx.type,ctx,"native.hitab_agg_type=['argmax', 'average']",1,0.0,0.0,0.0,0.0025252525252525255,-0.0025252525252525255,0.0,0.0,1.0
hitab,Qwen/Qwen2.5-7B-Instruct,ctx.type,ctx,"native.hitab_agg_type=['argmax', 'opposite']",1,1.0,1.0,0.0,0.0025252525252525255,-0.0025252525252525255,0.0,0.0,1.0
hitab,Qwen/Qwen2.5-7B-Instruct,ctx.type,ctx,native.hitab_agg_type=['argmax'],54,0.6111111111111112,0.5740740740740741,-0.037037037037037035,0.0025252525252525255,-0.03956228956228956,0.018518518518518517,0.05555555555555555,0.9259259259259259
hitab,Qwen/Qwen2.5-7B-Instruct,ctx.type,ctx,native.hitab_agg_type=['argmin'],19,0.5789473684210527,0.5789473684210527,0.0,0.0025252525252525255,-0.0025252525252525255,0.10526315789473684,0.10526315789473684,0.7894736842105263
hitab,Qwen/Qwen2.5-7B-Instruct,ctx.type,ctx,"native.hitab_agg_type=['average', 'greater_than']",1,1.0,1.0,0.0,0.0025252525252525255,-0.0025252525252525255,0.0,0.0,1.0
hitab,Qwen/Qwen2.5-7B-Instruct,ctx.type,ctx,native.hitab_agg_type=['average'],1,0.0,0.0,0.0,0.0025252525252525255,-0.0025252525252525255,0.0,0.0,1.0
hitab,Qwen/Qwen2.5-7B-Instruct,ctx.type,ctx,native.hitab_agg_type=['counta'],3,1.0,0.6666666666666666,-0.3333333333333333,0.0025252525252525255,-0.33585858585858586,0.0,0.3333333333333333,0.6666666666666666
hitab,Qwen/Qwen2.5-7B-Instruct,ctx.type,ctx,"native.hitab_agg_type=['diff', 'div']",7,0.0,0.0,0.0,0.0025252525252525255,-0.0025252525252525255,0.0,0.0,1.0
hitab,Qwen/Qwen2.5-7B-Instruct,ctx.type,ctx,"native.hitab_agg_type=['diff', 'opposite', 'div']",2,0.0,0.0,0.0,0.0025252525252525255,-0.0025252525252525255,0.0,0.0,1.0
hitab,Qwen/Qwen2.5-7B-Instruct,ctx.type,ctx,"native.hitab_agg_type=['diff', 'opposite']",1,1.0,1.0,0.0,0.0025252525252525255,-0.0025252525252525255,0.0,0.0,1.0
hitab,Qwen/Qwen2.5-7B-Instruct,ctx.type,ctx,"native.hitab_agg_type=['diff', 'pair-argmax']",1,1.0,1.0,0.0,0.0025252525252525255,-0.0025252525252525255,0.0,0.0,1.0
hitab,Qwen/Qwen2.5-7B-Instruct,ctx.type,ctx,native.hitab_agg_type=['diff'],45,0.4,0.4222222222222222,0.022222222222222223,0.0025252525252525255,0.0196969696969697,0.06666666666666667,0.044444444444444446,0.8888888888888888
hitab,Qwen/Qwen2.5-7B-Instruct,ctx.type,ctx,native.hitab_agg_type=['div'],76,0.09210526315789473,0.10526315789473684,0.013157894736842105,0.0025252525252525255,0.010632642211589579,0.039473684210526314,0.02631578947368421,0.9342105263157895
hitab,Qwen/Qwen2.5-7B-Instruct,ctx.type,ctx,native.hitab_agg_type=['greater_than'],7,0.7142857142857143,0.8571428571428571,0.14285714285714285,0.0025252525252525255,0.14033189033189034,0.2857142857142857,0.14285714285714285,0.5714285714285714
hitab,Qwen/Qwen2.5-7B-Instruct,ctx.type,ctx,native.hitab_agg_type=['kth-argmax'],5,0.2,0.4,0.2,0.0025252525252525255,0.1974747474747475,0.2,0.0,0.8
hitab,Qwen/Qwen2.5-7B-Instruct,ctx.type,ctx,native.hitab_agg_type=['less_than'],6,0.6666666666666666,0.5,-0.16666666666666666,0.0025252525252525255,-0.16919191919191917,0.0,0.16666666666666666,0.8333333333333334
hitab,Qwen/Qwen2.5-7B-Instruct,ctx.type,ctx,native.hitab_agg_type=['max'],16,0.5625,0.5625,0.0,0.0025252525252525255,-0.0025252525252525255,0.0,0.0,1.0
hitab,Qwen/Qwen2.5-7B-Instruct,ctx.type,ctx,native.hitab_agg_type=['min'],6,0.6666666666666666,0.6666666666666666,0.0,0.0025252525252525255,-0.0025252525252525255,0.0,0.0,1.0
hitab,Qwen/Qwen2.5-7B-Instruct,ctx.type,ctx,native.hitab_agg_type=['none'],1133,0.6646072374227714,0.6663724624889673,0.00176522506619594,0.0025252525252525255,-0.0007600274590565854,0.05560458958517211,0.05383936451897617,0.8905560458958517
hitab,Qwen/Qwen2.5-7B-Instruct,ctx.type,ctx,"native.hitab_agg_type=['opposite', 'pair-argmax']",1,1.0,1.0,0.0,0.0025252525252525255,-0.0025252525252525255,0.0,0.0,1.0
hitab,Qwen/Qwen2.5-7B-Instruct,ctx.type,ctx,native.hitab_agg_type=['opposite'],49,0.08163265306122448,0.061224489795918366,-0.02040816326530612,0.0025252525252525255,-0.022933415790558645,0.0,0.02040816326530612,0.9795918367346939
hitab,Qwen/Qwen2.5-7B-Instruct,ctx.type,ctx,native.hitab_agg_type=['pair-argmax'],93,0.5591397849462365,0.5913978494623656,0.03225806451612903,0.0025252525252525255,0.029732811990876507,0.053763440860215055,0.021505376344086023,0.9247311827956989
hitab,Qwen/Qwen2.5-7B-Instruct,ctx.type,ctx,native.hitab_agg_type=['pair-argmin'],21,0.6666666666666666,0.7142857142857143,0.047619047619047616,0.0025252525252525255,0.04509379509379509,0.047619047619047616,0.0,0.9523809523809523
hitab,Qwen/Qwen2.5-7B-Instruct,ctx.type,ctx,native.hitab_agg_type=['range'],3,0.0,0.0,0.0,0.0025252525252525255,-0.0025252525252525255,0.0,0.0,1.0
hitab,Qwen/Qwen2.5-7B-Instruct,ctx.type,ctx,native.hitab_agg_type=['sum'],22,0.22727272727272727,0.18181818181818182,-0.045454545454545456,0.0025252525252525255,-0.04797979797979798,0.045454545454545456,0.09090909090909091,0.8636363636363636
hitab,Qwen/Qwen2.5-7B-Instruct,ctx.type,ctx,native.hitab_agg_type=['topk-argmax'],10,0.0,0.0,0.0,0.0025252525252525255,-0.0025252525252525255,0.0,0.0,1.0
hitab,Qwen/Qwen2.5-7B-Instruct,ctx.type,ctx,native.hitab_source_family=nsf,97,0.4020618556701031,0.38144329896907214,-0.020618556701030927,0.0025252525252525255,-0.02314380922628345,0.05154639175257732,0.07216494845360824,0.8762886597938144
hitab,Qwen/Qwen2.5-7B-Instruct,ctx.type,ctx,native.hitab_source_family=statcan,1189,0.5685449957947856,0.5735912531539108,0.005046257359125316,0.0025252525252525255,0.00252100483387279,0.05214465937762826,0.04709840201850295,0.9007569386038689
hitab,Qwen/Qwen2.5-7B-Instruct,ctx.type,ctx,native.hitab_source_family=totto,298,0.714765100671141,0.714765100671141,0.0,0.0025252525252525255,-0.0025252525252525255,0.050335570469798654,0.050335570469798654,0.8993288590604027
hitab,Qwen/Qwen2.5-7B-Instruct,ctx.type,ctx,schema.has_date_col,322,0.6832298136645962,0.6739130434782609,-0.009316770186335404,0.0025252525252525255,-0.01184202271158793,0.040372670807453416,0.049689440993788817,0.9099378881987578
hitab,Qwen/Qwen2.5-7B-Instruct,ctx.type,ctx,schema.has_rank_col,12,0.4166666666666667,0.25,-0.16666666666666666,0.0025252525252525255,-0.16919191919191917,0.0,0.16666666666666666,0.8333333333333334
hitab,Qwen/Qwen2.5-7B-Instruct,ctx.type,ctx,schema.has_score_col,64,0.46875,0.46875,0.0,0.0025252525252525255,-0.0025252525252525255,0.0625,0.0625,0.875
hitab,Qwen/Qwen2.5-7B-Instruct,ctx.type,ctx,schema.has_unit_col,295,0.5627118644067797,0.559322033898305,-0.003389830508474576,0.0025252525252525255,-0.005915083033727102,0.04745762711864407,0.05084745762711865,0.9016949152542373
hitab,Qwen/Qwen2.5-7B-Instruct,ctx.type,ctx,schema.header_repetition_marker,1134,0.5961199294532628,0.6084656084656085,0.012345679012345678,0.0025252525252525255,0.009820426487093152,0.05731922398589065,0.04497354497354497,0.8977072310405644
hitab,Qwen/Qwen2.5-7B-Instruct,ctx.type,ctx,table.cols_bin=0_3,107,0.7102803738317757,0.6728971962616822,-0.037383177570093455,0.0025252525252525255,-0.03990843009534598,0.037383177570093455,0.07476635514018691,0.8878504672897196
hitab,Qwen/Qwen2.5-7B-Instruct,ctx.type,ctx,table.cols_bin=4_6,450,0.5933333333333334,0.6,0.006666666666666667,0.0025252525252525255,0.004141414141414142,0.044444444444444446,0.03777777777777778,0.9177777777777778
hitab,Qwen/Qwen2.5-7B-Instruct,ctx.type,ctx,table.cols_bin=7_10,615,0.5349593495934959,0.5560975609756098,0.02113821138211382,0.0025252525252525255,0.018612958856861296,0.06341463414634146,0.04227642276422764,0.8943089430894309
hitab,Qwen/Qwen2.5-7B-Instruct,ctx.type,ctx,table.cols_bin=gt_10,412,0.6213592233009708,0.6019417475728155,-0.019417475728155338,0.0025252525252525255,-0.021942728253407862,0.04611650485436893,0.06553398058252427,0.8883495145631068
hitab,Qwen/Qwen2.5-7B-Instruct,ctx.type,ctx,table.numeric_cols_bin=0,13,0.6153846153846154,0.5384615384615384,-0.07692307692307693,0.0025252525252525255,-0.07944832944832945,0.0,0.07692307692307693,0.9230769230769231
hitab,Qwen/Qwen2.5-7B-Instruct,ctx.type,ctx,table.numeric_cols_bin=1,45,0.5777777777777777,0.5777777777777777,0.0,0.0025252525252525255,-0.0025252525252525255,0.044444444444444446,0.044444444444444446,0.9111111111111111
hitab,Qwen/Qwen2.5-7B-Instruct,ctx.type,ctx,table.numeric_cols_bin=2_3,296,0.6722972972972973,0.6486486486486487,-0.02364864864864865,0.0025252525252525255,-0.026173901173901174,0.030405405405405407,0.05405405405405406,0.9155405405405406
hitab,Qwen/Qwen2.5-7B-Instruct,ctx.type,ctx,table.numeric_cols_bin=ge_4,1230,0.5650406504065041,0.5747967479674797,0.00975609756097561,0.0025252525252525255,0.007230845035723084,0.05772357723577236,0.04796747967479675,0.8943089430894309
hitab,Qwen/Qwen2.5-7B-Instruct,ctx.type,ctx,table.numeric_density_bin=high,1442,0.5832177531206657,0.587378640776699,0.004160887656033287,0.0025252525252525255,0.0016356351307807615,0.052704576976421634,0.04854368932038835,0.8987517337031901
hitab,Qwen/Qwen2.5-7B-Instruct,ctx.type,ctx,table.numeric_density_bin=low,40,0.6,0.6,0.0,0.0025252525252525255,-0.0025252525252525255,0.025,0.025,0.95
hitab,Qwen/Qwen2.5-7B-Instruct,ctx.type,ctx,table.numeric_density_bin=mid,89,0.6179775280898876,0.6067415730337079,-0.011235955056179775,0.0025252525252525255,-0.013761207581432301,0.056179775280898875,0.06741573033707865,0.8764044943820225
hitab,Qwen/Qwen2.5-7B-Instruct,ctx.type,ctx,table.numeric_density_bin=none,13,0.6153846153846154,0.5384615384615384,-0.07692307692307693,0.0025252525252525255,-0.07944832944832945,0.0,0.07692307692307693,0.9230769230769231
hitab,Qwen/Qwen2.5-7B-Instruct,ctx.type,ctx,table.rows_bin=0_5,70,0.6142857142857143,0.5571428571428572,-0.05714285714285714,0.0025252525252525255,-0.05966810966810967,0.0,0.05714285714285714,0.9428571428571428
hitab,Qwen/Qwen2.5-7B-Instruct,ctx.type,ctx,table.rows_bin=11_25,606,0.6039603960396039,0.6171617161716172,0.013201320132013201,0.0025252525252525255,0.010676067606760676,0.0594059405940594,0.0462046204620462,0.8943894389438944
hitab,Qwen/Qwen2.5-7B-Instruct,ctx.type,ctx,table.rows_bin=26_50,431,0.5522041763341067,0.531322505800464,-0.02088167053364269,0.0025252525252525255,-0.023406923058895215,0.03944315545243619,0.060324825986078884,0.9002320185614849
hitab,Qwen/Qwen2.5-7B-Instruct,ctx.type,ctx,table.rows_bin=6_10,374,0.5935828877005348,0.6229946524064172,0.029411764705882353,0.0025252525252525255,0.02688651218062983,0.06417112299465241,0.034759358288770054,0.9010695187165776
hitab,Qwen/Qwen2.5-7B-Instruct,ctx.type,ctx,table.rows_bin=gt_50,103,0.5728155339805825,0.5533980582524272,-0.019417475728155338,0.0025252525252525255,-0.021942728253407862,0.04854368932038835,0.06796116504854369,0.883495145631068
hitab,Qwen/Qwen2.5-7B-Instruct,ctx.type,ctx,table.shape=balanced,841,0.5707491082045184,0.5707491082045184,0.0,0.0025252525252525255,-0.0025252525252525255,0.05112960760998811,0.05112960760998811,0.8977407847800237
hitab,Qwen/Qwen2.5-7B-Instruct,ctx.type,ctx,table.shape=tall,81,0.5802469135802469,0.5308641975308642,-0.04938271604938271,0.0025252525252525255,-0.05190796857463524,0.012345679012345678,0.06172839506172839,0.9259259259259259
hitab,Qwen/Qwen2.5-7B-Instruct,ctx.type,ctx,table.shape=wide,662,0.6057401812688822,0.6178247734138973,0.012084592145015106,0.0025252525252525255,0.00955933961976258,0.05740181268882175,0.045317220543806644,0.8972809667673716
hitab,Qwen/Qwen2.5-7B-Instruct,ctx.type,ctx,text.has_number,921,0.5971769815418024,0.6047774158523345,0.00760043431053203,0.0025252525252525255,0.005075181785279504,0.04668838219326819,0.03908794788273615,0.9142236699239956
hitab,Qwen/Qwen2.5-7B-Instruct,ctx.type,ctx,text.has_ordinal,77,0.45454545454545453,0.45454545454545453,0.0,0.0025252525252525255,-0.0025252525252525255,0.025974025974025976,0.025974025974025976,0.948051948051948
hitab,Qwen/Qwen2.5-7B-Instruct,ctx.type,ctx,text.has_quoted_span,16,0.8125,0.75,-0.0625,0.0025252525252525255,-0.06502525252525253,0.0,0.0625,0.9375
hitab,Qwen/Qwen2.5-7B-Instruct,ctx.type,ctx,text.has_year,745,0.6080536912751678,0.6093959731543624,0.0013422818791946308,0.0025252525252525255,-0.0011829706460578947,0.042953020134228186,0.04161073825503356,0.9154362416107382
hitab,Qwen/Qwen2.5-7B-Instruct,format.json,format,cell.has_comma_number,636,0.559748427672956,0.4827044025157233,-0.0770440251572327,-0.02904040404040404,-0.04800362111682866,0.06761006289308176,0.14465408805031446,0.7877358490566038
hitab,Qwen/Qwen2.5-7B-Instruct,format.json,format,cell.has_currency,87,0.6551724137931034,0.5862068965517241,-0.06896551724137931,-0.02904040404040404,-0.03992511320097527,0.034482758620689655,0.10344827586206896,0.8620689655172413
hitab,Qwen/Qwen2.5-7B-Instruct,format.json,format,cell.has_date_like,896,0.5970982142857143,0.5502232142857143,-0.046875,-0.02904040404040404,-0.01783459595959596,0.06919642857142858,0.11607142857142858,0.8147321428571429
hitab,Qwen/Qwen2.5-7B-Instruct,format.json,format,cell.has_numeric_range,423,0.5933806146572104,0.5437352245862884,-0.04964539007092199,-0.02904040404040404,-0.020604986030517948,0.06855791962174941,0.1182033096926714,0.8132387706855791
hitab,Qwen/Qwen2.5-7B-Instruct,format.json,format,cell.has_percent,154,0.538961038961039,0.6038961038961039,0.06493506493506493,-0.02904040404040404,0.09397546897546896,0.12987012987012986,0.06493506493506493,0.8051948051948052
hitab,Qwen/Qwen2.5-7B-Instruct,format.json,format,cell.has_score_surface,55,0.4727272727272727,0.4,-0.07272727272727272,-0.02904040404040404,-0.043686868686868684,0.01818181818181818,0.09090909090909091,0.8909090909090909
hitab,Qwen/Qwen2.5-7B-Instruct,format.json,format,cell.missing_value_marker,1514,0.5924702774108322,0.5640686922060766,-0.028401585204755615,-0.02904040404040404,0.0006388188356484248,0.083223249669749,0.11162483487450463,0.8051519154557464
hitab,Qwen/Qwen2.5-7B-Instruct,format.json,format,grounding.cell_overlap,1516,0.5883905013192612,0.5639841688654353,-0.024406332453825858,-0.02904040404040404,0.004634071586578182,0.08113456464379948,0.10554089709762533,0.8133245382585752
hitab,Qwen/Qwen2.5-7B-Instruct,format.json,format,grounding.header_overlap,1204,0.5996677740863787,0.5647840531561462,-0.03488372093023256,-0.02904040404040404,-0.005843316889828518,0.08471760797342193,0.11960132890365449,0.7956810631229236
hitab,Qwen/Qwen2.5-7B-Instruct,format.json,format,intent.aggregate_noncount,161,0.577639751552795,0.5714285714285714,-0.006211180124223602,-0.02904040404040404,0.02282922391618044,0.08695652173913043,0.09316770186335403,0.8198757763975155
hitab,Qwen/Qwen2.5-7B-Instruct,format.json,format,intent.arithmetic,598,0.5869565217391305,0.5986622073578596,0.011705685618729096,-0.02904040404040404,0.040746089659133136,0.08361204013377926,0.07190635451505016,0.8444816053511706
hitab,Qwen/Qwen2.5-7B-Instruct,format.json,format,intent.comparison,56,0.4107142857142857,0.39285714285714285,-0.017857142857142856,-0.02904040404040404,0.011183261183261184,0.05357142857142857,0.07142857142857142,0.875
hitab,Qwen/Qwen2.5-7B-Instruct,format.json,format,intent.count,473,0.5560253699788583,0.48625792811839325,-0.06976744186046512,-0.02904040404040404,-0.040727037820061075,0.06765327695560254,0.13742071881606766,0.7949260042283298
hitab,Qwen/Qwen2.5-7B-Instruct,format.json,format,intent.negation_marker,91,0.5384615384615384,0.5274725274725275,-0.01098901098901099,-0.02904040404040404,0.01805139305139305,0.10989010989010989,0.12087912087912088,0.7692307692307693
hitab,Qwen/Qwen2.5-7B-Instruct,format.json,format,intent.superlative_rank,205,0.5560975609756098,0.5317073170731708,-0.024390243902439025,-0.02904040404040404,0.004650160137965015,0.1073170731707317,0.13170731707317074,0.7609756097560976
hitab,Qwen/Qwen2.5-7B-Instruct,format.json,format,intent.temporal,859,0.5972060535506403,0.5518044237485448,-0.04540162980209546,-0.02904040404040404,-0.01636122576169142,0.07450523864959255,0.119906868451688,0.8055878928987195
hitab,Qwen/Qwen2.5-7B-Instruct,format.json,format,"native.hitab_agg_type=['argmax', 'average']",1,0.0,0.0,0.0,-0.02904040404040404,0.02904040404040404,0.0,0.0,1.0
hitab,Qwen/Qwen2.5-7B-Instruct,format.json,format,"native.hitab_agg_type=['argmax', 'opposite']",1,1.0,1.0,0.0,-0.02904040404040404,0.02904040404040404,0.0,0.0,1.0
hitab,Qwen/Qwen2.5-7B-Instruct,format.json,format,native.hitab_agg_type=['argmax'],54,0.6111111111111112,0.5370370370370371,-0.07407407407407407,-0.02904040404040404,-0.04503367003367003,0.05555555555555555,0.12962962962962962,0.8148148148148148
hitab,Qwen/Qwen2.5-7B-Instruct,format.json,format,native.hitab_agg_type=['argmin'],19,0.5789473684210527,0.3684210526315789,-0.21052631578947367,-0.02904040404040404,-0.18148591174906964,0.10526315789473684,0.3157894736842105,0.5789473684210527
hitab,Qwen/Qwen2.5-7B-Instruct,format.json,format,"native.hitab_agg_type=['average', 'greater_than']",1,1.0,0.0,-1.0,-0.02904040404040404,-0.9709595959595959,0.0,1.0,0.0
hitab,Qwen/Qwen2.5-7B-Instruct,format.json,format,native.hitab_agg_type=['average'],1,0.0,0.0,0.0,-0.02904040404040404,0.02904040404040404,0.0,0.0,1.0
hitab,Qwen/Qwen2.5-7B-Instruct,format.json,format,native.hitab_agg_type=['counta'],3,1.0,0.0,-1.0,-0.02904040404040404,-0.9709595959595959,0.0,1.0,0.0
hitab,Qwen/Qwen2.5-7B-Instruct,format.json,format,"native.hitab_agg_type=['diff', 'div']",7,0.0,0.0,0.0,-0.02904040404040404,0.02904040404040404,0.0,0.0,1.0
hitab,Qwen/Qwen2.5-7B-Instruct,format.json,format,"native.hitab_agg_type=['diff', 'opposite', 'div']",2,0.0,0.0,0.0,-0.02904040404040404,0.02904040404040404,0.0,0.0,1.0
hitab,Qwen/Qwen2.5-7B-Instruct,format.json,format,"native.hitab_agg_type=['diff', 'opposite']",1,1.0,1.0,0.0,-0.02904040404040404,0.02904040404040404,0.0,0.0,1.0
hitab,Qwen/Qwen2.5-7B-Instruct,format.json,format,"native.hitab_agg_type=['diff', 'pair-argmax']",1,1.0,1.0,0.0,-0.02904040404040404,0.02904040404040404,0.0,0.0,1.0
hitab,Qwen/Qwen2.5-7B-Instruct,format.json,format,native.hitab_agg_type=['diff'],45,0.4,0.4222222222222222,0.022222222222222223,-0.02904040404040404,0.05126262626262626,0.1111111111111111,0.08888888888888889,0.8
hitab,Qwen/Qwen2.5-7B-Instruct,format.json,format,native.hitab_agg_type=['div'],76,0.09210526315789473,0.11842105263157894,0.02631578947368421,-0.02904040404040404,0.05535619351408825,0.02631578947368421,0.0,0.9736842105263158
hitab,Qwen/Qwen2.5-7B-Instruct,format.json,format,native.hitab_agg_type=['greater_than'],7,0.7142857142857143,0.7142857142857143,0.0,-0.02904040404040404,0.02904040404040404,0.2857142857142857,0.2857142857142857,0.42857142857142855
hitab,Qwen/Qwen2.5-7B-Instruct,format.json,format,native.hitab_agg_type=['kth-argmax'],5,0.2,0.0,-0.2,-0.02904040404040404,-0.17095959595959598,0.0,0.2,0.8
hitab,Qwen/Qwen2.5-7B-Instruct,format.json,format,native.hitab_agg_type=['less_than'],6,0.6666666666666666,0.8333333333333334,0.16666666666666666,-0.02904040404040404,0.1957070707070707,0.16666666666666666,0.0,0.8333333333333334
hitab,Qwen/Qwen2.5-7B-Instruct,format.json,format,native.hitab_agg_type=['max'],16,0.5625,0.625,0.0625,-0.02904040404040404,0.09154040404040403,0.0625,0.0,0.9375
hitab,Qwen/Qwen2.5-7B-Instruct,format.json,format,native.hitab_agg_type=['min'],6,0.6666666666666666,0.16666666666666666,-0.5,-0.02904040404040404,-0.47095959595959597,0.0,0.5,0.5
hitab,Qwen/Qwen2.5-7B-Instruct,format.json,format,native.hitab_agg_type=['none'],1133,0.6646072374227714,0.6301853486319505,-0.03442188879082083,-0.02904040404040404,-0.00538148475041679,0.08737864077669903,0.12180052956751986,0.7908208296557812
hitab,Qwen/Qwen2.5-7B-Instruct,format.json,format,"native.hitab_agg_type=['opposite', 'pair-argmax']",1,1.0,1.0,0.0,-0.02904040404040404,0.02904040404040404,0.0,0.0,1.0
hitab,Qwen/Qwen2.5-7B-Instruct,format.json,format,native.hitab_agg_type=['opposite'],49,0.08163265306122448,0.061224489795918366,-0.02040816326530612,-0.02904040404040404,0.00863224077509792,0.0,0.02040816326530612,0.9795918367346939
hitab,Qwen/Qwen2.5-7B-Instruct,format.json,format,native.hitab_agg_type=['pair-argmax'],93,0.5591397849462365,0.5483870967741935,-0.010752688172043012,-0.02904040404040404,0.01828771586836103,0.07526881720430108,0.08602150537634409,0.8387096774193549
hitab,Qwen/Qwen2.5-7B-Instruct,format.json,format,native.hitab_agg_type=['pair-argmin'],21,0.6666666666666666,0.6666666666666666,0.0,-0.02904040404040404,0.02904040404040404,0.09523809523809523,0.09523809523809523,0.8095238095238095
hitab,Qwen/Qwen2.5-7B-Instruct,format.json,format,native.hitab_agg_type=['range'],3,0.0,0.3333333333333333,0.3333333333333333,-0.02904040404040404,0.36237373737373735,0.3333333333333333,0.0,0.6666666666666666
hitab,Qwen/Qwen2.5-7B-Instruct,format.json,format,native.hitab_agg_type=['sum'],22,0.22727272727272727,0.36363636363636365,0.13636363636363635,-0.02904040404040404,0.1654040404040404,0.13636363636363635,0.0,0.8636363636363636
hitab,Qwen/Qwen2.5-7B-Instruct,format.json,format,native.hitab_agg_type=['topk-argmax'],10,0.0,0.2,0.2,-0.02904040404040404,0.22904040404040404,0.2,0.0,0.8
hitab,Qwen/Qwen2.5-7B-Instruct,format.json,format,native.hitab_source_family=nsf,97,0.4020618556701031,0.422680412371134,0.020618556701030927,-0.02904040404040404,0.04965896074143497,0.09278350515463918,0.07216494845360824,0.8350515463917526
hitab,Qwen/Qwen2.5-7B-Instruct,format.json,format,native.hitab_source_family=statcan,1189,0.5685449957947856,0.5483599663582843,-0.020185029436501262,-0.02904040404040404,0.008855374603902778,0.08410428931875526,0.10428931875525652,0.8116063919259883
hitab,Qwen/Qwen2.5-7B-Instruct,format.json,format,native.hitab_source_family=totto,298,0.714765100671141,0.6342281879194631,-0.08053691275167785,-0.02904040404040404,-0.05149650871127381,0.07046979865771812,0.15100671140939598,0.7785234899328859
hitab,Qwen/Qwen2.5-7B-Instruct,format.json,format,schema.has_date_col,322,0.6832298136645962,0.6118012422360248,-0.07142857142857142,-0.02904040404040404,-0.042388167388167385,0.07763975155279502,0.14906832298136646,0.7732919254658385
hitab,Qwen/Qwen2.5-7B-Instruct,format.json,format,schema.has_rank_col,12,0.4166666666666667,0.4166666666666667,0.0,-0.02904040404040404,0.02904040404040404,0.16666666666666666,0.16666666666666666,0.6666666666666666
hitab,Qwen/Qwen2.5-7B-Instruct,format.json,format,schema.has_score_col,64,0.46875,0.421875,-0.046875,-0.02904040404040404,-0.01783459595959596,0.03125,0.078125,0.890625
hitab,Qwen/Qwen2.5-7B-Instruct,format.json,format,schema.has_unit_col,295,0.5627118644067797,0.5288135593220339,-0.03389830508474576,-0.02904040404040404,-0.0048579010443417225,0.08813559322033898,0.12203389830508475,0.7898305084745763
hitab,Qwen/Qwen2.5-7B-Instruct,format.json,format,schema.header_repetition_marker,1134,0.5961199294532628,0.5670194003527337,-0.0291005291005291,-0.02904040404040404,-6.012506012505886e-05,0.0837742504409171,0.1128747795414462,0.8033509700176367
hitab,Qwen/Qwen2.5-7B-Instruct,format.json,format,table.cols_bin=0_3,107,0.7102803738317757,0.6635514018691588,-0.04672897196261682,-0.02904040404040404,-0.01768856792221278,0.07476635514018691,0.12149532710280374,0.8037383177570093
hitab,Qwen/Qwen2.5-7B-Instruct,format.json,format,table.cols_bin=4_6,450,0.5933333333333334,0.5533333333333333,-0.04,-0.02904040404040404,-0.01095959595959596,0.07333333333333333,0.11333333333333333,0.8133333333333334
hitab,Qwen/Qwen2.5-7B-Instruct,format.json,format,table.cols_bin=7_10,615,0.5349593495934959,0.5365853658536586,0.0016260162601626016,-0.02904040404040404,0.03066642030056664,0.08780487804878048,0.08617886178861789,0.8260162601626017
hitab,Qwen/Qwen2.5-7B-Instruct,format.json,format,table.cols_bin=gt_10,412,0.6213592233009708,0.5631067961165048,-0.05825242718446602,-0.02904040404040404,-0.02921202314406198,0.08495145631067962,0.14320388349514562,0.7718446601941747
hitab,Qwen/Qwen2.5-7B-Instruct,format.json,format,table.numeric_cols_bin=0,13,0.6153846153846154,0.46153846153846156,-0.15384615384615385,-0.02904040404040404,-0.12480574980574982,0.0,0.15384615384615385,0.8461538461538461
hitab,Qwen/Qwen2.5-7B-Instruct,format.json,format,table.numeric_cols_bin=1,45,0.5777777777777777,0.5333333333333333,-0.044444444444444446,-0.02904040404040404,-0.015404040404040406,0.06666666666666667,0.1111111111111111,0.8222222222222222
hitab,Qwen/Qwen2.5-7B-Instruct,format.json,format,table.numeric_cols_bin=2_3,296,0.6722972972972973,0.6317567567567568,-0.04054054054054054,-0.02904040404040404,-0.011500136500136503,0.0777027027027027,0.11824324324324324,0.8040540540540541
hitab,Qwen/Qwen2.5-7B-Instruct,format.json,format,table.numeric_cols_bin=ge_4,1230,0.5650406504065041,0.540650406504065,-0.024390243902439025,-0.02904040404040404,0.004650160137965015,0.08455284552845528,0.10894308943089431,0.8065040650406504
hitab,Qwen/Qwen2.5-7B-Instruct,format.json,format,table.numeric_density_bin=high,1442,0.5832177531206657,0.5554785020804438,-0.027739251040221916,-0.02904040404040404,0.0013011530001821245,0.08529819694868239,0.1130374479889043,0.8016643550624133
hitab,Qwen/Qwen2.5-7B-Instruct,format.json,format,table.numeric_density_bin=low,40,0.6,0.6,0.0,-0.02904040404040404,0.02904040404040404,0.075,0.075,0.85
hitab,Qwen/Qwen2.5-7B-Instruct,format.json,format,table.numeric_density_bin=mid,89,0.6179775280898876,0.5730337078651685,-0.0449438202247191,-0.02904040404040404,-0.01590341618431506,0.0449438202247191,0.0898876404494382,0.8651685393258427
hitab,Qwen/Qwen2.5-7B-Instruct,format.json,format,table.numeric_density_bin=none,13,0.6153846153846154,0.46153846153846156,-0.15384615384615385,-0.02904040404040404,-0.12480574980574982,0.0,0.15384615384615385,0.8461538461538461
hitab,Qwen/Qwen2.5-7B-Instruct,format.json,format,table.rows_bin=0_5,70,0.6142857142857143,0.5285714285714286,-0.08571428571428572,-0.02904040404040404,-0.056673881673881675,0.07142857142857142,0.15714285714285714,0.7714285714285715
hitab,Qwen/Qwen2.5-7B-Instruct,format.json,format,table.rows_bin=11_25,606,0.6039603960396039,0.5726072607260726,-0.03135313531353135,-0.02904040404040404,-0.002312731273127311,0.07755775577557755,0.10891089108910891,0.8135313531353136
hitab,Qwen/Qwen2.5-7B-Instruct,format.json,format,table.rows_bin=26_50,431,0.5522041763341067,0.5290023201856149,-0.02320185614849188,-0.02904040404040404,0.005838547891912162,0.07888631090487239,0.10208816705336426,0.8190255220417634
hitab,Qwen/Qwen2.5-7B-Instruct,format.json,format,table.rows_bin=6_10,374,0.5935828877005348,0.5909090909090909,-0.00267379679144385,-0.02904040404040404,0.02636660724896019,0.09893048128342247,0.10160427807486631,0.7994652406417112
hitab,Qwen/Qwen2.5-7B-Instruct,format.json,format,table.rows_bin=gt_50,103,0.5728155339805825,0.47572815533980584,-0.0970873786407767,-0.02904040404040404,-0.06804697460037265,0.06796116504854369,0.1650485436893204,0.7669902912621359
hitab,Qwen/Qwen2.5-7B-Instruct,format.json,format,table.shape=balanced,841,0.5707491082045184,0.539833531510107,-0.030915576694411414,-0.02904040404040404,-0.001875172654007374,0.07609988109393578,0.1070154577883472,0.816884661117717
hitab,Qwen/Qwen2.5-7B-Instruct,format.json,format,table.shape=tall,81,0.5802469135802469,0.5185185185185185,-0.06172839506172839,-0.02904040404040404,-0.03268799102132435,0.037037037037037035,0.09876543209876543,0.8641975308641975
hitab,Qwen/Qwen2.5-7B-Instruct,format.json,format,table.shape=wide,662,0.6057401812688822,0.5830815709969789,-0.022658610271903322,-0.02904040404040404,0.006381793768500718,0.09516616314199396,0.11782477341389729,0.7870090634441088
hitab,Qwen/Qwen2.5-7B-Instruct,format.json,format,text.has_number,921,0.5971769815418024,0.5667752442996743,-0.03040173724212812,-0.02904040404040404,-0.0013613332017240812,0.07709011943539631,0.10749185667752444,0.8154180238870793
hitab,Qwen/Qwen2.5-7B-Instruct,format.json,format,text.has_ordinal,77,0.45454545454545453,0.44155844155844154,-0.012987012987012988,-0.02904040404040404,0.016053391053391052,0.09090909090909091,0.1038961038961039,0.8051948051948052
hitab,Qwen/Qwen2.5-7B-Instruct,format.json,format,text.has_quoted_span,16,0.8125,0.875,0.0625,-0.02904040404040404,0.09154040404040403,0.0625,0.0,0.9375
hitab,Qwen/Qwen2.5-7B-Instruct,format.json,format,text.has_year,745,0.6080536912751678,0.5570469798657718,-0.05100671140939597,-0.02904040404040404,-0.02196630736899193,0.06845637583892618,0.11946308724832215,0.8120805369127517
hitab,Qwen/Qwen2.5-7B-Instruct,reason.critique_revise,reason,cell.has_comma_number,636,0.559748427672956,0.5408805031446541,-0.018867924528301886,-0.01452020202020202,-0.004347722508099866,0.05345911949685535,0.07232704402515723,0.8742138364779874
hitab,Qwen/Qwen2.5-7B-Instruct,reason.critique_revise,reason,cell.has_currency,87,0.6551724137931034,0.6091954022988506,-0.04597701149425287,-0.01452020202020202,-0.031456809474050856,0.022988505747126436,0.06896551724137931,0.9080459770114943
hitab,Qwen/Qwen2.5-7B-Instruct,reason.critique_revise,reason,cell.has_date_like,896,0.5970982142857143,0.5803571428571429,-0.016741071428571428,-0.01452020202020202,-0.002220869408369408,0.049107142857142856,0.06584821428571429,0.8850446428571429
hitab,Qwen/Qwen2.5-7B-Instruct,reason.critique_revise,reason,cell.has_numeric_range,423,0.5933806146572104,0.5697399527186762,-0.02364066193853428,-0.01452020202020202,-0.009120459918332258,0.0425531914893617,0.06619385342789598,0.8912529550827423
hitab,Qwen/Qwen2.5-7B-Instruct,reason.critique_revise,reason,cell.has_percent,154,0.538961038961039,0.538961038961039,0.0,-0.01452020202020202,0.01452020202020202,0.07142857142857142,0.07142857142857142,0.8571428571428571
hitab,Qwen/Qwen2.5-7B-Instruct,reason.critique_revise,reason,cell.has_score_surface,55,0.4727272727272727,0.4,-0.07272727272727272,-0.01452020202020202,-0.05820707070707071,0.03636363636363636,0.10909090909090909,0.8545454545454545
hitab,Qwen/Qwen2.5-7B-Instruct,reason.critique_revise,reason,cell.missing_value_marker,1514,0.5924702774108322,0.5792602377807133,-0.013210039630118891,-0.01452020202020202,0.0013101623900831291,0.053500660501981503,0.0667107001321004,0.8797886393659181
hitab,Qwen/Qwen2.5-7B-Instruct,reason.critique_revise,reason,grounding.cell_overlap,1516,0.5883905013192612,0.5745382585751979,-0.013852242744063324,-0.01452020202020202,0.0006679592761386962,0.05343007915567282,0.06728232189973615,0.8792875989445911
hitab,Qwen/Qwen2.5-7B-Instruct,reason.critique_revise,reason,grounding.header_overlap,1204,0.5996677740863787,0.5789036544850499,-0.020764119601328904,-0.01452020202020202,-0.006243917581126884,0.050664451827242524,0.07142857142857142,0.877906976744186
hitab,Qwen/Qwen2.5-7B-Instruct,reason.critique_revise,reason,intent.aggregate_noncount,161,0.577639751552795,0.5527950310559007,-0.024844720496894408,-0.01452020202020202,-0.010324518476692388,0.043478260869565216,0.06832298136645963,0.8881987577639752
hitab,Qwen/Qwen2.5-7B-Instruct,reason.critique_revise,reason,intent.arithmetic,598,0.5869565217391305,0.580267558528428,-0.006688963210702341,-0.01452020202020202,0.00783123880949968,0.06521739130434782,0.07190635451505016,0.862876254180602
hitab,Qwen/Qwen2.5-7B-Instruct,reason.critique_revise,reason,intent.comparison,56,0.4107142857142857,0.35714285714285715,-0.05357142857142857,-0.01452020202020202,-0.039051226551226545,0.03571428571428571,0.08928571428571429,0.875
hitab,Qwen/Qwen2.5-7B-Instruct,reason.critique_revise,reason,intent.count,473,0.5560253699788583,0.5348837209302325,-0.021141649048625793,-0.01452020202020202,-0.006621447028423773,0.03805496828752643,0.05919661733615222,0.9027484143763214
hitab,Qwen/Qwen2.5-7B-Instruct,reason.critique_revise,reason,intent.negation_marker,91,0.5384615384615384,0.5384615384615384,0.0,-0.01452020202020202,0.01452020202020202,0.0989010989010989,0.0989010989010989,0.8021978021978022
hitab,Qwen/Qwen2.5-7B-Instruct,reason.critique_revise,reason,intent.superlative_rank,205,0.5560975609756098,0.526829268292683,-0.02926829268292683,-0.01452020202020202,-0.014748090662724811,0.05365853658536585,0.08292682926829269,0.8634146341463415
hitab,Qwen/Qwen2.5-7B-Instruct,reason.critique_revise,reason,intent.temporal,859,0.5972060535506403,0.5774155995343423,-0.01979045401629802,-0.01452020202020202,-0.005270251996096001,0.04423748544819558,0.0640279394644936,0.8917345750873108
hitab,Qwen/Qwen2.5-7B-Instruct,reason.critique_revise,reason,"native.hitab_agg_type=['argmax', 'average']",1,0.0,0.0,0.0,-0.01452020202020202,0.01452020202020202,0.0,0.0,1.0
hitab,Qwen/Qwen2.5-7B-Instruct,reason.critique_revise,reason,"native.hitab_agg_type=['argmax', 'opposite']",1,1.0,1.0,0.0,-0.01452020202020202,0.01452020202020202,0.0,0.0,1.0
hitab,Qwen/Qwen2.5-7B-Instruct,reason.critique_revise,reason,native.hitab_agg_type=['argmax'],54,0.6111111111111112,0.5740740740740741,-0.037037037037037035,-0.01452020202020202,-0.022516835016835015,0.05555555555555555,0.09259259259259259,0.8518518518518519
hitab,Qwen/Qwen2.5-7B-Instruct,reason.critique_revise,reason,native.hitab_agg_type=['argmin'],19,0.5789473684210527,0.47368421052631576,-0.10526315789473684,-0.01452020202020202,-0.09074295587453482,0.10526315789473684,0.21052631578947367,0.6842105263157895
hitab,Qwen/Qwen2.5-7B-Instruct,reason.critique_revise,reason,"native.hitab_agg_type=['average', 'greater_than']",1,1.0,1.0,0.0,-0.01452020202020202,0.01452020202020202,0.0,0.0,1.0
hitab,Qwen/Qwen2.5-7B-Instruct,reason.critique_revise,reason,native.hitab_agg_type=['average'],1,0.0,0.0,0.0,-0.01452020202020202,0.01452020202020202,0.0,0.0,1.0
hitab,Qwen/Qwen2.5-7B-Instruct,reason.critique_revise,reason,native.hitab_agg_type=['counta'],3,1.0,0.3333333333333333,-0.6666666666666666,-0.01452020202020202,-0.6521464646464646,0.0,0.6666666666666666,0.3333333333333333
hitab,Qwen/Qwen2.5-7B-Instruct,reason.critique_revise,reason,"native.hitab_agg_type=['diff', 'div']",7,0.0,0.0,0.0,-0.01452020202020202,0.01452020202020202,0.0,0.0,1.0
hitab,Qwen/Qwen2.5-7B-Instruct,reason.critique_revise,reason,"native.hitab_agg_type=['diff', 'opposite', 'div']",2,0.0,0.0,0.0,-0.01452020202020202,0.01452020202020202,0.0,0.0,1.0
hitab,Qwen/Qwen2.5-7B-Instruct,reason.critique_revise,reason,"native.hitab_agg_type=['diff', 'opposite']",1,1.0,1.0,0.0,-0.01452020202020202,0.01452020202020202,0.0,0.0,1.0
hitab,Qwen/Qwen2.5-7B-Instruct,reason.critique_revise,reason,"native.hitab_agg_type=['diff', 'pair-argmax']",1,1.0,1.0,0.0,-0.01452020202020202,0.01452020202020202,0.0,0.0,1.0
hitab,Qwen/Qwen2.5-7B-Instruct,reason.critique_revise,reason,native.hitab_agg_type=['diff'],45,0.4,0.4888888888888889,0.08888888888888889,-0.01452020202020202,0.10340909090909091,0.1111111111111111,0.022222222222222223,0.8666666666666667
hitab,Qwen/Qwen2.5-7B-Instruct,reason.critique_revise,reason,native.hitab_agg_type=['div'],76,0.09210526315789473,0.07894736842105263,-0.013157894736842105,-0.01452020202020202,0.0013623072833599155,0.013157894736842105,0.02631578947368421,0.9605263157894737
hitab,Qwen/Qwen2.5-7B-Instruct,reason.critique_revise,reason,native.hitab_agg_type=['greater_than'],7,0.7142857142857143,0.7142857142857143,0.0,-0.01452020202020202,0.01452020202020202,0.14285714285714285,0.14285714285714285,0.7142857142857143
hitab,Qwen/Qwen2.5-7B-Instruct,reason.critique_revise,reason,native.hitab_agg_type=['kth-argmax'],5,0.2,0.0,-0.2,-0.01452020202020202,-0.185479797979798,0.0,0.2,0.8
hitab,Qwen/Qwen2.5-7B-Instruct,reason.critique_revise,reason,native.hitab_agg_type=['less_than'],6,0.6666666666666666,0.5,-0.16666666666666666,-0.01452020202020202,-0.15214646464646464,0.0,0.16666666666666666,0.8333333333333334
hitab,Qwen/Qwen2.5-7B-Instruct,reason.critique_revise,reason,native.hitab_agg_type=['max'],16,0.5625,0.5,-0.0625,-0.01452020202020202,-0.04797979797979798,0.0,0.0625,0.9375
hitab,Qwen/Qwen2.5-7B-Instruct,reason.critique_revise,reason,native.hitab_agg_type=['min'],6,0.6666666666666666,0.6666666666666666,0.0,-0.01452020202020202,0.01452020202020202,0.0,0.0,1.0
hitab,Qwen/Qwen2.5-7B-Instruct,reason.critique_revise,reason,native.hitab_agg_type=['none'],1133,0.6646072374227714,0.649602824360106,-0.01500441306266549,-0.01452020202020202,-0.00048421104246347026,0.05825242718446602,0.07325684024713151,0.8684907325684025
hitab,Qwen/Qwen2.5-7B-Instruct,reason.critique_revise,reason,"native.hitab_agg_type=['opposite', 'pair-argmax']",1,1.0,1.0,0.0,-0.01452020202020202,0.01452020202020202,0.0,0.0,1.0
hitab,Qwen/Qwen2.5-7B-Instruct,reason.critique_revise,reason,native.hitab_agg_type=['opposite'],49,0.08163265306122448,0.04081632653061224,-0.04081632653061224,-0.01452020202020202,-0.02629612451041022,0.0,0.04081632653061224,0.9591836734693877
hitab,Qwen/Qwen2.5-7B-Instruct,reason.critique_revise,reason,native.hitab_agg_type=['pair-argmax'],93,0.5591397849462365,0.5913978494623656,0.03225806451612903,-0.01452020202020202,0.04677826653633105,0.043010752688172046,0.010752688172043012,0.946236559139785
hitab,Qwen/Qwen2.5-7B-Instruct,reason.critique_revise,reason,native.hitab_agg_type=['pair-argmin'],21,0.6666666666666666,0.5714285714285714,-0.09523809523809523,-0.01452020202020202,-0.08071789321789322,0.0,0.09523809523809523,0.9047619047619048
hitab,Qwen/Qwen2.5-7B-Instruct,reason.critique_revise,reason,native.hitab_agg_type=['range'],3,0.0,0.0,0.0,-0.01452020202020202,0.01452020202020202,0.0,0.0,1.0
hitab,Qwen/Qwen2.5-7B-Instruct,reason.critique_revise,reason,native.hitab_agg_type=['sum'],22,0.22727272727272727,0.2727272727272727,0.045454545454545456,-0.01452020202020202,0.05997474747474747,0.09090909090909091,0.045454545454545456,0.8636363636363636
hitab,Qwen/Qwen2.5-7B-Instruct,reason.critique_revise,reason,native.hitab_agg_type=['topk-argmax'],10,0.0,0.0,0.0,-0.01452020202020202,0.01452020202020202,0.0,0.0,1.0
hitab,Qwen/Qwen2.5-7B-Instruct,reason.critique_revise,reason,native.hitab_source_family=nsf,97,0.4020618556701031,0.3917525773195876,-0.010309278350515464,-0.01452020202020202,0.004210923669686556,0.041237113402061855,0.05154639175257732,0.9072164948453608
hitab,Qwen/Qwen2.5-7B-Instruct,reason.critique_revise,reason,native.hitab_source_family=statcan,1189,0.5685449957947856,0.5534062237174096,-0.015138772077375946,-0.01452020202020202,-0.0006185700571739259,0.05887300252312868,0.07401177460050462,0.8671152228763667
hitab,Qwen/Qwen2.5-7B-Instruct,reason.critique_revise,reason,native.hitab_source_family=totto,298,0.714765100671141,0.7013422818791947,-0.013422818791946308,-0.01452020202020202,0.0010973832282557116,0.03355704697986577,0.04697986577181208,0.9194630872483222
hitab,Qwen/Qwen2.5-7B-Instruct,reason.critique_revise,reason,schema.has_date_col,322,0.6832298136645962,0.6739130434782609,-0.009316770186335404,-0.01452020202020202,0.005203431833866616,0.046583850931677016,0.055900621118012424,0.8975155279503105
hitab,Qwen/Qwen2.5-7B-Instruct,reason.critique_revise,reason,schema.has_rank_col,12,0.4166666666666667,0.5,0.08333333333333333,-0.01452020202020202,0.09785353535353535,0.08333333333333333,0.0,0.9166666666666666
hitab,Qwen/Qwen2.5-7B-Instruct,reason.critique_revise,reason,schema.has_score_col,64,0.46875,0.40625,-0.0625,-0.01452020202020202,-0.04797979797979798,0.03125,0.09375,0.875
hitab,Qwen/Qwen2.5-7B-Instruct,reason.critique_revise,reason,schema.has_unit_col,295,0.5627118644067797,0.5423728813559322,-0.020338983050847456,-0.01452020202020202,-0.005818781030645436,0.06779661016949153,0.08813559322033898,0.8440677966101695
hitab,Qwen/Qwen2.5-7B-Instruct,reason.critique_revise,reason,schema.header_repetition_marker,1134,0.5961199294532628,0.5908289241622575,-0.005291005291005291,-0.01452020202020202,0.00922919672919673,0.05555555555555555,0.06084656084656084,0.8835978835978836
hitab,Qwen/Qwen2.5-7B-Instruct,reason.critique_revise,reason,table.cols_bin=0_3,107,0.7102803738317757,0.6448598130841121,-0.06542056074766354,-0.01452020202020202,-0.05090035872746153,0.04672897196261682,0.11214953271028037,0.8411214953271028
hitab,Qwen/Qwen2.5-7B-Instruct,reason.critique_revise,reason,table.cols_bin=4_6,450,0.5933333333333334,0.5866666666666667,-0.006666666666666667,-0.01452020202020202,0.007853535353535352,0.051111111111111114,0.057777777777777775,0.8911111111111111
hitab,Qwen/Qwen2.5-7B-Instruct,reason.critique_revise,reason,table.cols_bin=7_10,615,0.5349593495934959,0.5398373983739837,0.004878048780487805,-0.01452020202020202,0.019398250800689826,0.06504065040650407,0.06016260162601626,0.8747967479674796
hitab,Qwen/Qwen2.5-7B-Instruct,reason.critique_revise,reason,table.cols_bin=gt_10,412,0.6213592233009708,0.5825242718446602,-0.038834951456310676,-0.01452020202020202,-0.024314749436108656,0.038834951456310676,0.07766990291262135,0.883495145631068
hitab,Qwen/Qwen2.5-7B-Instruct,reason.critique_revise,reason,table.numeric_cols_bin=0,13,0.6153846153846154,0.46153846153846156,-0.15384615384615385,-0.01452020202020202,-0.13932595182595184,0.0,0.15384615384615385,0.8461538461538461
hitab,Qwen/Qwen2.5-7B-Instruct,reason.critique_revise,reason,table.numeric_cols_bin=1,45,0.5777777777777777,0.4888888888888889,-0.08888888888888889,-0.01452020202020202,-0.07436868686868688,0.044444444444444446,0.13333333333333333,0.8222222222222222
hitab,Qwen/Qwen2.5-7B-Instruct,reason.critique_revise,reason,table.numeric_cols_bin=2_3,296,0.6722972972972973,0.6351351351351351,-0.037162162162162164,-0.01452020202020202,-0.022641960141960144,0.0472972972972973,0.08445945945945946,0.8682432432432432
hitab,Qwen/Qwen2.5-7B-Instruct,reason.critique_revise,reason,table.numeric_cols_bin=ge_4,1230,0.5650406504065041,0.5601626016260163,-0.004878048780487805,-0.01452020202020202,0.009642153239714214,0.055284552845528454,0.06016260162601626,0.8845528455284553
hitab,Qwen/Qwen2.5-7B-Instruct,reason.critique_revise,reason,table.numeric_density_bin=high,1442,0.5832177531206657,0.5700416088765603,-0.013176144244105409,-0.01452020202020202,0.0013440577760966115,0.05409153952843273,0.06726768377253814,0.8786407766990292
hitab,Qwen/Qwen2.5-7B-Instruct,reason.critique_revise,reason,table.numeric_density_bin=low,40,0.6,0.575,-0.025,-0.01452020202020202,-0.010479797979797981,0.05,0.075,0.875
hitab,Qwen/Qwen2.5-7B-Instruct,reason.critique_revise,reason,table.numeric_density_bin=mid,89,0.6179775280898876,0.6067415730337079,-0.011235955056179775,-0.01452020202020202,0.003284246964022245,0.0449438202247191,0.056179775280898875,0.898876404494382
hitab,Qwen/Qwen2.5-7B-Instruct,reason.critique_revise,reason,table.numeric_density_bin=none,13,0.6153846153846154,0.46153846153846156,-0.15384615384615385,-0.01452020202020202,-0.13932595182595184,0.0,0.15384615384615385,0.8461538461538461
hitab,Qwen/Qwen2.5-7B-Instruct,reason.critique_revise,reason,table.rows_bin=0_5,70,0.6142857142857143,0.5714285714285714,-0.04285714285714286,-0.01452020202020202,-0.028336940836940838,0.014285714285714285,0.05714285714285714,0.9285714285714286
hitab,Qwen/Qwen2.5-7B-Instruct,reason.critique_revise,reason,table.rows_bin=11_25,606,0.6039603960396039,0.5874587458745875,-0.0165016501650165,-0.01452020202020202,-0.00198144814481448,0.056105610561056105,0.07260726072607261,0.8712871287128713
hitab,Qwen/Qwen2.5-7B-Instruct,reason.critique_revise,reason,table.rows_bin=26_50,431,0.5522041763341067,0.5406032482598608,-0.01160092807424594,-0.01452020202020202,0.002919273945956081,0.05568445475638051,0.06728538283062645,0.877030162412993
hitab,Qwen/Qwen2.5-7B-Instruct,reason.critique_revise,reason,table.rows_bin=6_10,374,0.5935828877005348,0.5909090909090909,-0.00267379679144385,-0.01452020202020202,0.01184640522875817,0.05080213903743316,0.053475935828877004,0.8957219251336899
hitab,Qwen/Qwen2.5-7B-Instruct,reason.critique_revise,reason,table.rows_bin=gt_50,103,0.5728155339805825,0.5339805825242718,-0.038834951456310676,-0.01452020202020202,-0.024314749436108656,0.05825242718446602,0.0970873786407767,0.8446601941747572
hitab,Qwen/Qwen2.5-7B-Instruct,reason.critique_revise,reason,table.shape=balanced,841,0.5707491082045184,0.5481569560047562,-0.022592152199762187,-0.01452020202020202,-0.008071950179560167,0.057074910820451845,0.07966706302021404,0.8632580261593341
hitab,Qwen/Qwen2.5-7B-Instruct,reason.critique_revise,reason,table.shape=tall,81,0.5802469135802469,0.5679012345679012,-0.012345679012345678,-0.01452020202020202,0.0021745230078563417,0.024691358024691357,0.037037037037037035,0.9382716049382716
hitab,Qwen/Qwen2.5-7B-Instruct,reason.critique_revise,reason,table.shape=wide,662,0.6057401812688822,0.6012084592145015,-0.004531722054380665,-0.01452020202020202,0.009988479965821355,0.0513595166163142,0.055891238670694864,0.8927492447129909
hitab,Qwen/Qwen2.5-7B-Instruct,reason.critique_revise,reason,text.has_number,921,0.5971769815418024,0.5863192182410424,-0.010857763300760043,-0.01452020202020202,0.003662438719441977,0.0499457111834962,0.06080347448425624,0.8892508143322475
hitab,Qwen/Qwen2.5-7B-Instruct,reason.critique_revise,reason,text.has_ordinal,77,0.45454545454545453,0.44155844155844154,-0.012987012987012988,-0.01452020202020202,0.0015331890331890322,0.05194805194805195,0.06493506493506493,0.8831168831168831
hitab,Qwen/Qwen2.5-7B-Instruct,reason.critique_revise,reason,text.has_quoted_span,16,0.8125,0.875,0.0625,-0.01452020202020202,0.07702020202020202,0.0625,0.0,0.9375
hitab,Qwen/Qwen2.5-7B-Instruct,reason.critique_revise,reason,text.has_year,745,0.6080536912751678,0.5838926174496645,-0.024161073825503355,-0.01452020202020202,-0.009640871805301335,0.040268456375838924,0.06442953020134229,0.8953020134228188
hitab,Qwen/Qwen2.5-7B-Instruct,reason.decompose,reason,cell.has_comma_number,636,0.559748427672956,0.5644654088050315,0.0047169811320754715,-0.010101010101010102,0.014817991233085574,0.07547169811320754,0.07075471698113207,0.8537735849056604
hitab,Qwen/Qwen2.5-7B-Instruct,reason.decompose,reason,cell.has_currency,87,0.6551724137931034,0.632183908045977,-0.022988505747126436,-0.010101010101010102,-0.012887495646116335,0.05747126436781609,0.08045977011494253,0.8620689655172413
hitab,Qwen/Qwen2.5-7B-Instruct,reason.decompose,reason,cell.has_date_like,896,0.5970982142857143,0.5736607142857143,-0.0234375,-0.010101010101010102,-0.013336489898989898,0.060267857142857144,0.08370535714285714,0.8560267857142857
hitab,Qwen/Qwen2.5-7B-Instruct,reason.decompose,reason,cell.has_numeric_range,423,0.5933806146572104,0.5791962174940898,-0.014184397163120567,-0.010101010101010102,-0.004083387062110465,0.06382978723404255,0.07801418439716312,0.8581560283687943
hitab,Qwen/Qwen2.5-7B-Instruct,reason.decompose,reason,cell.has_percent,154,0.538961038961039,0.538961038961039,0.0,-0.010101010101010102,0.010101010101010102,0.07792207792207792,0.07792207792207792,0.8441558441558441
hitab,Qwen/Qwen2.5-7B-Instruct,reason.decompose,reason,cell.has_score_surface,55,0.4727272727272727,0.32727272727272727,-0.14545454545454545,-0.010101010101010102,-0.13535353535353534,0.01818181818181818,0.16363636363636364,0.8181818181818182
hitab,Qwen/Qwen2.5-7B-Instruct,reason.decompose,reason,cell.missing_value_marker,1514,0.5924702774108322,0.582562747688243,-0.009907529722589167,-0.010101010101010102,0.00019348037842093456,0.06737120211360634,0.0772787318361955,0.8553500660501981
hitab,Qwen/Qwen2.5-7B-Instruct,reason.decompose,reason,grounding.cell_overlap,1516,0.5883905013192612,0.5771767810026385,-0.011213720316622692,-0.010101010101010102,-0.0011127102156125897,0.06464379947229551,0.0758575197889182,0.8594986807387863
hitab,Qwen/Qwen2.5-7B-Instruct,reason.decompose,reason,grounding.header_overlap,1204,0.5996677740863787,0.590531561461794,-0.009136212624584718,-0.010101010101010102,0.0009647974764253834,0.06395348837209303,0.07308970099667775,0.8629568106312292
hitab,Qwen/Qwen2.5-7B-Instruct,reason.decompose,reason,intent.aggregate_noncount,161,0.577639751552795,0.5590062111801242,-0.018633540372670808,-0.010101010101010102,-0.008532530271660706,0.024844720496894408,0.043478260869565216,0.9316770186335404
hitab,Qwen/Qwen2.5-7B-Instruct,reason.decompose,reason,intent.arithmetic,598,0.5869565217391305,0.5769230769230769,-0.010033444816053512,-0.010101010101010102,6.756528495658991e-05,0.06354515050167224,0.07357859531772576,0.862876254180602
hitab,Qwen/Qwen2.5-7B-Instruct,reason.decompose,reason,intent.comparison,56,0.4107142857142857,0.3392857142857143,-0.07142857142857142,-0.010101010101010102,-0.06132756132756132,0.017857142857142856,0.08928571428571429,0.8928571428571429
hitab,Qwen/Qwen2.5-7B-Instruct,reason.decompose,reason,intent.count,473,0.5560253699788583,0.5391120507399577,-0.016913319238900635,-0.010101010101010102,-0.006812309137890533,0.05496828752642706,0.07188160676532769,0.8731501057082452
hitab,Qwen/Qwen2.5-7B-Instruct,reason.decompose,reason,intent.negation_marker,91,0.5384615384615384,0.4945054945054945,-0.04395604395604396,-0.010101010101010102,-0.033855033855033856,0.0989010989010989,0.14285714285714285,0.7582417582417582
hitab,Qwen/Qwen2.5-7B-Instruct,reason.decompose,reason,intent.superlative_rank,205,0.5560975609756098,0.5317073170731708,-0.024390243902439025,-0.010101010101010102,-0.014289233801428923,0.07317073170731707,0.0975609756097561,0.8292682926829268
hitab,Qwen/Qwen2.5-7B-Instruct,reason.decompose,reason,intent.temporal,859,0.5972060535506403,0.5750873108265425,-0.02211874272409779,-0.010101010101010102,-0.012017732623087687,0.050058207217694994,0.07217694994179279,0.8777648428405123
hitab,Qwen/Qwen2.5-7B-Instruct,reason.decompose,reason,"native.hitab_agg_type=['argmax', 'average']",1,0.0,0.0,0.0,-0.010101010101010102,0.010101010101010102,0.0,0.0,1.0
hitab,Qwen/Qwen2.5-7B-Instruct,reason.decompose,reason,"native.hitab_agg_type=['argmax', 'opposite']",1,1.0,1.0,0.0,-0.010101010101010102,0.010101010101010102,0.0,0.0,1.0
hitab,Qwen/Qwen2.5-7B-Instruct,reason.decompose,reason,native.hitab_agg_type=['argmax'],54,0.6111111111111112,0.5555555555555556,-0.05555555555555555,-0.010101010101010102,-0.04545454545454545,0.05555555555555555,0.1111111111111111,0.8333333333333334
hitab,Qwen/Qwen2.5-7B-Instruct,reason.decompose,reason,native.hitab_agg_type=['argmin'],19,0.5789473684210527,0.5263157894736842,-0.05263157894736842,-0.010101010101010102,-0.042530568846358315,0.10526315789473684,0.15789473684210525,0.7368421052631579
hitab,Qwen/Qwen2.5-7B-Instruct,reason.decompose,reason,"native.hitab_agg_type=['average', 'greater_than']",1,1.0,0.0,-1.0,-0.010101010101010102,-0.98989898989899,0.0,1.0,0.0
hitab,Qwen/Qwen2.5-7B-Instruct,reason.decompose,reason,native.hitab_agg_type=['average'],1,0.0,0.0,0.0,-0.010101010101010102,0.010101010101010102,0.0,0.0,1.0
hitab,Qwen/Qwen2.5-7B-Instruct,reason.decompose,reason,native.hitab_agg_type=['counta'],3,1.0,0.3333333333333333,-0.6666666666666666,-0.010101010101010102,-0.6565656565656566,0.0,0.6666666666666666,0.3333333333333333
hitab,Qwen/Qwen2.5-7B-Instruct,reason.decompose,reason,"native.hitab_agg_type=['diff', 'div']",7,0.0,0.0,0.0,-0.010101010101010102,0.010101010101010102,0.0,0.0,1.0
hitab,Qwen/Qwen2.5-7B-Instruct,reason.decompose,reason,"native.hitab_agg_type=['diff', 'opposite', 'div']",2,0.0,0.0,0.0,-0.010101010101010102,0.010101010101010102,0.0,0.0,1.0
hitab,Qwen/Qwen2.5-7B-Instruct,reason.decompose,reason,"native.hitab_agg_type=['diff', 'opposite']",1,1.0,1.0,0.0,-0.010101010101010102,0.010101010101010102,0.0,0.0,1.0
hitab,Qwen/Qwen2.5-7B-Instruct,reason.decompose,reason,"native.hitab_agg_type=['diff', 'pair-argmax']",1,1.0,1.0,0.0,-0.010101010101010102,0.010101010101010102,0.0,0.0,1.0
hitab,Qwen/Qwen2.5-7B-Instruct,reason.decompose,reason,native.hitab_agg_type=['diff'],45,0.4,0.3111111111111111,-0.08888888888888889,-0.010101010101010102,-0.0787878787878788,0.022222222222222223,0.1111111111111111,0.8666666666666667
hitab,Qwen/Qwen2.5-7B-Instruct,reason.decompose,reason,native.hitab_agg_type=['div'],76,0.09210526315789473,0.07894736842105263,-0.013157894736842105,-0.010101010101010102,-0.0030568846358320027,0.013157894736842105,0.02631578947368421,0.9605263157894737
hitab,Qwen/Qwen2.5-7B-Instruct,reason.decompose,reason,native.hitab_agg_type=['greater_than'],7,0.7142857142857143,0.8571428571428571,0.14285714285714285,-0.010101010101010102,0.15295815295815296,0.2857142857142857,0.14285714285714285,0.5714285714285714
hitab,Qwen/Qwen2.5-7B-Instruct,reason.decompose,reason,native.hitab_agg_type=['kth-argmax'],5,0.2,0.0,-0.2,-0.010101010101010102,-0.1898989898989899,0.0,0.2,0.8
hitab,Qwen/Qwen2.5-7B-Instruct,reason.decompose,reason,native.hitab_agg_type=['less_than'],6,0.6666666666666666,0.6666666666666666,0.0,-0.010101010101010102,0.010101010101010102,0.0,0.0,1.0
hitab,Qwen/Qwen2.5-7B-Instruct,reason.decompose,reason,native.hitab_agg_type=['max'],16,0.5625,0.5625,0.0,-0.010101010101010102,0.010101010101010102,0.0625,0.0625,0.875
hitab,Qwen/Qwen2.5-7B-Instruct,reason.decompose,reason,native.hitab_agg_type=['min'],6,0.6666666666666666,0.6666666666666666,0.0,-0.010101010101010102,0.010101010101010102,0.0,0.0,1.0
hitab,Qwen/Qwen2.5-7B-Instruct,reason.decompose,reason,native.hitab_agg_type=['none'],1133,0.6646072374227714,0.6619593998234775,-0.00264783759929391,-0.010101010101010102,0.007453172501716192,0.07413945278022947,0.07678729037952339,0.8490732568402471
hitab,Qwen/Qwen2.5-7B-Instruct,reason.decompose,reason,"native.hitab_agg_type=['opposite', 'pair-argmax']",1,1.0,1.0,0.0,-0.010101010101010102,0.010101010101010102,0.0,0.0,1.0
hitab,Qwen/Qwen2.5-7B-Instruct,reason.decompose,reason,native.hitab_agg_type=['opposite'],49,0.08163265306122448,0.10204081632653061,0.02040816326530612,-0.010101010101010102,0.03050917336631622,0.04081632653061224,0.02040816326530612,0.9387755102040817
hitab,Qwen/Qwen2.5-7B-Instruct,reason.decompose,reason,native.hitab_agg_type=['pair-argmax'],93,0.5591397849462365,0.5161290322580645,-0.043010752688172046,-0.010101010101010102,-0.03290974258716194,0.053763440860215055,0.0967741935483871,0.8494623655913979
hitab,Qwen/Qwen2.5-7B-Instruct,reason.decompose,reason,native.hitab_agg_type=['pair-argmin'],21,0.6666666666666666,0.6190476190476191,-0.047619047619047616,-0.010101010101010102,-0.03751803751803751,0.0,0.047619047619047616,0.9523809523809523
hitab,Qwen/Qwen2.5-7B-Instruct,reason.decompose,reason,native.hitab_agg_type=['range'],3,0.0,0.3333333333333333,0.3333333333333333,-0.010101010101010102,0.3434343434343434,0.3333333333333333,0.0,0.6666666666666666
hitab,Qwen/Qwen2.5-7B-Instruct,reason.decompose,reason,native.hitab_agg_type=['sum'],22,0.22727272727272727,0.22727272727272727,0.0,-0.010101010101010102,0.010101010101010102,0.045454545454545456,0.045454545454545456,0.9090909090909091
hitab,Qwen/Qwen2.5-7B-Instruct,reason.decompose,reason,native.hitab_agg_type=['topk-argmax'],10,0.0,0.2,0.2,-0.010101010101010102,0.21010101010101012,0.2,0.0,0.8
hitab,Qwen/Qwen2.5-7B-Instruct,reason.decompose,reason,native.hitab_source_family=nsf,97,0.4020618556701031,0.4329896907216495,0.030927835051546393,-0.010101010101010102,0.041028845152556497,0.07216494845360824,0.041237113402061855,0.8865979381443299
hitab,Qwen/Qwen2.5-7B-Instruct,reason.decompose,reason,native.hitab_source_family=statcan,1189,0.5685449957947856,0.5559293523969723,-0.012615643397813289,-0.010101010101010102,-0.0025146332968031867,0.06812447434819176,0.08074011774600505,0.8511354079058032
hitab,Qwen/Qwen2.5-7B-Instruct,reason.decompose,reason,native.hitab_source_family=totto,298,0.714765100671141,0.7013422818791947,-0.013422818791946308,-0.010101010101010102,-0.0033218086909362066,0.05704697986577181,0.07046979865771812,0.87248322147651
hitab,Qwen/Qwen2.5-7B-Instruct,reason.decompose,reason,schema.has_date_col,322,0.6832298136645962,0.6739130434782609,-0.009316770186335404,-0.010101010101010102,0.0007842399146746979,0.062111801242236024,0.07142857142857142,0.8664596273291926
hitab,Qwen/Qwen2.5-7B-Instruct,reason.decompose,reason,schema.has_rank_col,12,0.4166666666666667,0.25,-0.16666666666666666,-0.010101010101010102,-0.15656565656565655,0.16666666666666666,0.3333333333333333,0.5
hitab,Qwen/Qwen2.5-7B-Instruct,reason.decompose,reason,schema.has_score_col,64,0.46875,0.34375,-0.125,-0.010101010101010102,-0.1148989898989899,0.015625,0.140625,0.84375
hitab,Qwen/Qwen2.5-7B-Instruct,reason.decompose,reason,schema.has_unit_col,295,0.5627118644067797,0.535593220338983,-0.02711864406779661,-0.010101010101010102,-0.01701763396678651,0.061016949152542375,0.08813559322033898,0.8508474576271187
hitab,Qwen/Qwen2.5-7B-Instruct,reason.decompose,reason,schema.header_repetition_marker,1134,0.5961199294532628,0.5952380952380952,-0.0008818342151675485,-0.010101010101010102,0.009219175885842553,0.07319223985890652,0.07407407407407407,0.8527336860670194
hitab,Qwen/Qwen2.5-7B-Instruct,reason.decompose,reason,table.cols_bin=0_3,107,0.7102803738317757,0.7009345794392523,-0.009345794392523364,-0.010101010101010102,0.0007552157084867381,0.06542056074766354,0.07476635514018691,0.8598130841121495
hitab,Qwen/Qwen2.5-7B-Instruct,reason.decompose,reason,table.cols_bin=4_6,450,0.5933333333333334,0.58,-0.013333333333333334,-0.010101010101010102,-0.0032323232323232323,0.04888888888888889,0.06222222222222222,0.8888888888888888
hitab,Qwen/Qwen2.5-7B-Instruct,reason.decompose,reason,table.cols_bin=7_10,615,0.5349593495934959,0.5284552845528455,-0.0065040650406504065,-0.010101010101010102,0.0035969450603596954,0.07317073170731707,0.07967479674796749,0.8471544715447155
hitab,Qwen/Qwen2.5-7B-Instruct,reason.decompose,reason,table.cols_bin=gt_10,412,0.6213592233009708,0.6092233009708737,-0.012135922330097087,-0.010101010101010102,-0.0020349122290869853,0.07524271844660194,0.08737864077669903,0.837378640776699
hitab,Qwen/Qwen2.5-7B-Instruct,reason.decompose,reason,table.numeric_cols_bin=0,13,0.6153846153846154,0.5384615384615384,-0.07692307692307693,-0.010101010101010102,-0.06682206682206683,0.0,0.07692307692307693,0.9230769230769231
hitab,Qwen/Qwen2.5-7B-Instruct,reason.decompose,reason,table.numeric_cols_bin=1,45,0.5777777777777777,0.6,0.022222222222222223,-0.010101010101010102,0.03232323232323232,0.06666666666666667,0.044444444444444446,0.8888888888888888
hitab,Qwen/Qwen2.5-7B-Instruct,reason.decompose,reason,table.numeric_cols_bin=2_3,296,0.6722972972972973,0.6418918918918919,-0.030405405405405407,-0.010101010101010102,-0.020304395304395303,0.04391891891891892,0.07432432432432433,0.8817567567567568
hitab,Qwen/Qwen2.5-7B-Instruct,reason.decompose,reason,table.numeric_cols_bin=ge_4,1230,0.5650406504065041,0.5593495934959349,-0.005691056910569106,-0.010101010101010102,0.004409953190440996,0.07235772357723577,0.07804878048780488,0.8495934959349594
hitab,Qwen/Qwen2.5-7B-Instruct,reason.decompose,reason,table.numeric_density_bin=high,1442,0.5832177531206657,0.5721220527045769,-0.011095700416088766,-0.010101010101010102,-0.000994690315078664,0.07004160887656033,0.0811373092926491,0.8488210818307905
hitab,Qwen/Qwen2.5-7B-Instruct,reason.decompose,reason,table.numeric_density_bin=low,40,0.6,0.625,0.025,-0.010101010101010102,0.035101010101010105,0.05,0.025,0.925
hitab,Qwen/Qwen2.5-7B-Instruct,reason.decompose,reason,table.numeric_density_bin=mid,89,0.6179775280898876,0.6179775280898876,0.0,-0.010101010101010102,0.010101010101010102,0.02247191011235955,0.02247191011235955,0.9550561797752809
hitab,Qwen/Qwen2.5-7B-Instruct,reason.decompose,reason,table.numeric_density_bin=none,13,0.6153846153846154,0.5384615384615384,-0.07692307692307693,-0.010101010101010102,-0.06682206682206683,0.0,0.07692307692307693,0.9230769230769231
hitab,Qwen/Qwen2.5-7B-Instruct,reason.decompose,reason,table.rows_bin=0_5,70,0.6142857142857143,0.6142857142857143,0.0,-0.010101010101010102,0.010101010101010102,0.02857142857142857,0.02857142857142857,0.9428571428571428
hitab,Qwen/Qwen2.5-7B-Instruct,reason.decompose,reason,table.rows_bin=11_25,606,0.6039603960396039,0.594059405940594,-0.009900990099009901,-0.010101010101010102,0.00020002000200020076,0.06435643564356436,0.07425742574257425,0.8613861386138614
hitab,Qwen/Qwen2.5-7B-Instruct,reason.decompose,reason,table.rows_bin=26_50,431,0.5522041763341067,0.5359628770301624,-0.016241299303944315,-0.010101010101010102,-0.006140289202934213,0.07888631090487239,0.0951276102088167,0.8259860788863109
hitab,Qwen/Qwen2.5-7B-Instruct,reason.decompose,reason,table.rows_bin=6_10,374,0.5935828877005348,0.5989304812834224,0.0053475935828877,-0.010101010101010102,0.015448603683897801,0.06684491978609626,0.06149732620320856,0.8716577540106952
hitab,Qwen/Qwen2.5-7B-Instruct,reason.decompose,reason,table.rows_bin=gt_50,103,0.5728155339805825,0.5242718446601942,-0.04854368932038835,-0.010101010101010102,-0.038442679219378245,0.04854368932038835,0.0970873786407767,0.8543689320388349
hitab,Qwen/Qwen2.5-7B-Instruct,reason.decompose,reason,table.shape=balanced,841,0.5707491082045184,0.558858501783591,-0.011890606420927468,-0.010101010101010102,-0.001789596319917366,0.0713436385255648,0.08323424494649227,0.845422116527943
hitab,Qwen/Qwen2.5-7B-Instruct,reason.decompose,reason,table.shape=tall,81,0.5802469135802469,0.5555555555555556,-0.024691358024691357,-0.010101010101010102,-0.014590347923681255,0.037037037037037035,0.06172839506172839,0.9012345679012346
hitab,Qwen/Qwen2.5-7B-Instruct,reason.decompose,reason,table.shape=wide,662,0.6057401812688822,0.5996978851963746,-0.006042296072507553,-0.010101010101010102,0.004058714028502549,0.0634441087613293,0.06948640483383686,0.8670694864048338
hitab,Qwen/Qwen2.5-7B-Instruct,reason.decompose,reason,text.has_number,921,0.5971769815418024,0.5808903365906624,-0.016286644951140065,-0.010101010101010102,-0.006185634850129964,0.05428881650380022,0.07057546145494029,0.8751357220412594
hitab,Qwen/Qwen2.5-7B-Instruct,reason.decompose,reason,text.has_ordinal,77,0.45454545454545453,0.44155844155844154,-0.012987012987012988,-0.010101010101010102,-0.002886002886002886,0.03896103896103896,0.05194805194805195,0.9090909090909091
hitab,Qwen/Qwen2.5-7B-Instruct,reason.decompose,reason,text.has_quoted_span,16,0.8125,0.875,0.0625,-0.010101010101010102,0.0726010101010101,0.0625,0.0,0.9375
hitab,Qwen/Qwen2.5-7B-Instruct,reason.decompose,reason,text.has_year,745,0.6080536912751678,0.5825503355704698,-0.025503355704697986,-0.010101010101010102,-0.015402345603687884,0.04832214765100671,0.0738255033557047,0.8778523489932886
hitab,Qwen/Qwen2.5-7B-Instruct,reason.enumerate,reason,cell.has_comma_number,636,0.559748427672956,0.5455974842767296,-0.014150943396226415,-0.008207070707070708,-0.0059438726891557075,0.07861635220125786,0.09276729559748427,0.8286163522012578
hitab,Qwen/Qwen2.5-7B-Instruct,reason.enumerate,reason,cell.has_currency,87,0.6551724137931034,0.6551724137931034,0.0,-0.008207070707070708,0.008207070707070708,0.06896551724137931,0.06896551724137931,0.8620689655172413
hitab,Qwen/Qwen2.5-7B-Instruct,reason.enumerate,reason,cell.has_date_like,896,0.5970982142857143,0.5892857142857143,-0.0078125,-0.008207070707070708,0.0003945707070707079,0.07700892857142858,0.08482142857142858,0.8381696428571429
hitab,Qwen/Qwen2.5-7B-Instruct,reason.enumerate,reason,cell.has_numeric_range,423,0.5933806146572104,0.5791962174940898,-0.014184397163120567,-0.008207070707070708,-0.005977326456049859,0.0851063829787234,0.09929078014184398,0.8156028368794326
hitab,Qwen/Qwen2.5-7B-Instruct,reason.enumerate,reason,cell.has_percent,154,0.538961038961039,0.564935064935065,0.025974025974025976,-0.008207070707070708,0.03418109668109669,0.11688311688311688,0.09090909090909091,0.7922077922077922
hitab,Qwen/Qwen2.5-7B-Instruct,reason.enumerate,reason,cell.has_score_surface,55,0.4727272727272727,0.36363636363636365,-0.10909090909090909,-0.008207070707070708,-0.10088383838383838,0.05454545454545454,0.16363636363636364,0.7818181818181819
hitab,Qwen/Qwen2.5-7B-Instruct,reason.enumerate,reason,cell.missing_value_marker,1514,0.5924702774108322,0.5865257595772787,-0.0059445178335535,-0.008207070707070708,0.0022625528735172075,0.07926023778071334,0.08520475561426684,0.8355350066050198
hitab,Qwen/Qwen2.5-7B-Instruct,reason.enumerate,reason,grounding.cell_overlap,1516,0.5883905013192612,0.5817941952506597,-0.006596306068601583,-0.008207070707070708,0.0016107646384691246,0.08047493403693931,0.0870712401055409,0.8324538258575198
hitab,Qwen/Qwen2.5-7B-Instruct,reason.enumerate,reason,grounding.header_overlap,1204,0.5996677740863787,0.5855481727574751,-0.014119601328903655,-0.008207070707070708,-0.005912530621832947,0.07641196013289037,0.09053156146179402,0.8330564784053156
hitab,Qwen/Qwen2.5-7B-Instruct,reason.enumerate,reason,intent.aggregate_noncount,161,0.577639751552795,0.5341614906832298,-0.043478260869565216,-0.008207070707070708,-0.03527119016249451,0.037267080745341616,0.08074534161490683,0.8819875776397516
hitab,Qwen/Qwen2.5-7B-Instruct,reason.enumerate,reason,intent.arithmetic,598,0.5869565217391305,0.5702341137123745,-0.016722408026755852,-0.008207070707070708,-0.008515337319685144,0.08361204013377926,0.10033444816053512,0.8160535117056856
hitab,Qwen/Qwen2.5-7B-Instruct,reason.enumerate,reason,intent.comparison,56,0.4107142857142857,0.3392857142857143,-0.07142857142857142,-0.008207070707070708,-0.06322150072150072,0.017857142857142856,0.08928571428571429,0.8928571428571429
hitab,Qwen/Qwen2.5-7B-Instruct,reason.enumerate,reason,intent.count,473,0.5560253699788583,0.5539112050739958,-0.0021141649048625794,-0.008207070707070708,0.006092905802208129,0.07399577167019028,0.07610993657505286,0.8498942917547568
hitab,Qwen/Qwen2.5-7B-Instruct,reason.enumerate,reason,intent.negation_marker,91,0.5384615384615384,0.5604395604395604,0.02197802197802198,-0.008207070707070708,0.030185092685092688,0.0989010989010989,0.07692307692307693,0.8241758241758241
hitab,Qwen/Qwen2.5-7B-Instruct,reason.enumerate,reason,intent.superlative_rank,205,0.5560975609756098,0.526829268292683,-0.02926829268292683,-0.008207070707070708,-0.021061221975856123,0.06829268292682927,0.0975609756097561,0.8341463414634146
hitab,Qwen/Qwen2.5-7B-Instruct,reason.enumerate,reason,intent.temporal,859,0.5972060535506403,0.5890570430733411,-0.008149010477299184,-0.008207070707070708,5.806022977152339e-05,0.06519208381839348,0.07334109429569266,0.8614668218859138
hitab,Qwen/Qwen2.5-7B-Instruct,reason.enumerate,reason,"native.hitab_agg_type=['argmax', 'average']",1,0.0,0.0,0.0,-0.008207070707070708,0.008207070707070708,0.0,0.0,1.0
hitab,Qwen/Qwen2.5-7B-Instruct,reason.enumerate,reason,"native.hitab_agg_type=['argmax', 'opposite']",1,1.0,1.0,0.0,-0.008207070707070708,0.008207070707070708,0.0,0.0,1.0
hitab,Qwen/Qwen2.5-7B-Instruct,reason.enumerate,reason,native.hitab_agg_type=['argmax'],54,0.6111111111111112,0.5,-0.1111111111111111,-0.008207070707070708,-0.1029040404040404,0.018518518518518517,0.12962962962962962,0.8518518518518519
hitab,Qwen/Qwen2.5-7B-Instruct,reason.enumerate,reason,native.hitab_agg_type=['argmin'],19,0.5789473684210527,0.631578947368421,0.05263157894736842,-0.008207070707070708,0.06083864965443912,0.10526315789473684,0.05263157894736842,0.8421052631578947
hitab,Qwen/Qwen2.5-7B-Instruct,reason.enumerate,reason,"native.hitab_agg_type=['average', 'greater_than']",1,1.0,0.0,-1.0,-0.008207070707070708,-0.9917929292929293,0.0,1.0,0.0
hitab,Qwen/Qwen2.5-7B-Instruct,reason.enumerate,reason,native.hitab_agg_type=['average'],1,0.0,0.0,0.0,-0.008207070707070708,0.008207070707070708,0.0,0.0,1.0
hitab,Qwen/Qwen2.5-7B-Instruct,reason.enumerate,reason,native.hitab_agg_type=['counta'],3,1.0,0.3333333333333333,-0.6666666666666666,-0.008207070707070708,-0.6584595959595959,0.0,0.6666666666666666,0.3333333333333333
hitab,Qwen/Qwen2.5-7B-Instruct,reason.enumerate,reason,"native.hitab_agg_type=['diff', 'div']",7,0.0,0.0,0.0,-0.008207070707070708,0.008207070707070708,0.0,0.0,1.0
hitab,Qwen/Qwen2.5-7B-Instruct,reason.enumerate,reason,"native.hitab_agg_type=['diff', 'opposite', 'div']",2,0.0,0.0,0.0,-0.008207070707070708,0.008207070707070708,0.0,0.0,1.0
hitab,Qwen/Qwen2.5-7B-Instruct,reason.enumerate,reason,"native.hitab_agg_type=['diff', 'opposite']",1,1.0,1.0,0.0,-0.008207070707070708,0.008207070707070708,0.0,0.0,1.0
hitab,Qwen/Qwen2.5-7B-Instruct,reason.enumerate,reason,"native.hitab_agg_type=['diff', 'pair-argmax']",1,1.0,1.0,0.0,-0.008207070707070708,0.008207070707070708,0.0,0.0,1.0
hitab,Qwen/Qwen2.5-7B-Instruct,reason.enumerate,reason,native.hitab_agg_type=['diff'],45,0.4,0.4222222222222222,0.022222222222222223,-0.008207070707070708,0.03042929292929293,0.044444444444444446,0.022222222222222223,0.9333333333333333
hitab,Qwen/Qwen2.5-7B-Instruct,reason.enumerate,reason,native.hitab_agg_type=['div'],76,0.09210526315789473,0.10526315789473684,0.013157894736842105,-0.008207070707070708,0.021364965443912812,0.039473684210526314,0.02631578947368421,0.9342105263157895
hitab,Qwen/Qwen2.5-7B-Instruct,reason.enumerate,reason,native.hitab_agg_type=['greater_than'],7,0.7142857142857143,0.5714285714285714,-0.14285714285714285,-0.008207070707070708,-0.13465007215007213,0.0,0.14285714285714285,0.8571428571428571
hitab,Qwen/Qwen2.5-7B-Instruct,reason.enumerate,reason,native.hitab_agg_type=['kth-argmax'],5,0.2,0.0,-0.2,-0.008207070707070708,-0.1917929292929293,0.0,0.2,0.8
hitab,Qwen/Qwen2.5-7B-Instruct,reason.enumerate,reason,native.hitab_agg_type=['less_than'],6,0.6666666666666666,0.5,-0.16666666666666666,-0.008207070707070708,-0.15845959595959594,0.0,0.16666666666666666,0.8333333333333334
hitab,Qwen/Qwen2.5-7B-Instruct,reason.enumerate,reason,native.hitab_agg_type=['max'],16,0.5625,0.5625,0.0,-0.008207070707070708,0.008207070707070708,0.0,0.0,1.0
hitab,Qwen/Qwen2.5-7B-Instruct,reason.enumerate,reason,native.hitab_agg_type=['min'],6,0.6666666666666666,0.8333333333333334,0.16666666666666666,-0.008207070707070708,0.17487373737373738,0.16666666666666666,0.0,0.8333333333333334
hitab,Qwen/Qwen2.5-7B-Instruct,reason.enumerate,reason,native.hitab_agg_type=['none'],1133,0.6646072374227714,0.6548984995586937,-0.009708737864077669,-0.008207070707070708,-0.0015016671570069612,0.09002647837599294,0.0997352162400706,0.8102383053839365
hitab,Qwen/Qwen2.5-7B-Instruct,reason.enumerate,reason,"native.hitab_agg_type=['opposite', 'pair-argmax']",1,1.0,1.0,0.0,-0.008207070707070708,0.008207070707070708,0.0,0.0,1.0
hitab,Qwen/Qwen2.5-7B-Instruct,reason.enumerate,reason,native.hitab_agg_type=['opposite'],49,0.08163265306122448,0.12244897959183673,0.04081632653061224,-0.008207070707070708,0.04902339723768295,0.04081632653061224,0.0,0.9591836734693877
hitab,Qwen/Qwen2.5-7B-Instruct,reason.enumerate,reason,native.hitab_agg_type=['pair-argmax'],93,0.5591397849462365,0.5806451612903226,0.021505376344086023,-0.008207070707070708,0.02971244705115673,0.07526881720430108,0.053763440860215055,0.8709677419354839
hitab,Qwen/Qwen2.5-7B-Instruct,reason.enumerate,reason,native.hitab_agg_type=['pair-argmin'],21,0.6666666666666666,0.7142857142857143,0.047619047619047616,-0.008207070707070708,0.05582611832611832,0.09523809523809523,0.047619047619047616,0.8571428571428571
hitab,Qwen/Qwen2.5-7B-Instruct,reason.enumerate,reason,native.hitab_agg_type=['range'],3,0.0,0.0,0.0,-0.008207070707070708,0.008207070707070708,0.0,0.0,1.0
hitab,Qwen/Qwen2.5-7B-Instruct,reason.enumerate,reason,native.hitab_agg_type=['sum'],22,0.22727272727272727,0.18181818181818182,-0.045454545454545456,-0.008207070707070708,-0.03724747474747475,0.0,0.045454545454545456,0.9545454545454546
hitab,Qwen/Qwen2.5-7B-Instruct,reason.enumerate,reason,native.hitab_agg_type=['topk-argmax'],10,0.0,0.2,0.2,-0.008207070707070708,0.20820707070707073,0.2,0.0,0.8
hitab,Qwen/Qwen2.5-7B-Instruct,reason.enumerate,reason,native.hitab_source_family=nsf,97,0.4020618556701031,0.41237113402061853,0.010309278350515464,-0.008207070707070708,0.018516349057586173,0.061855670103092786,0.05154639175257732,0.8865979381443299
hitab,Qwen/Qwen2.5-7B-Instruct,reason.enumerate,reason,native.hitab_source_family=statcan,1189,0.5685449957947856,0.56013456686291,-0.008410428931875526,-0.008207070707070708,-0.00020335822480481783,0.0832632464255677,0.09167367535744322,0.8250630782169891
hitab,Qwen/Qwen2.5-7B-Instruct,reason.enumerate,reason,native.hitab_source_family=totto,298,0.714765100671141,0.7013422818791947,-0.013422818791946308,-0.008207070707070708,-0.0052157480848756006,0.06375838926174497,0.07718120805369127,0.8590604026845637
hitab,Qwen/Qwen2.5-7B-Instruct,reason.enumerate,reason,schema.has_date_col,322,0.6832298136645962,0.6645962732919255,-0.018633540372670808,-0.008207070707070708,-0.0104264696656001,0.059006211180124224,0.07763975155279502,0.8633540372670807
hitab,Qwen/Qwen2.5-7B-Instruct,reason.enumerate,reason,schema.has_rank_col,12,0.4166666666666667,0.3333333333333333,-0.08333333333333333,-0.008207070707070708,-0.07512626262626262,0.08333333333333333,0.16666666666666666,0.75
hitab,Qwen/Qwen2.5-7B-Instruct,reason.enumerate,reason,schema.has_score_col,64,0.46875,0.375,-0.09375,-0.008207070707070708,-0.0855429292929293,0.046875,0.140625,0.8125
hitab,Qwen/Qwen2.5-7B-Instruct,reason.enumerate,reason,schema.has_unit_col,295,0.5627118644067797,0.5016949152542373,-0.061016949152542375,-0.008207070707070708,-0.052809878445471664,0.061016949152542375,0.12203389830508475,0.8169491525423729
hitab,Qwen/Qwen2.5-7B-Instruct,reason.enumerate,reason,schema.header_repetition_marker,1134,0.5961199294532628,0.5925925925925926,-0.003527336860670194,-0.008207070707070708,0.004679733846400514,0.08112874779541446,0.08465608465608465,0.8342151675485009
hitab,Qwen/Qwen2.5-7B-Instruct,reason.enumerate,reason,table.cols_bin=0_3,107,0.7102803738317757,0.6542056074766355,-0.056074766355140186,-0.008207070707070708,-0.047867695648069475,0.056074766355140186,0.11214953271028037,0.8317757009345794
hitab,Qwen/Qwen2.5-7B-Instruct,reason.enumerate,reason,table.cols_bin=4_6,450,0.5933333333333334,0.5866666666666667,-0.006666666666666667,-0.008207070707070708,0.0015404040404040408,0.08222222222222222,0.08888888888888889,0.8288888888888889
hitab,Qwen/Qwen2.5-7B-Instruct,reason.enumerate,reason,table.cols_bin=7_10,615,0.5349593495934959,0.5447154471544715,0.00975609756097561,-0.008207070707070708,0.017963168268046316,0.07967479674796749,0.06991869918699187,0.8504065040650407
hitab,Qwen/Qwen2.5-7B-Instruct,reason.enumerate,reason,table.cols_bin=gt_10,412,0.6213592233009708,0.5970873786407767,-0.024271844660194174,-0.008207070707070708,-0.016064773953123467,0.07766990291262135,0.10194174757281553,0.8203883495145631
hitab,Qwen/Qwen2.5-7B-Instruct,reason.enumerate,reason,table.numeric_cols_bin=0,13,0.6153846153846154,0.6153846153846154,0.0,-0.008207070707070708,0.008207070707070708,0.07692307692307693,0.07692307692307693,0.8461538461538461
hitab,Qwen/Qwen2.5-7B-Instruct,reason.enumerate,reason,table.numeric_cols_bin=1,45,0.5777777777777777,0.5333333333333333,-0.044444444444444446,-0.008207070707070708,-0.036237373737373735,0.044444444444444446,0.08888888888888889,0.8666666666666667
hitab,Qwen/Qwen2.5-7B-Instruct,reason.enumerate,reason,table.numeric_cols_bin=2_3,296,0.6722972972972973,0.6486486486486487,-0.02364864864864865,-0.008207070707070708,-0.015441577941577942,0.08445945945945946,0.10810810810810811,0.8074324324324325
hitab,Qwen/Qwen2.5-7B-Instruct,reason.enumerate,reason,table.numeric_cols_bin=ge_4,1230,0.5650406504065041,0.5617886178861788,-0.0032520325203252032,-0.008207070707070708,0.004955038186745505,0.07804878048780488,0.08130081300813008,0.8406504065040651
hitab,Qwen/Qwen2.5-7B-Instruct,reason.enumerate,reason,table.numeric_density_bin=high,1442,0.5832177531206657,0.5748959778085991,-0.008321775312066574,-0.008207070707070708,-0.0001147046049958661,0.07975034674063801,0.08807212205270458,0.8321775312066574
hitab,Qwen/Qwen2.5-7B-Instruct,reason.enumerate,reason,table.numeric_density_bin=low,40,0.6,0.65,0.05,-0.008207070707070708,0.05820707070707071,0.1,0.05,0.85
hitab,Qwen/Qwen2.5-7B-Instruct,reason.enumerate,reason,table.numeric_density_bin=mid,89,0.6179775280898876,0.5842696629213483,-0.033707865168539325,-0.008207070707070708,-0.025500794461468617,0.0449438202247191,0.07865168539325842,0.8764044943820225
hitab,Qwen/Qwen2.5-7B-Instruct,reason.enumerate,reason,table.numeric_density_bin=none,13,0.6153846153846154,0.6153846153846154,0.0,-0.008207070707070708,0.008207070707070708,0.07692307692307693,0.07692307692307693,0.8461538461538461
hitab,Qwen/Qwen2.5-7B-Instruct,reason.enumerate,reason,table.rows_bin=0_5,70,0.6142857142857143,0.5571428571428572,-0.05714285714285714,-0.008207070707070708,-0.04893578643578643,0.014285714285714285,0.07142857142857142,0.9142857142857143
hitab,Qwen/Qwen2.5-7B-Instruct,reason.enumerate,reason,table.rows_bin=11_25,606,0.6039603960396039,0.5957095709570958,-0.00825082508250825,-0.008207070707070708,-4.375437543754218e-05,0.07755775577557755,0.0858085808580858,0.8366336633663366
hitab,Qwen/Qwen2.5-7B-Instruct,reason.enumerate,reason,table.rows_bin=26_50,431,0.5522041763341067,0.5359628770301624,-0.016241299303944315,-0.008207070707070708,-0.008034228596873607,0.08816705336426914,0.10440835266821345,0.8074245939675174
hitab,Qwen/Qwen2.5-7B-Instruct,reason.enumerate,reason,table.rows_bin=6_10,374,0.5935828877005348,0.6016042780748663,0.008021390374331552,-0.008207070707070708,0.01622846108140226,0.07219251336898395,0.06417112299465241,0.8636363636363636
hitab,Qwen/Qwen2.5-7B-Instruct,reason.enumerate,reason,table.rows_bin=gt_50,103,0.5728155339805825,0.5728155339805825,0.0,-0.008207070707070708,0.008207070707070708,0.10679611650485436,0.10679611650485436,0.7864077669902912
hitab,Qwen/Qwen2.5-7B-Instruct,reason.enumerate,reason,table.shape=balanced,841,0.5707491082045184,0.5612366230677764,-0.009512485136741973,-0.008207070707070708,-0.0013054144296712651,0.08680142687277051,0.09631391200951249,0.816884661117717
hitab,Qwen/Qwen2.5-7B-Instruct,reason.enumerate,reason,table.shape=tall,81,0.5802469135802469,0.5555555555555556,-0.024691358024691357,-0.008207070707070708,-0.01648428731762065,0.06172839506172839,0.08641975308641975,0.8518518518518519
hitab,Qwen/Qwen2.5-7B-Instruct,reason.enumerate,reason,table.shape=wide,662,0.6057401812688822,0.6012084592145015,-0.004531722054380665,-0.008207070707070708,0.003675348652690043,0.06948640483383686,0.07401812688821752,0.8564954682779456
hitab,Qwen/Qwen2.5-7B-Instruct,reason.enumerate,reason,text.has_number,921,0.5971769815418024,0.5960912052117264,-0.0010857763300760044,-0.008207070707070708,0.007121294376994703,0.06514657980456026,0.06623235613463627,0.8686210640608035
hitab,Qwen/Qwen2.5-7B-Instruct,reason.enumerate,reason,text.has_ordinal,77,0.45454545454545453,0.44155844155844154,-0.012987012987012988,-0.008207070707070708,-0.00477994227994228,0.07792207792207792,0.09090909090909091,0.8311688311688312
hitab,Qwen/Qwen2.5-7B-Instruct,reason.enumerate,reason,text.has_quoted_span,16,0.8125,0.75,-0.0625,-0.008207070707070708,-0.054292929292929296,0.0,0.0625,0.9375
hitab,Qwen/Qwen2.5-7B-Instruct,reason.enumerate,reason,text.has_year,745,0.6080536912751678,0.6013422818791946,-0.006711409395973154,-0.008207070707070708,0.0014956613110975537,0.06442953020134229,0.07114093959731543,0.8644295302013423
hitab,Qwen/Qwen2.5-7B-Instruct,reason.evidence_localize,reason,cell.has_comma_number,636,0.559748427672956,0.5518867924528302,-0.007861635220125786,-0.0031565656565656565,-0.00470506956356013,0.06918238993710692,0.0770440251572327,0.8537735849056604
hitab,Qwen/Qwen2.5-7B-Instruct,reason.evidence_localize,reason,cell.has_currency,87,0.6551724137931034,0.5977011494252874,-0.05747126436781609,-0.0031565656565656565,-0.054314698711250435,0.022988505747126436,0.08045977011494253,0.896551724137931
hitab,Qwen/Qwen2.5-7B-Instruct,reason.evidence_localize,reason,cell.has_date_like,896,0.5970982142857143,0.5758928571428571,-0.021205357142857144,-0.0031565656565656565,-0.018048791486291488,0.05022321428571429,0.07142857142857142,0.8783482142857143
hitab,Qwen/Qwen2.5-7B-Instruct,reason.evidence_localize,reason,cell.has_numeric_range,423,0.5933806146572104,0.574468085106383,-0.018912529550827423,-0.0031565656565656565,-0.015755963894261767,0.05200945626477541,0.07092198581560284,0.8770685579196218
hitab,Qwen/Qwen2.5-7B-Instruct,reason.evidence_localize,reason,cell.has_percent,154,0.538961038961039,0.5324675324675324,-0.006493506493506494,-0.0031565656565656565,-0.0033369408369408374,0.06493506493506493,0.07142857142857142,0.8636363636363636
hitab,Qwen/Qwen2.5-7B-Instruct,reason.evidence_localize,reason,cell.has_score_surface,55,0.4727272727272727,0.4,-0.07272727272727272,-0.0031565656565656565,-0.06957070707070706,0.05454545454545454,0.12727272727272726,0.8181818181818182
hitab,Qwen/Qwen2.5-7B-Instruct,reason.evidence_localize,reason,cell.missing_value_marker,1514,0.5924702774108322,0.5904887714663144,-0.0019815059445178335,-0.0031565656565656565,0.001175059712047823,0.06274768824306473,0.06472919418758256,0.8725231175693527
hitab,Qwen/Qwen2.5-7B-Instruct,reason.evidence_localize,reason,grounding.cell_overlap,1516,0.5883905013192612,0.5870712401055409,-0.0013192612137203166,-0.0031565656565656565,0.00183730444284534,0.06398416886543536,0.06530343007915568,0.8707124010554089
hitab,Qwen/Qwen2.5-7B-Instruct,reason.evidence_localize,reason,grounding.header_overlap,1204,0.5996677740863787,0.595514950166113,-0.004152823920265781,-0.0031565656565656565,-0.0009962582637001245,0.06229235880398671,0.0664451827242525,0.8712624584717608
hitab,Qwen/Qwen2.5-7B-Instruct,reason.evidence_localize,reason,intent.aggregate_noncount,161,0.577639751552795,0.546583850931677,-0.031055900621118012,-0.0031565656565656565,-0.027899334964552356,0.043478260869565216,0.07453416149068323,0.8819875776397516
hitab,Qwen/Qwen2.5-7B-Instruct,reason.evidence_localize,reason,intent.arithmetic,598,0.5869565217391305,0.5953177257525084,0.008361204013377926,-0.0031565656565656565,0.011517769669943582,0.06856187290969899,0.06020066889632107,0.8712374581939799
hitab,Qwen/Qwen2.5-7B-Instruct,reason.evidence_localize,reason,intent.comparison,56,0.4107142857142857,0.35714285714285715,-0.05357142857142857,-0.0031565656565656565,-0.05041486291486291,0.0,0.05357142857142857,0.9464285714285714
hitab,Qwen/Qwen2.5-7B-Instruct,reason.evidence_localize,reason,intent.count,473,0.5560253699788583,0.547568710359408,-0.008456659619450317,-0.0031565656565656565,-0.005300093962884661,0.05496828752642706,0.06342494714587738,0.8816067653276956
hitab,Qwen/Qwen2.5-7B-Instruct,reason.evidence_localize,reason,intent.negation_marker,91,0.5384615384615384,0.5714285714285714,0.03296703296703297,-0.0031565656565656565,0.036123598623598624,0.10989010989010989,0.07692307692307693,0.8131868131868132
hitab,Qwen/Qwen2.5-7B-Instruct,reason.evidence_localize,reason,intent.superlative_rank,205,0.5560975609756098,0.5317073170731708,-0.024390243902439025,-0.0031565656565656565,-0.02123367824587337,0.04390243902439024,0.06829268292682927,0.8878048780487805
hitab,Qwen/Qwen2.5-7B-Instruct,reason.evidence_localize,reason,intent.temporal,859,0.5972060535506403,0.5739231664726426,-0.023282887077997673,-0.0031565656565656565,-0.020126321421432017,0.050058207217694994,0.07334109429569266,0.8766006984866124
hitab,Qwen/Qwen2.5-7B-Instruct,reason.evidence_localize,reason,"native.hitab_agg_type=['argmax', 'average']",1,0.0,0.0,0.0,-0.0031565656565656565,0.0031565656565656565,0.0,0.0,1.0
hitab,Qwen/Qwen2.5-7B-Instruct,reason.evidence_localize,reason,"native.hitab_agg_type=['argmax', 'opposite']",1,1.0,1.0,0.0,-0.0031565656565656565,0.0031565656565656565,0.0,0.0,1.0
hitab,Qwen/Qwen2.5-7B-Instruct,reason.evidence_localize,reason,native.hitab_agg_type=['argmax'],54,0.6111111111111112,0.5740740740740741,-0.037037037037037035,-0.0031565656565656565,-0.03388047138047138,0.05555555555555555,0.09259259259259259,0.8518518518518519
hitab,Qwen/Qwen2.5-7B-Instruct,reason.evidence_localize,reason,native.hitab_agg_type=['argmin'],19,0.5789473684210527,0.5263157894736842,-0.05263157894736842,-0.0031565656565656565,-0.04947501329080276,0.10526315789473684,0.15789473684210525,0.7368421052631579
hitab,Qwen/Qwen2.5-7B-Instruct,reason.evidence_localize,reason,"native.hitab_agg_type=['average', 'greater_than']",1,1.0,1.0,0.0,-0.0031565656565656565,0.0031565656565656565,0.0,0.0,1.0
hitab,Qwen/Qwen2.5-7B-Instruct,reason.evidence_localize,reason,native.hitab_agg_type=['average'],1,0.0,0.0,0.0,-0.0031565656565656565,0.0031565656565656565,0.0,0.0,1.0
hitab,Qwen/Qwen2.5-7B-Instruct,reason.evidence_localize,reason,native.hitab_agg_type=['counta'],3,1.0,0.6666666666666666,-0.3333333333333333,-0.0031565656565656565,-0.3301767676767677,0.0,0.3333333333333333,0.6666666666666666
hitab,Qwen/Qwen2.5-7B-Instruct,reason.evidence_localize,reason,"native.hitab_agg_type=['diff', 'div']",7,0.0,0.0,0.0,-0.0031565656565656565,0.0031565656565656565,0.0,0.0,1.0
hitab,Qwen/Qwen2.5-7B-Instruct,reason.evidence_localize,reason,"native.hitab_agg_type=['diff', 'opposite', 'div']",2,0.0,0.0,0.0,-0.0031565656565656565,0.0031565656565656565,0.0,0.0,1.0
hitab,Qwen/Qwen2.5-7B-Instruct,reason.evidence_localize,reason,"native.hitab_agg_type=['diff', 'opposite']",1,1.0,1.0,0.0,-0.0031565656565656565,0.0031565656565656565,0.0,0.0,1.0
hitab,Qwen/Qwen2.5-7B-Instruct,reason.evidence_localize,reason,"native.hitab_agg_type=['diff', 'pair-argmax']",1,1.0,1.0,0.0,-0.0031565656565656565,0.0031565656565656565,0.0,0.0,1.0
hitab,Qwen/Qwen2.5-7B-Instruct,reason.evidence_localize,reason,native.hitab_agg_type=['diff'],45,0.4,0.4222222222222222,0.022222222222222223,-0.0031565656565656565,0.02537878787878788,0.06666666666666667,0.044444444444444446,0.8888888888888888
hitab,Qwen/Qwen2.5-7B-Instruct,reason.evidence_localize,reason,native.hitab_agg_type=['div'],76,0.09210526315789473,0.06578947368421052,-0.02631578947368421,-0.0031565656565656565,-0.023159223817118553,0.013157894736842105,0.039473684210526314,0.9473684210526315
hitab,Qwen/Qwen2.5-7B-Instruct,reason.evidence_localize,reason,native.hitab_agg_type=['greater_than'],7,0.7142857142857143,1.0,0.2857142857142857,-0.0031565656565656565,0.28887085137085133,0.2857142857142857,0.0,0.7142857142857143
hitab,Qwen/Qwen2.5-7B-Instruct,reason.evidence_localize,reason,native.hitab_agg_type=['kth-argmax'],5,0.2,0.4,0.2,-0.0031565656565656565,0.20315656565656567,0.2,0.0,0.8
hitab,Qwen/Qwen2.5-7B-Instruct,reason.evidence_localize,reason,native.hitab_agg_type=['less_than'],6,0.6666666666666666,0.5,-0.16666666666666666,-0.0031565656565656565,-0.163510101010101,0.0,0.16666666666666666,0.8333333333333334
hitab,Qwen/Qwen2.5-7B-Instruct,reason.evidence_localize,reason,native.hitab_agg_type=['max'],16,0.5625,0.5625,0.0,-0.0031565656565656565,0.0031565656565656565,0.0,0.0,1.0
hitab,Qwen/Qwen2.5-7B-Instruct,reason.evidence_localize,reason,native.hitab_agg_type=['min'],6,0.6666666666666666,0.6666666666666666,0.0,-0.0031565656565656565,0.0031565656565656565,0.0,0.0,1.0
hitab,Qwen/Qwen2.5-7B-Instruct,reason.evidence_localize,reason,native.hitab_agg_type=['none'],1133,0.6646072374227714,0.6610767872903796,-0.00353045013239188,-0.0031565656565656565,-0.0003738844758262236,0.06619593998234775,0.06972639011473963,0.8640776699029126
hitab,Qwen/Qwen2.5-7B-Instruct,reason.evidence_localize,reason,"native.hitab_agg_type=['opposite', 'pair-argmax']",1,1.0,1.0,0.0,-0.0031565656565656565,0.0031565656565656565,0.0,0.0,1.0
hitab,Qwen/Qwen2.5-7B-Instruct,reason.evidence_localize,reason,native.hitab_agg_type=['opposite'],49,0.08163265306122448,0.061224489795918366,-0.02040816326530612,-0.0031565656565656565,-0.017251597608740465,0.04081632653061224,0.061224489795918366,0.8979591836734694
hitab,Qwen/Qwen2.5-7B-Instruct,reason.evidence_localize,reason,native.hitab_agg_type=['pair-argmax'],93,0.5591397849462365,0.5806451612903226,0.021505376344086023,-0.0031565656565656565,0.02466194200065168,0.053763440860215055,0.03225806451612903,0.9139784946236559
hitab,Qwen/Qwen2.5-7B-Instruct,reason.evidence_localize,reason,native.hitab_agg_type=['pair-argmin'],21,0.6666666666666666,0.6190476190476191,-0.047619047619047616,-0.0031565656565656565,-0.04446248196248196,0.0,0.047619047619047616,0.9523809523809523
hitab,Qwen/Qwen2.5-7B-Instruct,reason.evidence_localize,reason,native.hitab_agg_type=['range'],3,0.0,0.3333333333333333,0.3333333333333333,-0.0031565656565656565,0.33648989898989895,0.3333333333333333,0.0,0.6666666666666666
hitab,Qwen/Qwen2.5-7B-Instruct,reason.evidence_localize,reason,native.hitab_agg_type=['sum'],22,0.22727272727272727,0.22727272727272727,0.0,-0.0031565656565656565,0.0031565656565656565,0.09090909090909091,0.09090909090909091,0.8181818181818182
hitab,Qwen/Qwen2.5-7B-Instruct,reason.evidence_localize,reason,native.hitab_agg_type=['topk-argmax'],10,0.0,0.1,0.1,-0.0031565656565656565,0.10315656565656567,0.1,0.0,0.9
hitab,Qwen/Qwen2.5-7B-Instruct,reason.evidence_localize,reason,native.hitab_source_family=nsf,97,0.4020618556701031,0.41237113402061853,0.010309278350515464,-0.0031565656565656565,0.01346584400708112,0.07216494845360824,0.061855670103092786,0.865979381443299
hitab,Qwen/Qwen2.5-7B-Instruct,reason.evidence_localize,reason,native.hitab_source_family=statcan,1189,0.5685449957947856,0.5660218671152228,-0.002523128679562658,-0.0031565656565656565,0.0006334369770029987,0.06307821698906645,0.0656013456686291,0.8713204373423045
hitab,Qwen/Qwen2.5-7B-Instruct,reason.evidence_localize,reason,native.hitab_source_family=totto,298,0.714765100671141,0.7046979865771812,-0.010067114093959731,-0.0031565656565656565,-0.006910548437394075,0.053691275167785234,0.06375838926174497,0.8825503355704698
hitab,Qwen/Qwen2.5-7B-Instruct,reason.evidence_localize,reason,schema.has_date_col,322,0.6832298136645962,0.6645962732919255,-0.018633540372670808,-0.0031565656565656565,-0.015476974716105152,0.046583850931677016,0.06521739130434782,0.8881987577639752
hitab,Qwen/Qwen2.5-7B-Instruct,reason.evidence_localize,reason,schema.has_rank_col,12,0.4166666666666667,0.4166666666666667,0.0,-0.0031565656565656565,0.0031565656565656565,0.16666666666666666,0.16666666666666666,0.6666666666666666
hitab,Qwen/Qwen2.5-7B-Instruct,reason.evidence_localize,reason,schema.has_score_col,64,0.46875,0.40625,-0.0625,-0.0031565656565656565,-0.059343434343434344,0.046875,0.109375,0.84375
hitab,Qwen/Qwen2.5-7B-Instruct,reason.evidence_localize,reason,schema.has_unit_col,295,0.5627118644067797,0.5186440677966102,-0.04406779661016949,-0.0031565656565656565,-0.040911230953603835,0.04406779661016949,0.08813559322033898,0.8677966101694915
hitab,Qwen/Qwen2.5-7B-Instruct,reason.evidence_localize,reason,schema.header_repetition_marker,1134,0.5961199294532628,0.5925925925925926,-0.003527336860670194,-0.0031565656565656565,-0.0003707712041045373,0.06349206349206349,0.06701940035273368,0.8694885361552028
hitab,Qwen/Qwen2.5-7B-Instruct,reason.evidence_localize,reason,table.cols_bin=0_3,107,0.7102803738317757,0.6728971962616822,-0.037383177570093455,-0.0031565656565656565,-0.0342266119135278,0.009345794392523364,0.04672897196261682,0.9439252336448598
hitab,Qwen/Qwen2.5-7B-Instruct,reason.evidence_localize,reason,table.cols_bin=4_6,450,0.5933333333333334,0.6133333333333333,0.02,-0.0031565656565656565,0.023156565656565656,0.07777777777777778,0.057777777777777775,0.8644444444444445
hitab,Qwen/Qwen2.5-7B-Instruct,reason.evidence_localize,reason,table.cols_bin=7_10,615,0.5349593495934959,0.5333333333333333,-0.0016260162601626016,-0.0031565656565656565,0.0015305493964030549,0.06341463414634146,0.06504065040650407,0.8715447154471545
hitab,Qwen/Qwen2.5-7B-Instruct,reason.evidence_localize,reason,table.cols_bin=gt_10,412,0.6213592233009708,0.5995145631067961,-0.021844660194174758,-0.0031565656565656565,-0.018688094537609102,0.055825242718446605,0.07766990291262135,0.866504854368932
hitab,Qwen/Qwen2.5-7B-Instruct,reason.evidence_localize,reason,table.numeric_cols_bin=0,13,0.6153846153846154,0.6923076923076923,0.07692307692307693,-0.0031565656565656565,0.08007964257964259,0.07692307692307693,0.0,0.9230769230769231
hitab,Qwen/Qwen2.5-7B-Instruct,reason.evidence_localize,reason,table.numeric_cols_bin=1,45,0.5777777777777777,0.6,0.022222222222222223,-0.0031565656565656565,0.02537878787878788,0.06666666666666667,0.044444444444444446,0.8888888888888888
hitab,Qwen/Qwen2.5-7B-Instruct,reason.evidence_localize,reason,table.numeric_cols_bin=2_3,296,0.6722972972972973,0.652027027027027,-0.02027027027027027,-0.0031565656565656565,-0.017113704613704615,0.04054054054054054,0.060810810810810814,0.8986486486486487
hitab,Qwen/Qwen2.5-7B-Instruct,reason.evidence_localize,reason,table.numeric_cols_bin=ge_4,1230,0.5650406504065041,0.5642276422764227,-0.0008130081300813008,-0.0031565656565656565,0.0023435575264843557,0.06666666666666667,0.06747967479674796,0.8658536585365854
hitab,Qwen/Qwen2.5-7B-Instruct,reason.evidence_localize,reason,table.numeric_density_bin=high,1442,0.5832177531206657,0.5776699029126213,-0.005547850208044383,-0.0031565656565656565,-0.0023912845514787264,0.06171983356449376,0.06726768377253814,0.871012482662968
hitab,Qwen/Qwen2.5-7B-Instruct,reason.evidence_localize,reason,table.numeric_density_bin=low,40,0.6,0.675,0.075,-0.0031565656565656565,0.07815656565656566,0.075,0.0,0.925
hitab,Qwen/Qwen2.5-7B-Instruct,reason.evidence_localize,reason,table.numeric_density_bin=mid,89,0.6179775280898876,0.6067415730337079,-0.011235955056179775,-0.0031565656565656565,-0.008079389399614119,0.056179775280898875,0.06741573033707865,0.8764044943820225
hitab,Qwen/Qwen2.5-7B-Instruct,reason.evidence_localize,reason,table.numeric_density_bin=none,13,0.6153846153846154,0.6923076923076923,0.07692307692307693,-0.0031565656565656565,0.08007964257964259,0.07692307692307693,0.0,0.9230769230769231
hitab,Qwen/Qwen2.5-7B-Instruct,reason.evidence_localize,reason,table.rows_bin=0_5,70,0.6142857142857143,0.6,-0.014285714285714285,-0.0031565656565656565,-0.01112914862914863,0.02857142857142857,0.04285714285714286,0.9285714285714286
hitab,Qwen/Qwen2.5-7B-Instruct,reason.evidence_localize,reason,table.rows_bin=11_25,606,0.6039603960396039,0.6155115511551155,0.01155115511551155,-0.0031565656565656565,0.014707720772077207,0.0627062706270627,0.05115511551155116,0.8861386138613861
hitab,Qwen/Qwen2.5-7B-Instruct,reason.evidence_localize,reason,table.rows_bin=26_50,431,0.5522041763341067,0.5336426914153132,-0.018561484918793503,-0.0031565656565656565,-0.015404919262227847,0.06496519721577726,0.08352668213457076,0.851508120649652
hitab,Qwen/Qwen2.5-7B-Instruct,reason.evidence_localize,reason,table.rows_bin=6_10,374,0.5935828877005348,0.6096256684491979,0.016042780748663103,-0.0031565656565656565,0.01919934640522876,0.06951871657754011,0.053475935828877004,0.8770053475935828
hitab,Qwen/Qwen2.5-7B-Instruct,reason.evidence_localize,reason,table.rows_bin=gt_50,103,0.5728155339805825,0.4854368932038835,-0.08737864077669903,-0.0031565656565656565,-0.08422207512013337,0.038834951456310676,0.1262135922330097,0.8349514563106796
hitab,Qwen/Qwen2.5-7B-Instruct,reason.evidence_localize,reason,table.shape=balanced,841,0.5707491082045184,0.558858501783591,-0.011890606420927468,-0.0031565656565656565,-0.008734040764361812,0.06183115338882283,0.07372175980975029,0.8644470868014269
hitab,Qwen/Qwen2.5-7B-Instruct,reason.evidence_localize,reason,table.shape=tall,81,0.5802469135802469,0.5308641975308642,-0.04938271604938271,-0.0031565656565656565,-0.04622615039281706,0.012345679012345678,0.06172839506172839,0.9259259259259259
hitab,Qwen/Qwen2.5-7B-Instruct,reason.evidence_localize,reason,table.shape=wide,662,0.6057401812688822,0.6193353474320241,0.013595166163141994,-0.0031565656565656565,0.01675173181970765,0.06797583081570997,0.054380664652567974,0.877643504531722
hitab,Qwen/Qwen2.5-7B-Instruct,reason.evidence_localize,reason,text.has_number,921,0.5971769815418024,0.5798045602605864,-0.01737242128121607,-0.0031565656565656565,-0.014215855624650414,0.051031487513572206,0.06840390879478828,0.8805646036916395
hitab,Qwen/Qwen2.5-7B-Instruct,reason.evidence_localize,reason,text.has_ordinal,77,0.45454545454545453,0.45454545454545453,0.0,-0.0031565656565656565,0.0031565656565656565,0.03896103896103896,0.03896103896103896,0.922077922077922
hitab,Qwen/Qwen2.5-7B-Instruct,reason.evidence_localize,reason,text.has_quoted_span,16,0.8125,0.9375,0.125,-0.0031565656565656565,0.12815656565656566,0.1875,0.0625,0.75
hitab,Qwen/Qwen2.5-7B-Instruct,reason.evidence_localize,reason,text.has_year,745,0.6080536912751678,0.5812080536912752,-0.026845637583892617,-0.0031565656565656565,-0.02368907192732696,0.04832214765100671,0.07516778523489932,0.876510067114094
hitab,Qwen/Qwen2.5-7B-Instruct,reason.evidence_table,reason,cell.has_comma_number,636,0.559748427672956,0.5440251572327044,-0.015723270440251572,-0.010732323232323232,-0.00499094720792834,0.08018867924528301,0.0959119496855346,0.8238993710691824
hitab,Qwen/Qwen2.5-7B-Instruct,reason.evidence_table,reason,cell.has_currency,87,0.6551724137931034,0.6206896551724138,-0.034482758620689655,-0.010732323232323232,-0.023750435388366423,0.05747126436781609,0.09195402298850575,0.8505747126436781
hitab,Qwen/Qwen2.5-7B-Instruct,reason.evidence_table,reason,cell.has_date_like,896,0.5970982142857143,0.5770089285714286,-0.020089285714285716,-0.010732323232323232,-0.009356962481962484,0.06473214285714286,0.08482142857142858,0.8504464285714286
hitab,Qwen/Qwen2.5-7B-Instruct,reason.evidence_table,reason,cell.has_numeric_range,423,0.5933806146572104,0.5626477541371159,-0.030732860520094562,-0.010732323232323232,-0.02000053728777133,0.061465721040189124,0.09219858156028368,0.8463356973995272
hitab,Qwen/Qwen2.5-7B-Instruct,reason.evidence_table,reason,cell.has_percent,154,0.538961038961039,0.538961038961039,0.0,-0.010732323232323232,0.010732323232323232,0.1038961038961039,0.1038961038961039,0.7922077922077922
hitab,Qwen/Qwen2.5-7B-Instruct,reason.evidence_table,reason,cell.has_score_surface,55,0.4727272727272727,0.4,-0.07272727272727272,-0.010732323232323232,-0.06199494949494949,0.03636363636363636,0.10909090909090909,0.8545454545454545
hitab,Qwen/Qwen2.5-7B-Instruct,reason.evidence_table,reason,cell.missing_value_marker,1514,0.5924702774108322,0.5805812417437253,-0.011889035667107,-0.010732323232323232,-0.0011567124347837687,0.07595772787318363,0.08784676354029063,0.8361955085865258
hitab,Qwen/Qwen2.5-7B-Instruct,reason.evidence_table,reason,grounding.cell_overlap,1516,0.5883905013192612,0.5771767810026385,-0.011213720316622692,-0.010732323232323232,-0.0004813970842994595,0.07387862796833773,0.08509234828496043,0.8410290237467019
hitab,Qwen/Qwen2.5-7B-Instruct,reason.evidence_table,reason,grounding.header_overlap,1204,0.5996677740863787,0.5855481727574751,-0.014119601328903655,-0.010732323232323232,-0.003387278096580423,0.07475083056478406,0.0888704318936877,0.8363787375415282
hitab,Qwen/Qwen2.5-7B-Instruct,reason.evidence_table,reason,intent.aggregate_noncount,161,0.577639751552795,0.5341614906832298,-0.043478260869565216,-0.010732323232323232,-0.032745937637241984,0.055900621118012424,0.09937888198757763,0.84472049689441
hitab,Qwen/Qwen2.5-7B-Instruct,reason.evidence_table,reason,intent.arithmetic,598,0.5869565217391305,0.580267558528428,-0.006688963210702341,-0.010732323232323232,0.004043360021620891,0.08193979933110368,0.08862876254180602,0.8294314381270903
hitab,Qwen/Qwen2.5-7B-Instruct,reason.evidence_table,reason,intent.comparison,56,0.4107142857142857,0.32142857142857145,-0.08928571428571429,-0.010732323232323232,-0.07855339105339106,0.017857142857142856,0.10714285714285714,0.875
hitab,Qwen/Qwen2.5-7B-Instruct,reason.evidence_table,reason,intent.count,473,0.5560253699788583,0.5560253699788583,0.0,-0.010732323232323232,0.010732323232323232,0.06553911205073996,0.06553911205073996,0.86892177589852
hitab,Qwen/Qwen2.5-7B-Instruct,reason.evidence_table,reason,intent.negation_marker,91,0.5384615384615384,0.4945054945054945,-0.04395604395604396,-0.010732323232323232,-0.03322372072372073,0.0989010989010989,0.14285714285714285,0.7582417582417582
hitab,Qwen/Qwen2.5-7B-Instruct,reason.evidence_table,reason,intent.superlative_rank,205,0.5560975609756098,0.5365853658536586,-0.01951219512195122,-0.010732323232323232,-0.008779871889627987,0.08292682926829269,0.1024390243902439,0.8146341463414634
hitab,Qwen/Qwen2.5-7B-Instruct,reason.evidence_table,reason,intent.temporal,859,0.5972060535506403,0.5867287543655413,-0.010477299185098952,-0.010732323232323232,0.00025502404722427957,0.0640279394644936,0.07450523864959255,0.8614668218859138
hitab,Qwen/Qwen2.5-7B-Instruct,reason.evidence_table,reason,"native.hitab_agg_type=['argmax', 'average']",1,0.0,0.0,0.0,-0.010732323232323232,0.010732323232323232,0.0,0.0,1.0
hitab,Qwen/Qwen2.5-7B-Instruct,reason.evidence_table,reason,"native.hitab_agg_type=['argmax', 'opposite']",1,1.0,0.0,-1.0,-0.010732323232323232,-0.9892676767676768,0.0,1.0,0.0
hitab,Qwen/Qwen2.5-7B-Instruct,reason.evidence_table,reason,native.hitab_agg_type=['argmax'],54,0.6111111111111112,0.5,-0.1111111111111111,-0.010732323232323232,-0.10037878787878787,0.037037037037037035,0.14814814814814814,0.8148148148148148
hitab,Qwen/Qwen2.5-7B-Instruct,reason.evidence_table,reason,native.hitab_agg_type=['argmin'],19,0.5789473684210527,0.5263157894736842,-0.05263157894736842,-0.010732323232323232,-0.041899255715045186,0.10526315789473684,0.15789473684210525,0.7368421052631579
hitab,Qwen/Qwen2.5-7B-Instruct,reason.evidence_table,reason,"native.hitab_agg_type=['average', 'greater_than']",1,1.0,0.0,-1.0,-0.010732323232323232,-0.9892676767676768,0.0,1.0,0.0
hitab,Qwen/Qwen2.5-7B-Instruct,reason.evidence_table,reason,native.hitab_agg_type=['average'],1,0.0,0.0,0.0,-0.010732323232323232,0.010732323232323232,0.0,0.0,1.0
hitab,Qwen/Qwen2.5-7B-Instruct,reason.evidence_table,reason,native.hitab_agg_type=['counta'],3,1.0,0.3333333333333333,-0.6666666666666666,-0.010732323232323232,-0.6559343434343434,0.0,0.6666666666666666,0.3333333333333333
hitab,Qwen/Qwen2.5-7B-Instruct,reason.evidence_table,reason,"native.hitab_agg_type=['diff', 'div']",7,0.0,0.0,0.0,-0.010732323232323232,0.010732323232323232,0.0,0.0,1.0
hitab,Qwen/Qwen2.5-7B-Instruct,reason.evidence_table,reason,"native.hitab_agg_type=['diff', 'opposite', 'div']",2,0.0,0.0,0.0,-0.010732323232323232,0.010732323232323232,0.0,0.0,1.0
hitab,Qwen/Qwen2.5-7B-Instruct,reason.evidence_table,reason,"native.hitab_agg_type=['diff', 'opposite']",1,1.0,1.0,0.0,-0.010732323232323232,0.010732323232323232,0.0,0.0,1.0
hitab,Qwen/Qwen2.5-7B-Instruct,reason.evidence_table,reason,"native.hitab_agg_type=['diff', 'pair-argmax']",1,1.0,1.0,0.0,-0.010732323232323232,0.010732323232323232,0.0,0.0,1.0
hitab,Qwen/Qwen2.5-7B-Instruct,reason.evidence_table,reason,native.hitab_agg_type=['diff'],45,0.4,0.37777777777777777,-0.022222222222222223,-0.010732323232323232,-0.011489898989898991,0.06666666666666667,0.08888888888888889,0.8444444444444444
hitab,Qwen/Qwen2.5-7B-Instruct,reason.evidence_table,reason,native.hitab_agg_type=['div'],76,0.09210526315789473,0.09210526315789473,0.0,-0.010732323232323232,0.010732323232323232,0.013157894736842105,0.013157894736842105,0.9736842105263158
hitab,Qwen/Qwen2.5-7B-Instruct,reason.evidence_table,reason,native.hitab_agg_type=['greater_than'],7,0.7142857142857143,0.5714285714285714,-0.14285714285714285,-0.010732323232323232,-0.13212481962481962,0.0,0.14285714285714285,0.8571428571428571
hitab,Qwen/Qwen2.5-7B-Instruct,reason.evidence_table,reason,native.hitab_agg_type=['kth-argmax'],5,0.2,0.2,0.0,-0.010732323232323232,0.010732323232323232,0.0,0.0,1.0
hitab,Qwen/Qwen2.5-7B-Instruct,reason.evidence_table,reason,native.hitab_agg_type=['less_than'],6,0.6666666666666666,0.16666666666666666,-0.5,-0.010732323232323232,-0.4892676767676768,0.0,0.5,0.5
hitab,Qwen/Qwen2.5-7B-Instruct,reason.evidence_table,reason,native.hitab_agg_type=['max'],16,0.5625,0.5625,0.0,-0.010732323232323232,0.010732323232323232,0.0625,0.0625,0.875
hitab,Qwen/Qwen2.5-7B-Instruct,reason.evidence_table,reason,native.hitab_agg_type=['min'],6,0.6666666666666666,0.6666666666666666,0.0,-0.010732323232323232,0.010732323232323232,0.0,0.0,1.0
hitab,Qwen/Qwen2.5-7B-Instruct,reason.evidence_table,reason,native.hitab_agg_type=['none'],1133,0.6646072374227714,0.6619593998234775,-0.00264783759929391,-0.010732323232323232,0.008084485633029322,0.08914386584289496,0.09179170344218888,0.8190644307149162
hitab,Qwen/Qwen2.5-7B-Instruct,reason.evidence_table,reason,"native.hitab_agg_type=['opposite', 'pair-argmax']",1,1.0,1.0,0.0,-0.010732323232323232,0.010732323232323232,0.0,0.0,1.0
hitab,Qwen/Qwen2.5-7B-Instruct,reason.evidence_table,reason,native.hitab_agg_type=['opposite'],49,0.08163265306122448,0.061224489795918366,-0.02040816326530612,-0.010732323232323232,-0.009675840032982889,0.0,0.02040816326530612,0.9795918367346939
hitab,Qwen/Qwen2.5-7B-Instruct,reason.evidence_table,reason,native.hitab_agg_type=['pair-argmax'],93,0.5591397849462365,0.5698924731182796,0.010752688172043012,-0.010732323232323232,0.021485011404366244,0.053763440860215055,0.043010752688172046,0.9032258064516129
hitab,Qwen/Qwen2.5-7B-Instruct,reason.evidence_table,reason,native.hitab_agg_type=['pair-argmin'],21,0.6666666666666666,0.6666666666666666,0.0,-0.010732323232323232,0.010732323232323232,0.09523809523809523,0.09523809523809523,0.8095238095238095
hitab,Qwen/Qwen2.5-7B-Instruct,reason.evidence_table,reason,native.hitab_agg_type=['range'],3,0.0,0.3333333333333333,0.3333333333333333,-0.010732323232323232,0.3440656565656566,0.3333333333333333,0.0,0.6666666666666666
hitab,Qwen/Qwen2.5-7B-Instruct,reason.evidence_table,reason,native.hitab_agg_type=['sum'],22,0.22727272727272727,0.22727272727272727,0.0,-0.010732323232323232,0.010732323232323232,0.0,0.0,1.0
hitab,Qwen/Qwen2.5-7B-Instruct,reason.evidence_table,reason,native.hitab_agg_type=['topk-argmax'],10,0.0,0.1,0.1,-0.010732323232323232,0.11073232323232324,0.1,0.0,0.9
hitab,Qwen/Qwen2.5-7B-Instruct,reason.evidence_table,reason,native.hitab_source_family=nsf,97,0.4020618556701031,0.4536082474226804,0.05154639175257732,-0.010732323232323232,0.06227871498490055,0.08247422680412371,0.030927835051546393,0.8865979381443299
hitab,Qwen/Qwen2.5-7B-Instruct,reason.evidence_table,reason,native.hitab_source_family=statcan,1189,0.5685449957947856,0.5534062237174096,-0.015138772077375946,-0.010732323232323232,-0.004406448845052714,0.07737594617325484,0.09251471825063078,0.8301093355761143
hitab,Qwen/Qwen2.5-7B-Instruct,reason.evidence_table,reason,native.hitab_source_family=totto,298,0.714765100671141,0.7013422818791947,-0.013422818791946308,-0.010732323232323232,-0.0026904955596230764,0.06375838926174497,0.07718120805369127,0.8590604026845637
hitab,Qwen/Qwen2.5-7B-Instruct,reason.evidence_table,reason,schema.has_date_col,322,0.6832298136645962,0.6739130434782609,-0.009316770186335404,-0.010732323232323232,0.001415553045987828,0.049689440993788817,0.059006211180124224,0.8913043478260869
hitab,Qwen/Qwen2.5-7B-Instruct,reason.evidence_table,reason,schema.has_rank_col,12,0.4166666666666667,0.3333333333333333,-0.08333333333333333,-0.010732323232323232,-0.0726010101010101,0.25,0.3333333333333333,0.4166666666666667
hitab,Qwen/Qwen2.5-7B-Instruct,reason.evidence_table,reason,schema.has_score_col,64,0.46875,0.421875,-0.046875,-0.010732323232323232,-0.03614267676767677,0.046875,0.09375,0.859375
hitab,Qwen/Qwen2.5-7B-Instruct,reason.evidence_table,reason,schema.has_unit_col,295,0.5627118644067797,0.5288135593220339,-0.03389830508474576,-0.010732323232323232,-0.02316598185242253,0.06440677966101695,0.09830508474576272,0.8372881355932204
hitab,Qwen/Qwen2.5-7B-Instruct,reason.evidence_table,reason,schema.header_repetition_marker,1134,0.5961199294532628,0.5890652557319224,-0.007054673721340388,-0.010732323232323232,0.0036776495109828444,0.08024691358024691,0.0873015873015873,0.8324514991181657
hitab,Qwen/Qwen2.5-7B-Instruct,reason.evidence_table,reason,table.cols_bin=0_3,107,0.7102803738317757,0.6822429906542056,-0.028037383177570093,-0.010732323232323232,-0.01730505994524686,0.04672897196261682,0.07476635514018691,0.8785046728971962
hitab,Qwen/Qwen2.5-7B-Instruct,reason.evidence_table,reason,table.cols_bin=4_6,450,0.5933333333333334,0.5911111111111111,-0.0022222222222222222,-0.010732323232323232,0.00851010101010101,0.08,0.08222222222222222,0.8377777777777777
hitab,Qwen/Qwen2.5-7B-Instruct,reason.evidence_table,reason,table.cols_bin=7_10,615,0.5349593495934959,0.5398373983739837,0.004878048780487805,-0.010732323232323232,0.015610372012811038,0.07642276422764227,0.07154471544715447,0.8520325203252033
hitab,Qwen/Qwen2.5-7B-Instruct,reason.evidence_table,reason,table.cols_bin=gt_10,412,0.6213592233009708,0.5825242718446602,-0.038834951456310676,-0.010732323232323232,-0.028102628223987444,0.07524271844660194,0.11407766990291263,0.8106796116504854
hitab,Qwen/Qwen2.5-7B-Instruct,reason.evidence_table,reason,table.numeric_cols_bin=0,13,0.6153846153846154,0.46153846153846156,-0.15384615384615385,-0.010732323232323232,-0.14311383061383062,0.0,0.15384615384615385,0.8461538461538461
hitab,Qwen/Qwen2.5-7B-Instruct,reason.evidence_table,reason,table.numeric_cols_bin=1,45,0.5777777777777777,0.5333333333333333,-0.044444444444444446,-0.010732323232323232,-0.033712121212121214,0.044444444444444446,0.08888888888888889,0.8666666666666667
hitab,Qwen/Qwen2.5-7B-Instruct,reason.evidence_table,reason,table.numeric_cols_bin=2_3,296,0.6722972972972973,0.6722972972972973,0.0,-0.010732323232323232,0.010732323232323232,0.0777027027027027,0.0777027027027027,0.8445945945945946
hitab,Qwen/Qwen2.5-7B-Instruct,reason.evidence_table,reason,table.numeric_cols_bin=ge_4,1230,0.5650406504065041,0.5544715447154471,-0.01056910569105691,-0.010732323232323232,0.00016321754126632192,0.07642276422764227,0.08699186991869919,0.8365853658536585
hitab,Qwen/Qwen2.5-7B-Instruct,reason.evidence_table,reason,table.numeric_density_bin=high,1442,0.5832177531206657,0.5742024965325936,-0.009015256588072122,-0.010732323232323232,0.0017170666442511105,0.0769764216366158,0.08599167822468794,0.8370319001386962
hitab,Qwen/Qwen2.5-7B-Instruct,reason.evidence_table,reason,table.numeric_density_bin=low,40,0.6,0.575,-0.025,-0.010732323232323232,-0.01426767676767677,0.05,0.075,0.875
hitab,Qwen/Qwen2.5-7B-Instruct,reason.evidence_table,reason,table.numeric_density_bin=mid,89,0.6179775280898876,0.6067415730337079,-0.011235955056179775,-0.010732323232323232,-0.0005036318238565429,0.06741573033707865,0.07865168539325842,0.8539325842696629
hitab,Qwen/Qwen2.5-7B-Instruct,reason.evidence_table,reason,table.numeric_density_bin=none,13,0.6153846153846154,0.46153846153846156,-0.15384615384615385,-0.010732323232323232,-0.14311383061383062,0.0,0.15384615384615385,0.8461538461538461
hitab,Qwen/Qwen2.5-7B-Instruct,reason.evidence_table,reason,table.rows_bin=0_5,70,0.6142857142857143,0.6142857142857143,0.0,-0.010732323232323232,0.010732323232323232,0.07142857142857142,0.07142857142857142,0.8571428571428571
hitab,Qwen/Qwen2.5-7B-Instruct,reason.evidence_table,reason,table.rows_bin=11_25,606,0.6039603960396039,0.594059405940594,-0.009900990099009901,-0.010732323232323232,0.0008313331333133309,0.06765676567656766,0.07755775577557755,0.8547854785478548
hitab,Qwen/Qwen2.5-7B-Instruct,reason.evidence_table,reason,table.rows_bin=26_50,431,0.5522041763341067,0.5406032482598608,-0.01160092807424594,-0.010732323232323232,-0.0008686048419227071,0.08120649651972157,0.09280742459396751,0.8259860788863109
hitab,Qwen/Qwen2.5-7B-Instruct,reason.evidence_table,reason,table.rows_bin=6_10,374,0.5935828877005348,0.5989304812834224,0.0053475935828877,-0.010732323232323232,0.016079916815210933,0.07754010695187166,0.07219251336898395,0.8502673796791443
hitab,Qwen/Qwen2.5-7B-Instruct,reason.evidence_table,reason,table.rows_bin=gt_50,103,0.5728155339805825,0.49514563106796117,-0.07766990291262135,-0.010732323232323232,-0.06693757968029812,0.08737864077669903,0.1650485436893204,0.7475728155339806
hitab,Qwen/Qwen2.5-7B-Instruct,reason.evidence_table,reason,table.shape=balanced,841,0.5707491082045184,0.5552913198573127,-0.015457788347205707,-0.010732323232323232,-0.004725465114882475,0.07253269916765755,0.08799048751486326,0.8394768133174791
hitab,Qwen/Qwen2.5-7B-Instruct,reason.evidence_table,reason,table.shape=tall,81,0.5802469135802469,0.5432098765432098,-0.037037037037037035,-0.010732323232323232,-0.026304713804713803,0.06172839506172839,0.09876543209876543,0.8395061728395061
hitab,Qwen/Qwen2.5-7B-Instruct,reason.evidence_table,reason,table.shape=wide,662,0.6057401812688822,0.6042296072507553,-0.0015105740181268882,-0.010732323232323232,0.009221749214196344,0.08006042296072508,0.08157099697885196,0.8383685800604229
hitab,Qwen/Qwen2.5-7B-Instruct,reason.evidence_table,reason,text.has_number,921,0.5971769815418024,0.5874049945711184,-0.009771986970684038,-0.010732323232323232,0.0009603362616391938,0.06623235613463627,0.07600434310532031,0.8577633007600435
hitab,Qwen/Qwen2.5-7B-Instruct,reason.evidence_table,reason,text.has_ordinal,77,0.45454545454545453,0.5454545454545454,0.09090909090909091,-0.010732323232323232,0.10164141414141414,0.12987012987012986,0.03896103896103896,0.8311688311688312
hitab,Qwen/Qwen2.5-7B-Instruct,reason.evidence_table,reason,text.has_quoted_span,16,0.8125,0.9375,0.125,-0.010732323232323232,0.13573232323232323,0.125,0.0,0.875
hitab,Qwen/Qwen2.5-7B-Instruct,reason.evidence_table,reason,text.has_year,745,0.6080536912751678,0.5946308724832214,-0.013422818791946308,-0.010732323232323232,-0.0026904955596230764,0.06040268456375839,0.0738255033557047,0.8657718120805369
hitab,Qwen/Qwen2.5-7B-Instruct,reason.extract_compute,reason,cell.has_comma_number,636,0.559748427672956,0.5424528301886793,-0.01729559748427673,-0.010101010101010102,-0.007194587383266627,0.07389937106918239,0.09119496855345911,0.8349056603773585
hitab,Qwen/Qwen2.5-7B-Instruct,reason.extract_compute,reason,cell.has_currency,87,0.6551724137931034,0.6091954022988506,-0.04597701149425287,-0.010101010101010102,-0.03587600139324277,0.034482758620689655,0.08045977011494253,0.8850574712643678
hitab,Qwen/Qwen2.5-7B-Instruct,reason.extract_compute,reason,cell.has_date_like,896,0.5970982142857143,0.5647321428571429,-0.03236607142857143,-0.010101010101010102,-0.022265061327561328,0.05803571428571429,0.09040178571428571,0.8515625
hitab,Qwen/Qwen2.5-7B-Instruct,reason.extract_compute,reason,cell.has_numeric_range,423,0.5933806146572104,0.5839243498817966,-0.009456264775413711,-0.010101010101010102,0.0006447453255963905,0.06619385342789598,0.07565011820330969,0.8581560283687943
hitab,Qwen/Qwen2.5-7B-Instruct,reason.extract_compute,reason,cell.has_percent,154,0.538961038961039,0.5,-0.03896103896103896,-0.010101010101010102,-0.028860028860028857,0.07142857142857142,0.11038961038961038,0.8181818181818182
hitab,Qwen/Qwen2.5-7B-Instruct,reason.extract_compute,reason,cell.has_score_surface,55,0.4727272727272727,0.4,-0.07272727272727272,-0.010101010101010102,-0.06262626262626263,0.05454545454545454,0.12727272727272726,0.8181818181818182
hitab,Qwen/Qwen2.5-7B-Instruct,reason.extract_compute,reason,cell.missing_value_marker,1514,0.5924702774108322,0.583223249669749,-0.009247027741083224,-0.010101010101010102,0.0008539823599268779,0.0726552179656539,0.08190224570673713,0.845442536327609
hitab,Qwen/Qwen2.5-7B-Instruct,reason.extract_compute,reason,grounding.cell_overlap,1516,0.5883905013192612,0.5778364116094987,-0.010554089709762533,-0.010101010101010102,-0.00045307960875243074,0.07058047493403694,0.08113456464379948,0.8482849604221636
hitab,Qwen/Qwen2.5-7B-Instruct,reason.extract_compute,reason,grounding.header_overlap,1204,0.5996677740863787,0.5855481727574751,-0.014119601328903655,-0.010101010101010102,-0.004018591227893553,0.07225913621262459,0.08637873754152824,0.8413621262458472
hitab,Qwen/Qwen2.5-7B-Instruct,reason.extract_compute,reason,intent.aggregate_noncount,161,0.577639751552795,0.515527950310559,-0.062111801242236024,-0.010101010101010102,-0.05201079114122592,0.043478260869565216,0.10559006211180125,0.8509316770186336
hitab,Qwen/Qwen2.5-7B-Instruct,reason.extract_compute,reason,intent.arithmetic,598,0.5869565217391305,0.5852842809364549,-0.0016722408026755853,-0.010101010101010102,0.008428769298334516,0.08361204013377926,0.08528428093645485,0.8311036789297659
hitab,Qwen/Qwen2.5-7B-Instruct,reason.extract_compute,reason,intent.comparison,56,0.4107142857142857,0.39285714285714285,-0.017857142857142856,-0.010101010101010102,-0.007756132756132754,0.07142857142857142,0.08928571428571429,0.8392857142857143
hitab,Qwen/Qwen2.5-7B-Instruct,reason.extract_compute,reason,intent.count,473,0.5560253699788583,0.5517970401691332,-0.004228329809725159,-0.010101010101010102,0.005872680291284943,0.06765327695560254,0.07188160676532769,0.8604651162790697
hitab,Qwen/Qwen2.5-7B-Instruct,reason.extract_compute,reason,intent.negation_marker,91,0.5384615384615384,0.5384615384615384,0.0,-0.010101010101010102,0.010101010101010102,0.0989010989010989,0.0989010989010989,0.8021978021978022
hitab,Qwen/Qwen2.5-7B-Instruct,reason.extract_compute,reason,intent.superlative_rank,205,0.5560975609756098,0.5609756097560976,0.004878048780487805,-0.010101010101010102,0.014979058881497906,0.07804878048780488,0.07317073170731707,0.848780487804878
hitab,Qwen/Qwen2.5-7B-Instruct,reason.extract_compute,reason,intent.temporal,859,0.5972060535506403,0.5867287543655413,-0.010477299185098952,-0.010101010101010102,-0.0003762890840888506,0.06286379511059371,0.07334109429569266,0.8637951105937136
hitab,Qwen/Qwen2.5-7B-Instruct,reason.extract_compute,reason,"native.hitab_agg_type=['argmax', 'average']",1,0.0,0.0,0.0,-0.010101010101010102,0.010101010101010102,0.0,0.0,1.0
hitab,Qwen/Qwen2.5-7B-Instruct,reason.extract_compute,reason,"native.hitab_agg_type=['argmax', 'opposite']",1,1.0,1.0,0.0,-0.010101010101010102,0.010101010101010102,0.0,0.0,1.0
hitab,Qwen/Qwen2.5-7B-Instruct,reason.extract_compute,reason,native.hitab_agg_type=['argmax'],54,0.6111111111111112,0.5185185185185185,-0.09259259259259259,-0.010101010101010102,-0.08249158249158249,0.05555555555555555,0.14814814814814814,0.7962962962962963
hitab,Qwen/Qwen2.5-7B-Instruct,reason.extract_compute,reason,native.hitab_agg_type=['argmin'],19,0.5789473684210527,0.5789473684210527,0.0,-0.010101010101010102,0.010101010101010102,0.21052631578947367,0.21052631578947367,0.5789473684210527
hitab,Qwen/Qwen2.5-7B-Instruct,reason.extract_compute,reason,"native.hitab_agg_type=['average', 'greater_than']",1,1.0,1.0,0.0,-0.010101010101010102,0.010101010101010102,0.0,0.0,1.0
hitab,Qwen/Qwen2.5-7B-Instruct,reason.extract_compute,reason,native.hitab_agg_type=['average'],1,0.0,0.0,0.0,-0.010101010101010102,0.010101010101010102,0.0,0.0,1.0
hitab,Qwen/Qwen2.5-7B-Instruct,reason.extract_compute,reason,native.hitab_agg_type=['counta'],3,1.0,0.0,-1.0,-0.010101010101010102,-0.98989898989899,0.0,1.0,0.0
hitab,Qwen/Qwen2.5-7B-Instruct,reason.extract_compute,reason,"native.hitab_agg_type=['diff', 'div']",7,0.0,0.0,0.0,-0.010101010101010102,0.010101010101010102,0.0,0.0,1.0
hitab,Qwen/Qwen2.5-7B-Instruct,reason.extract_compute,reason,"native.hitab_agg_type=['diff', 'opposite', 'div']",2,0.0,0.0,0.0,-0.010101010101010102,0.010101010101010102,0.0,0.0,1.0
hitab,Qwen/Qwen2.5-7B-Instruct,reason.extract_compute,reason,"native.hitab_agg_type=['diff', 'opposite']",1,1.0,1.0,0.0,-0.010101010101010102,0.010101010101010102,0.0,0.0,1.0
hitab,Qwen/Qwen2.5-7B-Instruct,reason.extract_compute,reason,"native.hitab_agg_type=['diff', 'pair-argmax']",1,1.0,1.0,0.0,-0.010101010101010102,0.010101010101010102,0.0,0.0,1.0
hitab,Qwen/Qwen2.5-7B-Instruct,reason.extract_compute,reason,native.hitab_agg_type=['diff'],45,0.4,0.4666666666666667,0.06666666666666667,-0.010101010101010102,0.07676767676767676,0.06666666666666667,0.0,0.9333333333333333
hitab,Qwen/Qwen2.5-7B-Instruct,reason.extract_compute,reason,native.hitab_agg_type=['div'],76,0.09210526315789473,0.09210526315789473,0.0,-0.010101010101010102,0.010101010101010102,0.02631578947368421,0.02631578947368421,0.9473684210526315
hitab,Qwen/Qwen2.5-7B-Instruct,reason.extract_compute,reason,native.hitab_agg_type=['greater_than'],7,0.7142857142857143,0.7142857142857143,0.0,-0.010101010101010102,0.010101010101010102,0.14285714285714285,0.14285714285714285,0.7142857142857143
hitab,Qwen/Qwen2.5-7B-Instruct,reason.extract_compute,reason,native.hitab_agg_type=['kth-argmax'],5,0.2,0.4,0.2,-0.010101010101010102,0.21010101010101012,0.2,0.0,0.8
hitab,Qwen/Qwen2.5-7B-Instruct,reason.extract_compute,reason,native.hitab_agg_type=['less_than'],6,0.6666666666666666,0.6666666666666666,0.0,-0.010101010101010102,0.010101010101010102,0.0,0.0,1.0
hitab,Qwen/Qwen2.5-7B-Instruct,reason.extract_compute,reason,native.hitab_agg_type=['max'],16,0.5625,0.625,0.0625,-0.010101010101010102,0.0726010101010101,0.0625,0.0,0.9375
hitab,Qwen/Qwen2.5-7B-Instruct,reason.extract_compute,reason,native.hitab_agg_type=['min'],6,0.6666666666666666,0.6666666666666666,0.0,-0.010101010101010102,0.010101010101010102,0.0,0.0,1.0
hitab,Qwen/Qwen2.5-7B-Instruct,reason.extract_compute,reason,native.hitab_agg_type=['none'],1133,0.6646072374227714,0.6522506619593998,-0.01235657546337158,-0.010101010101010102,-0.0022555653623614787,0.07678729037952339,0.08914386584289496,0.8340688437775816
hitab,Qwen/Qwen2.5-7B-Instruct,reason.extract_compute,reason,"native.hitab_agg_type=['opposite', 'pair-argmax']",1,1.0,1.0,0.0,-0.010101010101010102,0.010101010101010102,0.0,0.0,1.0
hitab,Qwen/Qwen2.5-7B-Instruct,reason.extract_compute,reason,native.hitab_agg_type=['opposite'],49,0.08163265306122448,0.12244897959183673,0.04081632653061224,-0.010101010101010102,0.050917336631622345,0.04081632653061224,0.0,0.9591836734693877
hitab,Qwen/Qwen2.5-7B-Instruct,reason.extract_compute,reason,native.hitab_agg_type=['pair-argmax'],93,0.5591397849462365,0.5268817204301075,-0.03225806451612903,-0.010101010101010102,-0.022157054415118928,0.03225806451612903,0.06451612903225806,0.9032258064516129
hitab,Qwen/Qwen2.5-7B-Instruct,reason.extract_compute,reason,native.hitab_agg_type=['pair-argmin'],21,0.6666666666666666,0.6666666666666666,0.0,-0.010101010101010102,0.010101010101010102,0.09523809523809523,0.09523809523809523,0.8095238095238095
hitab,Qwen/Qwen2.5-7B-Instruct,reason.extract_compute,reason,native.hitab_agg_type=['range'],3,0.0,0.3333333333333333,0.3333333333333333,-0.010101010101010102,0.3434343434343434,0.3333333333333333,0.0,0.6666666666666666
hitab,Qwen/Qwen2.5-7B-Instruct,reason.extract_compute,reason,native.hitab_agg_type=['sum'],22,0.22727272727272727,0.18181818181818182,-0.045454545454545456,-0.010101010101010102,-0.03535353535353535,0.045454545454545456,0.09090909090909091,0.8636363636363636
hitab,Qwen/Qwen2.5-7B-Instruct,reason.extract_compute,reason,native.hitab_agg_type=['topk-argmax'],10,0.0,0.2,0.2,-0.010101010101010102,0.21010101010101012,0.2,0.0,0.8
hitab,Qwen/Qwen2.5-7B-Instruct,reason.extract_compute,reason,native.hitab_source_family=nsf,97,0.4020618556701031,0.4536082474226804,0.05154639175257732,-0.010101010101010102,0.06164740185358742,0.07216494845360824,0.020618556701030927,0.9072164948453608
hitab,Qwen/Qwen2.5-7B-Instruct,reason.extract_compute,reason,native.hitab_source_family=statcan,1189,0.5685449957947856,0.5508830950378469,-0.017661900756938603,-0.010101010101010102,-0.007560890655928501,0.07317073170731707,0.09083263246425567,0.8359966358284272
hitab,Qwen/Qwen2.5-7B-Instruct,reason.extract_compute,reason,native.hitab_source_family=totto,298,0.714765100671141,0.714765100671141,0.0,-0.010101010101010102,0.010101010101010102,0.06375838926174497,0.06375838926174497,0.87248322147651
hitab,Qwen/Qwen2.5-7B-Instruct,reason.extract_compute,reason,schema.has_date_col,322,0.6832298136645962,0.6645962732919255,-0.018633540372670808,-0.010101010101010102,-0.008532530271660706,0.052795031055900624,0.07142857142857142,0.8757763975155279
hitab,Qwen/Qwen2.5-7B-Instruct,reason.extract_compute,reason,schema.has_rank_col,12,0.4166666666666667,0.5,0.08333333333333333,-0.010101010101010102,0.09343434343434343,0.16666666666666666,0.08333333333333333,0.75
hitab,Qwen/Qwen2.5-7B-Instruct,reason.extract_compute,reason,schema.has_score_col,64,0.46875,0.421875,-0.046875,-0.010101010101010102,-0.036773989898989896,0.0625,0.109375,0.828125
hitab,Qwen/Qwen2.5-7B-Instruct,reason.extract_compute,reason,schema.has_unit_col,295,0.5627118644067797,0.5525423728813559,-0.010169491525423728,-0.010101010101010102,-6.848142441362622e-05,0.07796610169491526,0.08813559322033898,0.8338983050847457
hitab,Qwen/Qwen2.5-7B-Instruct,reason.extract_compute,reason,schema.header_repetition_marker,1134,0.5961199294532628,0.5864197530864198,-0.009700176366843033,-0.010101010101010102,0.0004008337341670689,0.07583774250440917,0.0855379188712522,0.8386243386243386
hitab,Qwen/Qwen2.5-7B-Instruct,reason.extract_compute,reason,table.cols_bin=0_3,107,0.7102803738317757,0.6635514018691588,-0.04672897196261682,-0.010101010101010102,-0.03662796186160672,0.028037383177570093,0.07476635514018691,0.897196261682243
hitab,Qwen/Qwen2.5-7B-Instruct,reason.extract_compute,reason,table.cols_bin=4_6,450,0.5933333333333334,0.5844444444444444,-0.008888888888888889,-0.010101010101010102,0.001212121212121213,0.06888888888888889,0.07777777777777778,0.8533333333333334
hitab,Qwen/Qwen2.5-7B-Instruct,reason.extract_compute,reason,table.cols_bin=7_10,615,0.5349593495934959,0.5317073170731708,-0.0032520325203252032,-0.010101010101010102,0.006848977580684899,0.07317073170731707,0.07642276422764227,0.8504065040650407
hitab,Qwen/Qwen2.5-7B-Instruct,reason.extract_compute,reason,table.cols_bin=gt_10,412,0.6213592233009708,0.6092233009708737,-0.012135922330097087,-0.010101010101010102,-0.0020349122290869853,0.0825242718446602,0.09466019417475728,0.8228155339805825
hitab,Qwen/Qwen2.5-7B-Instruct,reason.extract_compute,reason,table.numeric_cols_bin=0,13,0.6153846153846154,0.5384615384615384,-0.07692307692307693,-0.010101010101010102,-0.06682206682206683,0.07692307692307693,0.15384615384615385,0.7692307692307693
hitab,Qwen/Qwen2.5-7B-Instruct,reason.extract_compute,reason,table.numeric_cols_bin=1,45,0.5777777777777777,0.6222222222222222,0.044444444444444446,-0.010101010101010102,0.05454545454545455,0.08888888888888889,0.044444444444444446,0.8666666666666667
hitab,Qwen/Qwen2.5-7B-Instruct,reason.extract_compute,reason,table.numeric_cols_bin=2_3,296,0.6722972972972973,0.6452702702702703,-0.02702702702702703,-0.010101010101010102,-0.016926016926016925,0.057432432432432436,0.08445945945945946,0.8581081081081081
hitab,Qwen/Qwen2.5-7B-Instruct,reason.extract_compute,reason,table.numeric_cols_bin=ge_4,1230,0.5650406504065041,0.5577235772357724,-0.007317073170731708,-0.010101010101010102,0.002783936930278394,0.07398373983739838,0.08130081300813008,0.8447154471544716
hitab,Qwen/Qwen2.5-7B-Instruct,reason.extract_compute,reason,table.numeric_density_bin=high,1442,0.5832177531206657,0.573509015256588,-0.009708737864077669,-0.010101010101010102,0.0003922722369324328,0.07281553398058252,0.0825242718446602,0.8446601941747572
hitab,Qwen/Qwen2.5-7B-Instruct,reason.extract_compute,reason,table.numeric_density_bin=low,40,0.6,0.675,0.075,-0.010101010101010102,0.0851010101010101,0.1,0.025,0.875
hitab,Qwen/Qwen2.5-7B-Instruct,reason.extract_compute,reason,table.numeric_density_bin=mid,89,0.6179775280898876,0.5730337078651685,-0.0449438202247191,-0.010101010101010102,-0.034842810123708996,0.033707865168539325,0.07865168539325842,0.8876404494382022
hitab,Qwen/Qwen2.5-7B-Instruct,reason.extract_compute,reason,table.numeric_density_bin=none,13,0.6153846153846154,0.5384615384615384,-0.07692307692307693,-0.010101010101010102,-0.06682206682206683,0.07692307692307693,0.15384615384615385,0.7692307692307693
hitab,Qwen/Qwen2.5-7B-Instruct,reason.extract_compute,reason,table.rows_bin=0_5,70,0.6142857142857143,0.6142857142857143,0.0,-0.010101010101010102,0.010101010101010102,0.1,0.1,0.8
hitab,Qwen/Qwen2.5-7B-Instruct,reason.extract_compute,reason,table.rows_bin=11_25,606,0.6039603960396039,0.594059405940594,-0.009900990099009901,-0.010101010101010102,0.00020002000200020076,0.06105610561056106,0.07095709570957096,0.8679867986798679
hitab,Qwen/Qwen2.5-7B-Instruct,reason.extract_compute,reason,table.rows_bin=26_50,431,0.5522041763341067,0.5382830626450116,-0.013921113689095127,-0.010101010101010102,-0.003820103588085025,0.08584686774941995,0.09976798143851508,0.814385150812065
hitab,Qwen/Qwen2.5-7B-Instruct,reason.extract_compute,reason,table.rows_bin=6_10,374,0.5935828877005348,0.6042780748663101,0.0106951871657754,-0.010101010101010102,0.020796197266785502,0.06951871657754011,0.058823529411764705,0.8716577540106952
hitab,Qwen/Qwen2.5-7B-Instruct,reason.extract_compute,reason,table.rows_bin=gt_50,103,0.5728155339805825,0.49514563106796117,-0.07766990291262135,-0.010101010101010102,-0.06756889281161126,0.05825242718446602,0.13592233009708737,0.8058252427184466
hitab,Qwen/Qwen2.5-7B-Instruct,reason.extract_compute,reason,table.shape=balanced,841,0.5707491082045184,0.5600475624256838,-0.01070154577883472,-0.010101010101010102,-0.0006005356778246186,0.07728894173602854,0.08799048751486326,0.8347205707491082
hitab,Qwen/Qwen2.5-7B-Instruct,reason.extract_compute,reason,table.shape=tall,81,0.5802469135802469,0.5185185185185185,-0.06172839506172839,-0.010101010101010102,-0.05162738496071829,0.012345679012345678,0.07407407407407407,0.9135802469135802
hitab,Qwen/Qwen2.5-7B-Instruct,reason.extract_compute,reason,table.shape=wide,662,0.6057401812688822,0.6027190332326284,-0.0030211480362537764,-0.010101010101010102,0.0070798620647563254,0.07099697885196375,0.07401812688821752,0.8549848942598187
hitab,Qwen/Qwen2.5-7B-Instruct,reason.extract_compute,reason,text.has_number,921,0.5971769815418024,0.5939196525515744,-0.003257328990228013,-0.010101010101010102,0.006843681110782089,0.06406080347448426,0.06731813246471227,0.8686210640608035
hitab,Qwen/Qwen2.5-7B-Instruct,reason.extract_compute,reason,text.has_ordinal,77,0.45454545454545453,0.4675324675324675,0.012987012987012988,-0.010101010101010102,0.023088023088023088,0.06493506493506493,0.05194805194805195,0.8831168831168831
hitab,Qwen/Qwen2.5-7B-Instruct,reason.extract_compute,reason,text.has_quoted_span,16,0.8125,0.9375,0.125,-0.010101010101010102,0.1351010101010101,0.125,0.0,0.875
hitab,Qwen/Qwen2.5-7B-Instruct,reason.extract_compute,reason,text.has_year,745,0.6080536912751678,0.5946308724832214,-0.013422818791946308,-0.010101010101010102,-0.0033218086909362066,0.05906040268456376,0.07248322147651007,0.8684563758389262
hitab,Qwen/Qwen2.5-7B-Instruct,reason.plan_answer,reason,cell.has_comma_number,636,0.559748427672956,0.5125786163522013,-0.04716981132075472,-0.03598484848484849,-0.011184962835906233,0.07232704402515723,0.11949685534591195,0.8081761006289309
hitab,Qwen/Qwen2.5-7B-Instruct,reason.plan_answer,reason,cell.has_currency,87,0.6551724137931034,0.5632183908045977,-0.09195402298850575,-0.03598484848484849,-0.05596917450365726,0.04597701149425287,0.13793103448275862,0.8160919540229885
hitab,Qwen/Qwen2.5-7B-Instruct,reason.plan_answer,reason,cell.has_date_like,896,0.5970982142857143,0.5390625,-0.05803571428571429,-0.03598484848484849,-0.0220508658008658,0.06473214285714286,0.12276785714285714,0.8125
hitab,Qwen/Qwen2.5-7B-Instruct,reason.plan_answer,reason,cell.has_numeric_range,423,0.5933806146572104,0.574468085106383,-0.018912529550827423,-0.03598484848484849,0.017072318934021065,0.08037825059101655,0.09929078014184398,0.8203309692671394
hitab,Qwen/Qwen2.5-7B-Instruct,reason.plan_answer,reason,cell.has_percent,154,0.538961038961039,0.5194805194805194,-0.01948051948051948,-0.03598484848484849,0.016504329004329008,0.08441558441558442,0.1038961038961039,0.8116883116883117
hitab,Qwen/Qwen2.5-7B-Instruct,reason.plan_answer,reason,cell.has_score_surface,55,0.4727272727272727,0.43636363636363634,-0.03636363636363636,-0.03598484848484849,-0.0003787878787878743,0.05454545454545454,0.09090909090909091,0.8545454545454545
hitab,Qwen/Qwen2.5-7B-Instruct,reason.plan_answer,reason,cell.missing_value_marker,1514,0.5924702774108322,0.560105680317041,-0.03236459709379128,-0.03598484848484849,0.0036202513910572054,0.07397622192866579,0.10634081902245707,0.8196829590488771
hitab,Qwen/Qwen2.5-7B-Instruct,reason.plan_answer,reason,grounding.cell_overlap,1516,0.5883905013192612,0.5521108179419525,-0.036279683377308705,-0.03598484848484849,-0.0002948348924602176,0.07255936675461741,0.10883905013192612,0.8186015831134564
hitab,Qwen/Qwen2.5-7B-Instruct,reason.plan_answer,reason,grounding.header_overlap,1204,0.5996677740863787,0.5622923588039868,-0.03737541528239203,-0.03598484848484849,-0.001390566797543541,0.07475083056478406,0.11212624584717608,0.8131229235880398
hitab,Qwen/Qwen2.5-7B-Instruct,reason.plan_answer,reason,intent.aggregate_noncount,161,0.577639751552795,0.515527950310559,-0.062111801242236024,-0.03598484848484849,-0.026126952757387537,0.07453416149068323,0.13664596273291926,0.7888198757763976
hitab,Qwen/Qwen2.5-7B-Instruct,reason.plan_answer,reason,intent.arithmetic,598,0.5869565217391305,0.5501672240802675,-0.03678929765886288,-0.03598484848484849,-0.0008044491740143919,0.06020066889632107,0.09698996655518395,0.842809364548495
hitab,Qwen/Qwen2.5-7B-Instruct,reason.plan_answer,reason,intent.comparison,56,0.4107142857142857,0.3392857142857143,-0.07142857142857142,-0.03598484848484849,-0.03544372294372294,0.03571428571428571,0.10714285714285714,0.8571428571428571
hitab,Qwen/Qwen2.5-7B-Instruct,reason.plan_answer,reason,intent.count,473,0.5560253699788583,0.49682875264270615,-0.05919661733615222,-0.03598484848484849,-0.02321176885130373,0.07399577167019028,0.1331923890063425,0.7928118393234672
hitab,Qwen/Qwen2.5-7B-Instruct,reason.plan_answer,reason,intent.negation_marker,91,0.5384615384615384,0.5824175824175825,0.04395604395604396,-0.03598484848484849,0.07994089244089245,0.10989010989010989,0.06593406593406594,0.8241758241758241
hitab,Qwen/Qwen2.5-7B-Instruct,reason.plan_answer,reason,intent.superlative_rank,205,0.5560975609756098,0.5170731707317073,-0.03902439024390244,-0.03598484848484849,-0.0030395417590539514,0.06829268292682927,0.1073170731707317,0.824390243902439
hitab,Qwen/Qwen2.5-7B-Instruct,reason.plan_answer,reason,intent.temporal,859,0.5972060535506403,0.5494761350407451,-0.047729918509895226,-0.03598484848484849,-0.011745070025046739,0.059371362048894066,0.10710128055878929,0.8335273573923166
hitab,Qwen/Qwen2.5-7B-Instruct,reason.plan_answer,reason,"native.hitab_agg_type=['argmax', 'average']",1,0.0,0.0,0.0,-0.03598484848484849,0.03598484848484849,0.0,0.0,1.0
hitab,Qwen/Qwen2.5-7B-Instruct,reason.plan_answer,reason,"native.hitab_agg_type=['argmax', 'opposite']",1,1.0,1.0,0.0,-0.03598484848484849,0.03598484848484849,0.0,0.0,1.0
hitab,Qwen/Qwen2.5-7B-Instruct,reason.plan_answer,reason,native.hitab_agg_type=['argmax'],54,0.6111111111111112,0.5555555555555556,-0.05555555555555555,-0.03598484848484849,-0.019570707070707065,0.07407407407407407,0.12962962962962962,0.7962962962962963
hitab,Qwen/Qwen2.5-7B-Instruct,reason.plan_answer,reason,native.hitab_agg_type=['argmin'],19,0.5789473684210527,0.47368421052631576,-0.10526315789473684,-0.03598484848484849,-0.06927830940988836,0.10526315789473684,0.21052631578947367,0.6842105263157895
hitab,Qwen/Qwen2.5-7B-Instruct,reason.plan_answer,reason,"native.hitab_agg_type=['average', 'greater_than']",1,1.0,0.0,-1.0,-0.03598484848484849,-0.9640151515151515,0.0,1.0,0.0
hitab,Qwen/Qwen2.5-7B-Instruct,reason.plan_answer,reason,native.hitab_agg_type=['average'],1,0.0,0.0,0.0,-0.03598484848484849,0.03598484848484849,0.0,0.0,1.0
hitab,Qwen/Qwen2.5-7B-Instruct,reason.plan_answer,reason,native.hitab_agg_type=['counta'],3,1.0,0.0,-1.0,-0.03598484848484849,-0.9640151515151515,0.0,1.0,0.0
hitab,Qwen/Qwen2.5-7B-Instruct,reason.plan_answer,reason,"native.hitab_agg_type=['diff', 'div']",7,0.0,0.0,0.0,-0.03598484848484849,0.03598484848484849,0.0,0.0,1.0
hitab,Qwen/Qwen2.5-7B-Instruct,reason.plan_answer,reason,"native.hitab_agg_type=['diff', 'opposite', 'div']",2,0.0,0.0,0.0,-0.03598484848484849,0.03598484848484849,0.0,0.0,1.0
hitab,Qwen/Qwen2.5-7B-Instruct,reason.plan_answer,reason,"native.hitab_agg_type=['diff', 'opposite']",1,1.0,1.0,0.0,-0.03598484848484849,0.03598484848484849,0.0,0.0,1.0
hitab,Qwen/Qwen2.5-7B-Instruct,reason.plan_answer,reason,"native.hitab_agg_type=['diff', 'pair-argmax']",1,1.0,0.0,-1.0,-0.03598484848484849,-0.9640151515151515,0.0,1.0,0.0
hitab,Qwen/Qwen2.5-7B-Instruct,reason.plan_answer,reason,native.hitab_agg_type=['diff'],45,0.4,0.35555555555555557,-0.044444444444444446,-0.03598484848484849,-0.008459595959595959,0.044444444444444446,0.08888888888888889,0.8666666666666667
hitab,Qwen/Qwen2.5-7B-Instruct,reason.plan_answer,reason,native.hitab_agg_type=['div'],76,0.09210526315789473,0.13157894736842105,0.039473684210526314,-0.03598484848484849,0.07545853269537481,0.05263157894736842,0.013157894736842105,0.9342105263157895
hitab,Qwen/Qwen2.5-7B-Instruct,reason.plan_answer,reason,native.hitab_agg_type=['greater_than'],7,0.7142857142857143,0.7142857142857143,0.0,-0.03598484848484849,0.03598484848484849,0.14285714285714285,0.14285714285714285,0.7142857142857143
hitab,Qwen/Qwen2.5-7B-Instruct,reason.plan_answer,reason,native.hitab_agg_type=['kth-argmax'],5,0.2,0.0,-0.2,-0.03598484848484849,-0.16401515151515153,0.0,0.2,0.8
hitab,Qwen/Qwen2.5-7B-Instruct,reason.plan_answer,reason,native.hitab_agg_type=['less_than'],6,0.6666666666666666,0.6666666666666666,0.0,-0.03598484848484849,0.03598484848484849,0.16666666666666666,0.16666666666666666,0.6666666666666666
hitab,Qwen/Qwen2.5-7B-Instruct,reason.plan_answer,reason,native.hitab_agg_type=['max'],16,0.5625,0.5625,0.0,-0.03598484848484849,0.03598484848484849,0.0,0.0,1.0
hitab,Qwen/Qwen2.5-7B-Instruct,reason.plan_answer,reason,native.hitab_agg_type=['min'],6,0.6666666666666666,0.8333333333333334,0.16666666666666666,-0.03598484848484849,0.20265151515151514,0.16666666666666666,0.0,0.8333333333333334
hitab,Qwen/Qwen2.5-7B-Instruct,reason.plan_answer,reason,native.hitab_agg_type=['none'],1133,0.6646072374227714,0.6257722859664607,-0.038834951456310676,-0.03598484848484849,-0.0028501029714621887,0.08120035304501325,0.12003530450132392,0.7987643424536628
hitab,Qwen/Qwen2.5-7B-Instruct,reason.plan_answer,reason,"native.hitab_agg_type=['opposite', 'pair-argmax']",1,1.0,1.0,0.0,-0.03598484848484849,0.03598484848484849,0.0,0.0,1.0
hitab,Qwen/Qwen2.5-7B-Instruct,reason.plan_answer,reason,native.hitab_agg_type=['opposite'],49,0.08163265306122448,0.10204081632653061,0.02040816326530612,-0.03598484848484849,0.05639301175015461,0.02040816326530612,0.0,0.9795918367346939
hitab,Qwen/Qwen2.5-7B-Instruct,reason.plan_answer,reason,native.hitab_agg_type=['pair-argmax'],93,0.5591397849462365,0.5268817204301075,-0.03225806451612903,-0.03598484848484849,0.0037267839687194562,0.043010752688172046,0.07526881720430108,0.8817204301075269
hitab,Qwen/Qwen2.5-7B-Instruct,reason.plan_answer,reason,native.hitab_agg_type=['pair-argmin'],21,0.6666666666666666,0.5238095238095238,-0.14285714285714285,-0.03598484848484849,-0.10687229437229437,0.0,0.14285714285714285,0.8571428571428571
hitab,Qwen/Qwen2.5-7B-Instruct,reason.plan_answer,reason,native.hitab_agg_type=['range'],3,0.0,0.3333333333333333,0.3333333333333333,-0.03598484848484849,0.3693181818181818,0.3333333333333333,0.0,0.6666666666666666
hitab,Qwen/Qwen2.5-7B-Instruct,reason.plan_answer,reason,native.hitab_agg_type=['sum'],22,0.22727272727272727,0.18181818181818182,-0.045454545454545456,-0.03598484848484849,-0.009469696969696968,0.0,0.045454545454545456,0.9545454545454546
hitab,Qwen/Qwen2.5-7B-Instruct,reason.plan_answer,reason,native.hitab_agg_type=['topk-argmax'],10,0.0,0.1,0.1,-0.03598484848484849,0.1359848484848485,0.1,0.0,0.9
hitab,Qwen/Qwen2.5-7B-Instruct,reason.plan_answer,reason,native.hitab_source_family=nsf,97,0.4020618556701031,0.38144329896907214,-0.020618556701030927,-0.03598484848484849,0.01536629178381756,0.07216494845360824,0.09278350515463918,0.8350515463917526
hitab,Qwen/Qwen2.5-7B-Instruct,reason.plan_answer,reason,native.hitab_source_family=statcan,1189,0.5685449957947856,0.535744322960471,-0.03280067283431455,-0.03598484848484849,0.0031841756505339366,0.07485281749369217,0.10765349032800672,0.8174936921783011
hitab,Qwen/Qwen2.5-7B-Instruct,reason.plan_answer,reason,native.hitab_source_family=totto,298,0.714765100671141,0.6610738255033557,-0.053691275167785234,-0.03598484848484849,-0.017706426682936746,0.06040268456375839,0.11409395973154363,0.825503355704698
hitab,Qwen/Qwen2.5-7B-Instruct,reason.plan_answer,reason,schema.has_date_col,322,0.6832298136645962,0.6211180124223602,-0.062111801242236024,-0.03598484848484849,-0.026126952757387537,0.052795031055900624,0.11490683229813664,0.8322981366459627
hitab,Qwen/Qwen2.5-7B-Instruct,reason.plan_answer,reason,schema.has_rank_col,12,0.4166666666666667,0.5,0.08333333333333333,-0.03598484848484849,0.11931818181818182,0.25,0.16666666666666666,0.5833333333333334
hitab,Qwen/Qwen2.5-7B-Instruct,reason.plan_answer,reason,schema.has_score_col,64,0.46875,0.453125,-0.015625,-0.03598484848484849,0.020359848484848488,0.0625,0.078125,0.859375
hitab,Qwen/Qwen2.5-7B-Instruct,reason.plan_answer,reason,schema.has_unit_col,295,0.5627118644067797,0.5525423728813559,-0.010169491525423728,-0.03598484848484849,0.02581535695942476,0.08813559322033898,0.09830508474576272,0.8135593220338984
hitab,Qwen/Qwen2.5-7B-Instruct,reason.plan_answer,reason,schema.header_repetition_marker,1134,0.5961199294532628,0.5687830687830688,-0.027336860670194002,-0.03598484848484849,0.008647987814654486,0.07760141093474426,0.10493827160493827,0.8174603174603174
hitab,Qwen/Qwen2.5-7B-Instruct,reason.plan_answer,reason,table.cols_bin=0_3,107,0.7102803738317757,0.6542056074766355,-0.056074766355140186,-0.03598484848484849,-0.0200899178702917,0.056074766355140186,0.11214953271028037,0.8317757009345794
hitab,Qwen/Qwen2.5-7B-Instruct,reason.plan_answer,reason,table.cols_bin=4_6,450,0.5933333333333334,0.5466666666666666,-0.04666666666666667,-0.03598484848484849,-0.010681818181818181,0.06222222222222222,0.10888888888888888,0.8288888888888889
hitab,Qwen/Qwen2.5-7B-Instruct,reason.plan_answer,reason,table.cols_bin=7_10,615,0.5349593495934959,0.5186991869918699,-0.016260162601626018,-0.03598484848484849,0.01972468588322247,0.07967479674796749,0.0959349593495935,0.824390243902439
hitab,Qwen/Qwen2.5-7B-Instruct,reason.plan_answer,reason,table.cols_bin=gt_10,412,0.6213592233009708,0.5728155339805825,-0.04854368932038835,-0.03598484848484849,-0.012558840835539861,0.07524271844660194,0.12378640776699029,0.8009708737864077
hitab,Qwen/Qwen2.5-7B-Instruct,reason.plan_answer,reason,table.numeric_cols_bin=0,13,0.6153846153846154,0.46153846153846156,-0.15384615384615385,-0.03598484848484849,-0.11786130536130537,0.0,0.15384615384615385,0.8461538461538461
hitab,Qwen/Qwen2.5-7B-Instruct,reason.plan_answer,reason,table.numeric_cols_bin=1,45,0.5777777777777777,0.6,0.022222222222222223,-0.03598484848484849,0.05820707070707071,0.1111111111111111,0.08888888888888889,0.8
hitab,Qwen/Qwen2.5-7B-Instruct,reason.plan_answer,reason,table.numeric_cols_bin=2_3,296,0.6722972972972973,0.6047297297297297,-0.06756756756756757,-0.03598484848484849,-0.031582719082719084,0.0472972972972973,0.11486486486486487,0.8378378378378378
hitab,Qwen/Qwen2.5-7B-Instruct,reason.plan_answer,reason,table.numeric_cols_bin=ge_4,1230,0.5650406504065041,0.5357723577235772,-0.02926829268292683,-0.03598484848484849,0.006716555801921657,0.07723577235772358,0.10650406504065041,0.816260162601626
hitab,Qwen/Qwen2.5-7B-Instruct,reason.plan_answer,reason,table.numeric_density_bin=high,1442,0.5832177531206657,0.5450762829403606,-0.03814147018030513,-0.03598484848484849,-0.002156621695456641,0.07281553398058252,0.11095700416088766,0.8162274618585298
hitab,Qwen/Qwen2.5-7B-Instruct,reason.plan_answer,reason,table.numeric_density_bin=low,40,0.6,0.625,0.025,-0.03598484848484849,0.06098484848484849,0.1,0.075,0.825
hitab,Qwen/Qwen2.5-7B-Instruct,reason.plan_answer,reason,table.numeric_density_bin=mid,89,0.6179775280898876,0.6067415730337079,-0.011235955056179775,-0.03598484848484849,0.024748893428668713,0.056179775280898875,0.06741573033707865,0.8764044943820225
hitab,Qwen/Qwen2.5-7B-Instruct,reason.plan_answer,reason,table.numeric_density_bin=none,13,0.6153846153846154,0.46153846153846156,-0.15384615384615385,-0.03598484848484849,-0.11786130536130537,0.0,0.15384615384615385,0.8461538461538461
hitab,Qwen/Qwen2.5-7B-Instruct,reason.plan_answer,reason,table.rows_bin=0_5,70,0.6142857142857143,0.5428571428571428,-0.07142857142857142,-0.03598484848484849,-0.03544372294372294,0.04285714285714286,0.11428571428571428,0.8428571428571429
hitab,Qwen/Qwen2.5-7B-Instruct,reason.plan_answer,reason,table.rows_bin=11_25,606,0.6039603960396039,0.5726072607260726,-0.03135313531353135,-0.03598484848484849,0.004631713171317137,0.066006600660066,0.09735973597359736,0.8366336633663366
hitab,Qwen/Qwen2.5-7B-Instruct,reason.plan_answer,reason,table.rows_bin=26_50,431,0.5522041763341067,0.5081206496519721,-0.04408352668213457,-0.03598484848484849,-0.008098678197286081,0.07192575406032482,0.11600928074245939,0.8120649651972158
hitab,Qwen/Qwen2.5-7B-Instruct,reason.plan_answer,reason,table.rows_bin=6_10,374,0.5935828877005348,0.56951871657754,-0.02406417112299465,-0.03598484848484849,0.011920677361853836,0.07754010695187166,0.10160427807486631,0.820855614973262
hitab,Qwen/Qwen2.5-7B-Instruct,reason.plan_answer,reason,table.rows_bin=gt_50,103,0.5728155339805825,0.5242718446601942,-0.04854368932038835,-0.03598484848484849,-0.012558840835539861,0.10679611650485436,0.1553398058252427,0.7378640776699029
hitab,Qwen/Qwen2.5-7B-Instruct,reason.plan_answer,reason,table.shape=balanced,841,0.5707491082045184,0.5410225921521997,-0.029726516052318668,-0.03598484848484849,0.006258332432529819,0.0713436385255648,0.10107015457788347,0.8275862068965517
hitab,Qwen/Qwen2.5-7B-Instruct,reason.plan_answer,reason,table.shape=tall,81,0.5802469135802469,0.48148148148148145,-0.09876543209876543,-0.03598484848484849,-0.06278058361391695,0.04938271604938271,0.14814814814814814,0.8024691358024691
hitab,Qwen/Qwen2.5-7B-Instruct,reason.plan_answer,reason,table.shape=wide,662,0.6057401812688822,0.5694864048338368,-0.03625377643504532,-0.03598484848484849,-0.0002689279501968331,0.0755287009063444,0.11178247734138973,0.8126888217522659
hitab,Qwen/Qwen2.5-7B-Instruct,reason.plan_answer,reason,text.has_number,921,0.5971769815418024,0.5580890336590663,-0.03908794788273615,-0.03598484848484849,-0.0031030993978876653,0.06080347448425624,0.0998914223669924,0.8393051031487514
hitab,Qwen/Qwen2.5-7B-Instruct,reason.plan_answer,reason,text.has_ordinal,77,0.45454545454545453,0.44155844155844154,-0.012987012987012988,-0.03598484848484849,0.0229978354978355,0.06493506493506493,0.07792207792207792,0.8571428571428571
hitab,Qwen/Qwen2.5-7B-Instruct,reason.plan_answer,reason,text.has_quoted_span,16,0.8125,0.8125,0.0,-0.03598484848484849,0.03598484848484849,0.0625,0.0625,0.875
hitab,Qwen/Qwen2.5-7B-Instruct,reason.plan_answer,reason,text.has_year,745,0.6080536912751678,0.5583892617449664,-0.049664429530201344,-0.03598484848484849,-0.013679581045352857,0.053691275167785234,0.10335570469798658,0.8429530201342282
hitab,Qwen/Qwen2.5-7B-Instruct,reason.symbolic_op,reason,cell.has_comma_number,636,0.559748427672956,0.559748427672956,0.0,-0.011363636363636364,0.011363636363636364,0.0880503144654088,0.0880503144654088,0.8238993710691824
hitab,Qwen/Qwen2.5-7B-Instruct,reason.symbolic_op,reason,cell.has_currency,87,0.6551724137931034,0.6436781609195402,-0.011494252873563218,-0.011363636363636364,-0.00013061650992685428,0.05747126436781609,0.06896551724137931,0.8735632183908046
hitab,Qwen/Qwen2.5-7B-Instruct,reason.symbolic_op,reason,cell.has_date_like,896,0.5970982142857143,0.5703125,-0.026785714285714284,-0.011363636363636364,-0.01542207792207792,0.06361607142857142,0.09040178571428571,0.8459821428571429
hitab,Qwen/Qwen2.5-7B-Instruct,reason.symbolic_op,reason,cell.has_numeric_range,423,0.5933806146572104,0.5862884160756501,-0.0070921985815602835,-0.011363636363636364,0.0042714377820760804,0.07328605200945626,0.08037825059101655,0.8463356973995272
hitab,Qwen/Qwen2.5-7B-Instruct,reason.symbolic_op,reason,cell.has_percent,154,0.538961038961039,0.538961038961039,0.0,-0.011363636363636364,0.011363636363636364,0.08441558441558442,0.08441558441558442,0.8311688311688312
hitab,Qwen/Qwen2.5-7B-Instruct,reason.symbolic_op,reason,cell.has_score_surface,55,0.4727272727272727,0.41818181818181815,-0.05454545454545454,-0.011363636363636364,-0.04318181818181818,0.05454545454545454,0.10909090909090909,0.8363636363636363
hitab,Qwen/Qwen2.5-7B-Instruct,reason.symbolic_op,reason,cell.missing_value_marker,1514,0.5924702774108322,0.583223249669749,-0.009247027741083224,-0.011363636363636364,0.00211660862255314,0.071334214002642,0.08058124174372523,0.8480845442536328
hitab,Qwen/Qwen2.5-7B-Instruct,reason.symbolic_op,reason,grounding.cell_overlap,1516,0.5883905013192612,0.579155672823219,-0.009234828496042216,-0.011363636363636364,0.0021288078675941475,0.07189973614775726,0.08113456464379948,0.8469656992084432
hitab,Qwen/Qwen2.5-7B-Instruct,reason.symbolic_op,reason,grounding.header_overlap,1204,0.5996677740863787,0.5863787375415282,-0.013289036544850499,-0.011363636363636364,-0.0019254001812141347,0.06727574750830564,0.08056478405315615,0.8521594684385382
hitab,Qwen/Qwen2.5-7B-Instruct,reason.symbolic_op,reason,intent.aggregate_noncount,161,0.577639751552795,0.5590062111801242,-0.018633540372670808,-0.011363636363636364,-0.007269904009034444,0.055900621118012424,0.07453416149068323,0.8695652173913043
hitab,Qwen/Qwen2.5-7B-Instruct,reason.symbolic_op,reason,intent.arithmetic,598,0.5869565217391305,0.5836120401337793,-0.0033444816053511705,-0.011363636363636364,0.008019154758285194,0.06856187290969899,0.07190635451505016,0.8595317725752508
hitab,Qwen/Qwen2.5-7B-Instruct,reason.symbolic_op,reason,intent.comparison,56,0.4107142857142857,0.42857142857142855,0.017857142857142856,-0.011363636363636364,0.02922077922077922,0.07142857142857142,0.05357142857142857,0.875
hitab,Qwen/Qwen2.5-7B-Instruct,reason.symbolic_op,reason,intent.count,473,0.5560253699788583,0.547568710359408,-0.008456659619450317,-0.011363636363636364,0.0029069767441860465,0.06765327695560254,0.07610993657505286,0.8562367864693446
hitab,Qwen/Qwen2.5-7B-Instruct,reason.symbolic_op,reason,intent.negation_marker,91,0.5384615384615384,0.4725274725274725,-0.06593406593406594,-0.011363636363636364,-0.05457042957042957,0.07692307692307693,0.14285714285714285,0.7802197802197802
hitab,Qwen/Qwen2.5-7B-Instruct,reason.symbolic_op,reason,intent.superlative_rank,205,0.5560975609756098,0.5317073170731708,-0.024390243902439025,-0.011363636363636364,-0.013026607538802661,0.06341463414634146,0.08780487804878048,0.848780487804878
hitab,Qwen/Qwen2.5-7B-Instruct,reason.symbolic_op,reason,intent.temporal,859,0.5972060535506403,0.5715948777648429,-0.025611175785797437,-0.011363636363636364,-0.014247539422161073,0.06053550640279395,0.08614668218859138,0.8533178114086146
hitab,Qwen/Qwen2.5-7B-Instruct,reason.symbolic_op,reason,"native.hitab_agg_type=['argmax', 'average']",1,0.0,0.0,0.0,-0.011363636363636364,0.011363636363636364,0.0,0.0,1.0
hitab,Qwen/Qwen2.5-7B-Instruct,reason.symbolic_op,reason,"native.hitab_agg_type=['argmax', 'opposite']",1,1.0,1.0,0.0,-0.011363636363636364,0.011363636363636364,0.0,0.0,1.0
hitab,Qwen/Qwen2.5-7B-Instruct,reason.symbolic_op,reason,native.hitab_agg_type=['argmax'],54,0.6111111111111112,0.5555555555555556,-0.05555555555555555,-0.011363636363636364,-0.044191919191919185,0.05555555555555555,0.1111111111111111,0.8333333333333334
hitab,Qwen/Qwen2.5-7B-Instruct,reason.symbolic_op,reason,native.hitab_agg_type=['argmin'],19,0.5789473684210527,0.47368421052631576,-0.10526315789473684,-0.011363636363636364,-0.09389952153110047,0.05263157894736842,0.15789473684210525,0.7894736842105263
hitab,Qwen/Qwen2.5-7B-Instruct,reason.symbolic_op,reason,"native.hitab_agg_type=['average', 'greater_than']",1,1.0,0.0,-1.0,-0.011363636363636364,-0.9886363636363636,0.0,1.0,0.0
hitab,Qwen/Qwen2.5-7B-Instruct,reason.symbolic_op,reason,native.hitab_agg_type=['average'],1,0.0,0.0,0.0,-0.011363636363636364,0.011363636363636364,0.0,0.0,1.0
hitab,Qwen/Qwen2.5-7B-Instruct,reason.symbolic_op,reason,native.hitab_agg_type=['counta'],3,1.0,0.0,-1.0,-0.011363636363636364,-0.9886363636363636,0.0,1.0,0.0
hitab,Qwen/Qwen2.5-7B-Instruct,reason.symbolic_op,reason,"native.hitab_agg_type=['diff', 'div']",7,0.0,0.0,0.0,-0.011363636363636364,0.011363636363636364,0.0,0.0,1.0
hitab,Qwen/Qwen2.5-7B-Instruct,reason.symbolic_op,reason,"native.hitab_agg_type=['diff', 'opposite', 'div']",2,0.0,0.0,0.0,-0.011363636363636364,0.011363636363636364,0.0,0.0,1.0
hitab,Qwen/Qwen2.5-7B-Instruct,reason.symbolic_op,reason,"native.hitab_agg_type=['diff', 'opposite']",1,1.0,1.0,0.0,-0.011363636363636364,0.011363636363636364,0.0,0.0,1.0
hitab,Qwen/Qwen2.5-7B-Instruct,reason.symbolic_op,reason,"native.hitab_agg_type=['diff', 'pair-argmax']",1,1.0,1.0,0.0,-0.011363636363636364,0.011363636363636364,0.0,0.0,1.0
hitab,Qwen/Qwen2.5-7B-Instruct,reason.symbolic_op,reason,native.hitab_agg_type=['diff'],45,0.4,0.5111111111111111,0.1111111111111111,-0.011363636363636364,0.12247474747474747,0.1111111111111111,0.0,0.8888888888888888
hitab,Qwen/Qwen2.5-7B-Instruct,reason.symbolic_op,reason,native.hitab_agg_type=['div'],76,0.09210526315789473,0.10526315789473684,0.013157894736842105,-0.011363636363636364,0.02452153110047847,0.02631578947368421,0.013157894736842105,0.9605263157894737
hitab,Qwen/Qwen2.5-7B-Instruct,reason.symbolic_op,reason,native.hitab_agg_type=['greater_than'],7,0.7142857142857143,0.7142857142857143,0.0,-0.011363636363636364,0.011363636363636364,0.14285714285714285,0.14285714285714285,0.7142857142857143
hitab,Qwen/Qwen2.5-7B-Instruct,reason.symbolic_op,reason,native.hitab_agg_type=['kth-argmax'],5,0.2,0.2,0.0,-0.011363636363636364,0.011363636363636364,0.0,0.0,1.0
hitab,Qwen/Qwen2.5-7B-Instruct,reason.symbolic_op,reason,native.hitab_agg_type=['less_than'],6,0.6666666666666666,0.6666666666666666,0.0,-0.011363636363636364,0.011363636363636364,0.0,0.0,1.0
hitab,Qwen/Qwen2.5-7B-Instruct,reason.symbolic_op,reason,native.hitab_agg_type=['max'],16,0.5625,0.5625,0.0,-0.011363636363636364,0.011363636363636364,0.0,0.0,1.0
hitab,Qwen/Qwen2.5-7B-Instruct,reason.symbolic_op,reason,native.hitab_agg_type=['min'],6,0.6666666666666666,0.6666666666666666,0.0,-0.011363636363636364,0.011363636363636364,0.0,0.0,1.0
hitab,Qwen/Qwen2.5-7B-Instruct,reason.symbolic_op,reason,native.hitab_agg_type=['none'],1133,0.6646072374227714,0.6487202118270079,-0.01588702559576346,-0.011363636363636364,-0.0045233892321270945,0.07766990291262135,0.09355692850838482,0.8287731685789939
hitab,Qwen/Qwen2.5-7B-Instruct,reason.symbolic_op,reason,"native.hitab_agg_type=['opposite', 'pair-argmax']",1,1.0,1.0,0.0,-0.011363636363636364,0.011363636363636364,0.0,0.0,1.0
hitab,Qwen/Qwen2.5-7B-Instruct,reason.symbolic_op,reason,native.hitab_agg_type=['opposite'],49,0.08163265306122448,0.12244897959183673,0.04081632653061224,-0.011363636363636364,0.0521799628942486,0.04081632653061224,0.0,0.9591836734693877
hitab,Qwen/Qwen2.5-7B-Instruct,reason.symbolic_op,reason,native.hitab_agg_type=['pair-argmax'],93,0.5591397849462365,0.5806451612903226,0.021505376344086023,-0.011363636363636364,0.032869012707722384,0.07526881720430108,0.053763440860215055,0.8709677419354839
hitab,Qwen/Qwen2.5-7B-Instruct,reason.symbolic_op,reason,native.hitab_agg_type=['pair-argmin'],21,0.6666666666666666,0.5714285714285714,-0.09523809523809523,-0.011363636363636364,-0.08387445887445887,0.0,0.09523809523809523,0.9047619047619048
hitab,Qwen/Qwen2.5-7B-Instruct,reason.symbolic_op,reason,native.hitab_agg_type=['range'],3,0.0,0.3333333333333333,0.3333333333333333,-0.011363636363636364,0.34469696969696967,0.3333333333333333,0.0,0.6666666666666666
hitab,Qwen/Qwen2.5-7B-Instruct,reason.symbolic_op,reason,native.hitab_agg_type=['sum'],22,0.22727272727272727,0.22727272727272727,0.0,-0.011363636363636364,0.011363636363636364,0.09090909090909091,0.09090909090909091,0.8181818181818182
hitab,Qwen/Qwen2.5-7B-Instruct,reason.symbolic_op,reason,native.hitab_agg_type=['topk-argmax'],10,0.0,0.0,0.0,-0.011363636363636364,0.011363636363636364,0.0,0.0,1.0
hitab,Qwen/Qwen2.5-7B-Instruct,reason.symbolic_op,reason,native.hitab_source_family=nsf,97,0.4020618556701031,0.41237113402061853,0.010309278350515464,-0.011363636363636364,0.02167291471415183,0.061855670103092786,0.05154639175257732,0.8865979381443299
hitab,Qwen/Qwen2.5-7B-Instruct,reason.symbolic_op,reason,native.hitab_source_family=statcan,1189,0.5685449957947856,0.5643397813288478,-0.004205214465937763,-0.011363636363636364,0.007158421897698601,0.07569386038687972,0.0798990748528175,0.8444070647603028
hitab,Qwen/Qwen2.5-7B-Instruct,reason.symbolic_op,reason,native.hitab_source_family=totto,298,0.714765100671141,0.6677852348993288,-0.04697986577181208,-0.011363636363636364,-0.035616229408175715,0.053691275167785234,0.10067114093959731,0.8456375838926175
hitab,Qwen/Qwen2.5-7B-Instruct,reason.symbolic_op,reason,schema.has_date_col,322,0.6832298136645962,0.6335403726708074,-0.049689440993788817,-0.011363636363636364,-0.03832580463015245,0.055900621118012424,0.10559006211180125,0.8385093167701864
hitab,Qwen/Qwen2.5-7B-Instruct,reason.symbolic_op,reason,schema.has_rank_col,12,0.4166666666666667,0.3333333333333333,-0.08333333333333333,-0.011363636363636364,-0.07196969696969696,0.08333333333333333,0.16666666666666666,0.75
hitab,Qwen/Qwen2.5-7B-Instruct,reason.symbolic_op,reason,schema.has_score_col,64,0.46875,0.421875,-0.046875,-0.011363636363636364,-0.03551136363636363,0.046875,0.09375,0.859375
hitab,Qwen/Qwen2.5-7B-Instruct,reason.symbolic_op,reason,schema.has_unit_col,295,0.5627118644067797,0.5627118644067797,0.0,-0.011363636363636364,0.011363636363636364,0.07796610169491526,0.07796610169491526,0.8440677966101695
hitab,Qwen/Qwen2.5-7B-Instruct,reason.symbolic_op,reason,schema.header_repetition_marker,1134,0.5961199294532628,0.5934744268077602,-0.0026455026455026454,-0.011363636363636364,0.008718133718133719,0.07495590828924162,0.07760141093474426,0.8474426807760141
hitab,Qwen/Qwen2.5-7B-Instruct,reason.symbolic_op,reason,table.cols_bin=0_3,107,0.7102803738317757,0.6542056074766355,-0.056074766355140186,-0.011363636363636364,-0.044711129991503826,0.037383177570093455,0.09345794392523364,0.8691588785046729
hitab,Qwen/Qwen2.5-7B-Instruct,reason.symbolic_op,reason,table.cols_bin=4_6,450,0.5933333333333334,0.5911111111111111,-0.0022222222222222222,-0.011363636363636364,0.009141414141414141,0.06888888888888889,0.07111111111111111,0.86
hitab,Qwen/Qwen2.5-7B-Instruct,reason.symbolic_op,reason,table.cols_bin=7_10,615,0.5349593495934959,0.5349593495934959,0.0,-0.011363636363636364,0.011363636363636364,0.07317073170731707,0.07317073170731707,0.8536585365853658
hitab,Qwen/Qwen2.5-7B-Instruct,reason.symbolic_op,reason,table.cols_bin=gt_10,412,0.6213592233009708,0.5946601941747572,-0.02669902912621359,-0.011363636363636364,-0.015335392762577227,0.07766990291262135,0.10436893203883495,0.8179611650485437
hitab,Qwen/Qwen2.5-7B-Instruct,reason.symbolic_op,reason,table.numeric_cols_bin=0,13,0.6153846153846154,0.38461538461538464,-0.23076923076923078,-0.011363636363636364,-0.21940559440559443,0.0,0.23076923076923078,0.7692307692307693
hitab,Qwen/Qwen2.5-7B-Instruct,reason.symbolic_op,reason,table.numeric_cols_bin=1,45,0.5777777777777777,0.5555555555555556,-0.022222222222222223,-0.011363636363636364,-0.010858585858585859,0.08888888888888889,0.1111111111111111,0.8
hitab,Qwen/Qwen2.5-7B-Instruct,reason.symbolic_op,reason,table.numeric_cols_bin=2_3,296,0.6722972972972973,0.6452702702702703,-0.02702702702702703,-0.011363636363636364,-0.015663390663390665,0.057432432432432436,0.08445945945945946,0.8581081081081081
hitab,Qwen/Qwen2.5-7B-Instruct,reason.symbolic_op,reason,table.numeric_cols_bin=ge_4,1230,0.5650406504065041,0.5601626016260163,-0.004878048780487805,-0.011363636363636364,0.006485587583148559,0.07398373983739838,0.07886178861788617,0.8471544715447155
hitab,Qwen/Qwen2.5-7B-Instruct,reason.symbolic_op,reason,table.numeric_density_bin=high,1442,0.5832177531206657,0.5755894590846047,-0.0076282940360610264,-0.011363636363636364,0.0037353423275753375,0.07281553398058252,0.08044382801664356,0.8467406380027739
hitab,Qwen/Qwen2.5-7B-Instruct,reason.symbolic_op,reason,table.numeric_density_bin=low,40,0.6,0.65,0.05,-0.011363636363636364,0.06136363636363637,0.125,0.075,0.8
hitab,Qwen/Qwen2.5-7B-Instruct,reason.symbolic_op,reason,table.numeric_density_bin=mid,89,0.6179775280898876,0.550561797752809,-0.06741573033707865,-0.011363636363636364,-0.05605209397344228,0.02247191011235955,0.0898876404494382,0.8876404494382022
hitab,Qwen/Qwen2.5-7B-Instruct,reason.symbolic_op,reason,table.numeric_density_bin=none,13,0.6153846153846154,0.38461538461538464,-0.23076923076923078,-0.011363636363636364,-0.21940559440559443,0.0,0.23076923076923078,0.7692307692307693
hitab,Qwen/Qwen2.5-7B-Instruct,reason.symbolic_op,reason,table.rows_bin=0_5,70,0.6142857142857143,0.6,-0.014285714285714285,-0.011363636363636364,-0.0029220779220779213,0.07142857142857142,0.08571428571428572,0.8428571428571429
hitab,Qwen/Qwen2.5-7B-Instruct,reason.symbolic_op,reason,table.rows_bin=11_25,606,0.6039603960396039,0.5825082508250825,-0.02145214521452145,-0.011363636363636364,-0.010088508850885088,0.0627062706270627,0.08415841584158416,0.8531353135313532
hitab,Qwen/Qwen2.5-7B-Instruct,reason.symbolic_op,reason,table.rows_bin=26_50,431,0.5522041763341067,0.5243619489559165,-0.027842227378190254,-0.011363636363636364,-0.01647859101455389,0.06960556844547564,0.09744779582366589,0.8329466357308585
hitab,Qwen/Qwen2.5-7B-Instruct,reason.symbolic_op,reason,table.rows_bin=6_10,374,0.5935828877005348,0.6229946524064172,0.029411764705882353,-0.011363636363636364,0.04077540106951871,0.0855614973262032,0.05614973262032086,0.8582887700534759
hitab,Qwen/Qwen2.5-7B-Instruct,reason.symbolic_op,reason,table.rows_bin=gt_50,103,0.5728155339805825,0.5436893203883495,-0.02912621359223301,-0.011363636363636364,-0.017762577228596647,0.06796116504854369,0.0970873786407767,0.8349514563106796
hitab,Qwen/Qwen2.5-7B-Instruct,reason.symbolic_op,reason,table.shape=balanced,841,0.5707491082045184,0.5517241379310345,-0.019024970273483946,-0.011363636363636364,-0.007661333909847582,0.06777645659928656,0.08680142687277051,0.845422116527943
hitab,Qwen/Qwen2.5-7B-Instruct,reason.symbolic_op,reason,table.shape=tall,81,0.5802469135802469,0.5555555555555556,-0.024691358024691357,-0.011363636363636364,-0.013327721661054993,0.024691358024691357,0.04938271604938271,0.9259259259259259
hitab,Qwen/Qwen2.5-7B-Instruct,reason.symbolic_op,reason,table.shape=wide,662,0.6057401812688822,0.6057401812688822,0.0,-0.011363636363636364,0.011363636363636364,0.08006042296072508,0.08006042296072508,0.8398791540785498
hitab,Qwen/Qwen2.5-7B-Instruct,reason.symbolic_op,reason,text.has_number,921,0.5971769815418024,0.5841476655808904,-0.013029315960912053,-0.011363636363636364,-0.0016656795972756887,0.06406080347448426,0.07709011943539631,0.8588490770901195
hitab,Qwen/Qwen2.5-7B-Instruct,reason.symbolic_op,reason,text.has_ordinal,77,0.45454545454545453,0.4935064935064935,0.03896103896103896,-0.011363636363636364,0.05032467532467533,0.07792207792207792,0.03896103896103896,0.8831168831168831
hitab,Qwen/Qwen2.5-7B-Instruct,reason.symbolic_op,reason,text.has_quoted_span,16,0.8125,0.75,-0.0625,-0.011363636363636364,-0.05113636363636363,0.0,0.0625,0.9375
hitab,Qwen/Qwen2.5-7B-Instruct,reason.symbolic_op,reason,text.has_year,745,0.6080536912751678,0.5838926174496645,-0.024161073825503355,-0.011363636363636364,-0.012797437461866991,0.056375838926174496,0.08053691275167785,0.8630872483221477
hitab,Qwen/Qwen2.5-7B-Instruct,reason.verify,reason,cell.has_comma_number,636,0.559748427672956,0.5738993710691824,0.014150943396226415,0.005050505050505051,0.009100438345721364,0.08490566037735849,0.07075471698113207,0.8443396226415094
hitab,Qwen/Qwen2.5-7B-Instruct,reason.verify,reason,cell.has_currency,87,0.6551724137931034,0.6206896551724138,-0.034482758620689655,0.005050505050505051,-0.0395332636711947,0.034482758620689655,0.06896551724137931,0.896551724137931
hitab,Qwen/Qwen2.5-7B-Instruct,reason.verify,reason,cell.has_date_like,896,0.5970982142857143,0.5904017857142857,-0.006696428571428571,0.005050505050505051,-0.011746933621933622,0.06584821428571429,0.07254464285714286,0.8616071428571429
hitab,Qwen/Qwen2.5-7B-Instruct,reason.verify,reason,cell.has_numeric_range,423,0.5933806146572104,0.6004728132387707,0.0070921985815602835,0.005050505050505051,0.0020416935310552326,0.08037825059101655,0.07328605200945626,0.8463356973995272
hitab,Qwen/Qwen2.5-7B-Instruct,reason.verify,reason,cell.has_percent,154,0.538961038961039,0.5324675324675324,-0.006493506493506494,0.005050505050505051,-0.011544011544011544,0.07142857142857142,0.07792207792207792,0.8506493506493507
hitab,Qwen/Qwen2.5-7B-Instruct,reason.verify,reason,cell.has_score_surface,55,0.4727272727272727,0.38181818181818183,-0.09090909090909091,0.005050505050505051,-0.09595959595959597,0.05454545454545454,0.14545454545454545,0.8
hitab,Qwen/Qwen2.5-7B-Instruct,reason.verify,reason,cell.missing_value_marker,1514,0.5924702774108322,0.5990752972258917,0.0066050198150594455,0.005050505050505051,0.0015545147645543945,0.07199471598414796,0.0653896961690885,0.8626155878467635
hitab,Qwen/Qwen2.5-7B-Instruct,reason.verify,reason,grounding.cell_overlap,1516,0.5883905013192612,0.5963060686015831,0.0079155672823219,0.005050505050505051,0.0028650622318168494,0.0712401055408971,0.0633245382585752,0.8654353562005277
hitab,Qwen/Qwen2.5-7B-Instruct,reason.verify,reason,grounding.header_overlap,1204,0.5996677740863787,0.6013289036544851,0.0016611295681063123,0.005050505050505051,-0.0033893754823987386,0.0664451827242525,0.06478405315614617,0.8687707641196013
hitab,Qwen/Qwen2.5-7B-Instruct,reason.verify,reason,intent.aggregate_noncount,161,0.577639751552795,0.5838509316770186,0.006211180124223602,0.005050505050505051,0.0011606750737185511,0.062111801242236024,0.055900621118012424,0.8819875776397516
hitab,Qwen/Qwen2.5-7B-Instruct,reason.verify,reason,intent.arithmetic,598,0.5869565217391305,0.5886287625418061,0.0016722408026755853,0.005050505050505051,-0.003378264247829466,0.07023411371237458,0.06856187290969899,0.8612040133779264
hitab,Qwen/Qwen2.5-7B-Instruct,reason.verify,reason,intent.comparison,56,0.4107142857142857,0.4107142857142857,0.0,0.005050505050505051,-0.005050505050505051,0.05357142857142857,0.05357142857142857,0.8928571428571429
hitab,Qwen/Qwen2.5-7B-Instruct,reason.verify,reason,intent.count,473,0.5560253699788583,0.5369978858350951,-0.019027484143763214,0.005050505050505051,-0.024077989194268266,0.05496828752642706,0.07399577167019028,0.8710359408033826
hitab,Qwen/Qwen2.5-7B-Instruct,reason.verify,reason,intent.negation_marker,91,0.5384615384615384,0.5494505494505495,0.01098901098901099,0.005050505050505051,0.005938505938505939,0.08791208791208792,0.07692307692307693,0.8351648351648352
hitab,Qwen/Qwen2.5-7B-Instruct,reason.verify,reason,intent.superlative_rank,205,0.5560975609756098,0.5609756097560976,0.004878048780487805,0.005050505050505051,-0.00017245627001724606,0.07804878048780488,0.07317073170731707,0.848780487804878
hitab,Qwen/Qwen2.5-7B-Instruct,reason.verify,reason,intent.temporal,859,0.5972060535506403,0.5913853317811408,-0.005820721769499418,0.005050505050505051,-0.010871226820004468,0.059371362048894066,0.06519208381839348,0.8754365541327125
hitab,Qwen/Qwen2.5-7B-Instruct,reason.verify,reason,"native.hitab_agg_type=['argmax', 'average']",1,0.0,0.0,0.0,0.005050505050505051,-0.005050505050505051,0.0,0.0,1.0
hitab,Qwen/Qwen2.5-7B-Instruct,reason.verify,reason,"native.hitab_agg_type=['argmax', 'opposite']",1,1.0,1.0,0.0,0.005050505050505051,-0.005050505050505051,0.0,0.0,1.0
hitab,Qwen/Qwen2.5-7B-Instruct,reason.verify,reason,native.hitab_agg_type=['argmax'],54,0.6111111111111112,0.6481481481481481,0.037037037037037035,0.005050505050505051,0.03198653198653199,0.09259259259259259,0.05555555555555555,0.8518518518518519
hitab,Qwen/Qwen2.5-7B-Instruct,reason.verify,reason,native.hitab_agg_type=['argmin'],19,0.5789473684210527,0.5263157894736842,-0.05263157894736842,0.005050505050505051,-0.057682083997873466,0.10526315789473684,0.15789473684210525,0.7368421052631579
hitab,Qwen/Qwen2.5-7B-Instruct,reason.verify,reason,"native.hitab_agg_type=['average', 'greater_than']",1,1.0,0.0,-1.0,0.005050505050505051,-1.005050505050505,0.0,1.0,0.0
hitab,Qwen/Qwen2.5-7B-Instruct,reason.verify,reason,native.hitab_agg_type=['average'],1,0.0,0.0,0.0,0.005050505050505051,-0.005050505050505051,0.0,0.0,1.0
hitab,Qwen/Qwen2.5-7B-Instruct,reason.verify,reason,native.hitab_agg_type=['counta'],3,1.0,0.0,-1.0,0.005050505050505051,-1.005050505050505,0.0,1.0,0.0
hitab,Qwen/Qwen2.5-7B-Instruct,reason.verify,reason,"native.hitab_agg_type=['diff', 'div']",7,0.0,0.0,0.0,0.005050505050505051,-0.005050505050505051,0.0,0.0,1.0
hitab,Qwen/Qwen2.5-7B-Instruct,reason.verify,reason,"native.hitab_agg_type=['diff', 'opposite', 'div']",2,0.0,0.0,0.0,0.005050505050505051,-0.005050505050505051,0.0,0.0,1.0
hitab,Qwen/Qwen2.5-7B-Instruct,reason.verify,reason,"native.hitab_agg_type=['diff', 'opposite']",1,1.0,1.0,0.0,0.005050505050505051,-0.005050505050505051,0.0,0.0,1.0
hitab,Qwen/Qwen2.5-7B-Instruct,reason.verify,reason,"native.hitab_agg_type=['diff', 'pair-argmax']",1,1.0,1.0,0.0,0.005050505050505051,-0.005050505050505051,0.0,0.0,1.0
hitab,Qwen/Qwen2.5-7B-Instruct,reason.verify,reason,native.hitab_agg_type=['diff'],45,0.4,0.4222222222222222,0.022222222222222223,0.005050505050505051,0.01717171717171717,0.044444444444444446,0.022222222222222223,0.9333333333333333
hitab,Qwen/Qwen2.5-7B-Instruct,reason.verify,reason,native.hitab_agg_type=['div'],76,0.09210526315789473,0.07894736842105263,-0.013157894736842105,0.005050505050505051,-0.018208399787347156,0.02631578947368421,0.039473684210526314,0.9342105263157895
hitab,Qwen/Qwen2.5-7B-Instruct,reason.verify,reason,native.hitab_agg_type=['greater_than'],7,0.7142857142857143,0.8571428571428571,0.14285714285714285,0.005050505050505051,0.1378066378066378,0.2857142857142857,0.14285714285714285,0.5714285714285714
hitab,Qwen/Qwen2.5-7B-Instruct,reason.verify,reason,native.hitab_agg_type=['kth-argmax'],5,0.2,0.2,0.0,0.005050505050505051,-0.005050505050505051,0.2,0.2,0.6
hitab,Qwen/Qwen2.5-7B-Instruct,reason.verify,reason,native.hitab_agg_type=['less_than'],6,0.6666666666666666,0.6666666666666666,0.0,0.005050505050505051,-0.005050505050505051,0.0,0.0,1.0
hitab,Qwen/Qwen2.5-7B-Instruct,reason.verify,reason,native.hitab_agg_type=['max'],16,0.5625,0.5625,0.0,0.005050505050505051,-0.005050505050505051,0.0,0.0,1.0
hitab,Qwen/Qwen2.5-7B-Instruct,reason.verify,reason,native.hitab_agg_type=['min'],6,0.6666666666666666,0.6666666666666666,0.0,0.005050505050505051,-0.005050505050505051,0.0,0.0,1.0
hitab,Qwen/Qwen2.5-7B-Instruct,reason.verify,reason,native.hitab_agg_type=['none'],1133,0.6646072374227714,0.675198587819947,0.01059135039717564,0.005050505050505051,0.00554084534667059,0.07766990291262135,0.06707855251544571,0.855251544571933
hitab,Qwen/Qwen2.5-7B-Instruct,reason.verify,reason,"native.hitab_agg_type=['opposite', 'pair-argmax']",1,1.0,1.0,0.0,0.005050505050505051,-0.005050505050505051,0.0,0.0,1.0
hitab,Qwen/Qwen2.5-7B-Instruct,reason.verify,reason,native.hitab_agg_type=['opposite'],49,0.08163265306122448,0.12244897959183673,0.04081632653061224,0.005050505050505051,0.03576582148010719,0.061224489795918366,0.02040816326530612,0.9183673469387755
hitab,Qwen/Qwen2.5-7B-Instruct,reason.verify,reason,native.hitab_agg_type=['pair-argmax'],93,0.5591397849462365,0.5376344086021505,-0.021505376344086023,0.005050505050505051,-0.026555881394591075,0.043010752688172046,0.06451612903225806,0.8924731182795699
hitab,Qwen/Qwen2.5-7B-Instruct,reason.verify,reason,native.hitab_agg_type=['pair-argmin'],21,0.6666666666666666,0.5714285714285714,-0.09523809523809523,0.005050505050505051,-0.10028860028860029,0.0,0.09523809523809523,0.9047619047619048
hitab,Qwen/Qwen2.5-7B-Instruct,reason.verify,reason,native.hitab_agg_type=['range'],3,0.0,0.0,0.0,0.005050505050505051,-0.005050505050505051,0.0,0.0,1.0
hitab,Qwen/Qwen2.5-7B-Instruct,reason.verify,reason,native.hitab_agg_type=['sum'],22,0.22727272727272727,0.22727272727272727,0.0,0.005050505050505051,-0.005050505050505051,0.09090909090909091,0.09090909090909091,0.8181818181818182
hitab,Qwen/Qwen2.5-7B-Instruct,reason.verify,reason,native.hitab_agg_type=['topk-argmax'],10,0.0,0.0,0.0,0.005050505050505051,-0.005050505050505051,0.0,0.0,1.0
hitab,Qwen/Qwen2.5-7B-Instruct,reason.verify,reason,native.hitab_source_family=nsf,97,0.4020618556701031,0.3711340206185567,-0.030927835051546393,0.005050505050505051,-0.03597834010205144,0.061855670103092786,0.09278350515463918,0.845360824742268
hitab,Qwen/Qwen2.5-7B-Instruct,reason.verify,reason,native.hitab_source_family=statcan,1189,0.5685449957947856,0.5761143818334735,0.007569386038687973,0.005050505050505051,0.002518880988182922,0.07317073170731707,0.0656013456686291,0.8612279226240538
hitab,Qwen/Qwen2.5-7B-Instruct,reason.verify,reason,native.hitab_source_family=totto,298,0.714765100671141,0.7214765100671141,0.006711409395973154,0.005050505050505051,0.0016609043454681033,0.06040268456375839,0.053691275167785234,0.8859060402684564
hitab,Qwen/Qwen2.5-7B-Instruct,reason.verify,reason,schema.has_date_col,322,0.6832298136645962,0.6894409937888198,0.006211180124223602,0.005050505050505051,0.0011606750737185511,0.055900621118012424,0.049689440993788817,0.8944099378881988
hitab,Qwen/Qwen2.5-7B-Instruct,reason.verify,reason,schema.has_rank_col,12,0.4166666666666667,0.4166666666666667,0.0,0.005050505050505051,-0.005050505050505051,0.16666666666666666,0.16666666666666666,0.6666666666666666
hitab,Qwen/Qwen2.5-7B-Instruct,reason.verify,reason,schema.has_score_col,64,0.46875,0.390625,-0.078125,0.005050505050505051,-0.08317550505050506,0.046875,0.125,0.828125
hitab,Qwen/Qwen2.5-7B-Instruct,reason.verify,reason,schema.has_unit_col,295,0.5627118644067797,0.576271186440678,0.013559322033898305,0.005050505050505051,0.008508816983393255,0.07796610169491526,0.06440677966101695,0.8576271186440678
hitab,Qwen/Qwen2.5-7B-Instruct,reason.verify,reason,schema.header_repetition_marker,1134,0.5961199294532628,0.6155202821869489,0.019400352733686066,0.005050505050505051,0.014349847683181014,0.08024691358024691,0.06084656084656084,0.8589065255731922
hitab,Qwen/Qwen2.5-7B-Instruct,reason.verify,reason,table.cols_bin=0_3,107,0.7102803738317757,0.6635514018691588,-0.04672897196261682,0.005050505050505051,-0.05177947701312187,0.037383177570093455,0.08411214953271028,0.8785046728971962
hitab,Qwen/Qwen2.5-7B-Instruct,reason.verify,reason,table.cols_bin=4_6,450,0.5933333333333334,0.5933333333333334,0.0,0.005050505050505051,-0.005050505050505051,0.06222222222222222,0.06222222222222222,0.8755555555555555
hitab,Qwen/Qwen2.5-7B-Instruct,reason.verify,reason,table.cols_bin=7_10,615,0.5349593495934959,0.5544715447154471,0.01951219512195122,0.005050505050505051,0.014461690071446168,0.07479674796747968,0.055284552845528454,0.8699186991869918
hitab,Qwen/Qwen2.5-7B-Instruct,reason.verify,reason,table.cols_bin=gt_10,412,0.6213592233009708,0.6237864077669902,0.0024271844660194173,0.005050505050505051,-0.0026233205844856337,0.08009708737864078,0.07766990291262135,0.8422330097087378
hitab,Qwen/Qwen2.5-7B-Instruct,reason.verify,reason,table.numeric_cols_bin=0,13,0.6153846153846154,0.5384615384615384,-0.07692307692307693,0.005050505050505051,-0.08197358197358198,0.0,0.07692307692307693,0.9230769230769231
hitab,Qwen/Qwen2.5-7B-Instruct,reason.verify,reason,table.numeric_cols_bin=1,45,0.5777777777777777,0.5555555555555556,-0.022222222222222223,0.005050505050505051,-0.027272727272727275,0.044444444444444446,0.06666666666666667,0.8888888888888888
hitab,Qwen/Qwen2.5-7B-Instruct,reason.verify,reason,table.numeric_cols_bin=2_3,296,0.6722972972972973,0.6486486486486487,-0.02364864864864865,0.005050505050505051,-0.028699153699153702,0.057432432432432436,0.08108108108108109,0.8614864864864865
hitab,Qwen/Qwen2.5-7B-Instruct,reason.verify,reason,table.numeric_cols_bin=ge_4,1230,0.5650406504065041,0.5788617886178862,0.013821138211382113,0.005050505050505051,0.008770633160877062,0.07479674796747968,0.06097560975609756,0.8642276422764228
hitab,Qwen/Qwen2.5-7B-Instruct,reason.verify,reason,table.numeric_density_bin=high,1442,0.5832177531206657,0.5894590846047156,0.0062413314840499305,0.005050505050505051,0.0011908264335448795,0.07212205270457697,0.06588072122052704,0.8619972260748959
hitab,Qwen/Qwen2.5-7B-Instruct,reason.verify,reason,table.numeric_density_bin=low,40,0.6,0.675,0.075,0.005050505050505051,0.06994949494949494,0.1,0.025,0.875
hitab,Qwen/Qwen2.5-7B-Instruct,reason.verify,reason,table.numeric_density_bin=mid,89,0.6179775280898876,0.5842696629213483,-0.033707865168539325,0.005050505050505051,-0.03875837021904437,0.033707865168539325,0.06741573033707865,0.898876404494382
hitab,Qwen/Qwen2.5-7B-Instruct,reason.verify,reason,table.numeric_density_bin=none,13,0.6153846153846154,0.5384615384615384,-0.07692307692307693,0.005050505050505051,-0.08197358197358198,0.0,0.07692307692307693,0.9230769230769231
hitab,Qwen/Qwen2.5-7B-Instruct,reason.verify,reason,table.rows_bin=0_5,70,0.6142857142857143,0.6285714285714286,0.014285714285714285,0.005050505050505051,0.009235209235209235,0.04285714285714286,0.02857142857142857,0.9285714285714286
hitab,Qwen/Qwen2.5-7B-Instruct,reason.verify,reason,table.rows_bin=11_25,606,0.6039603960396039,0.6138613861386139,0.009900990099009901,0.005050505050505051,0.00485048504850485,0.06930693069306931,0.0594059405940594,0.8712871287128713
hitab,Qwen/Qwen2.5-7B-Instruct,reason.verify,reason,table.rows_bin=26_50,431,0.5522041763341067,0.5197215777262181,-0.03248259860788863,0.005050505050505051,-0.03753310365839368,0.06496519721577726,0.09744779582366589,0.8375870069605569
hitab,Qwen/Qwen2.5-7B-Instruct,reason.verify,reason,table.rows_bin=6_10,374,0.5935828877005348,0.6336898395721925,0.040106951871657755,0.005050505050505051,0.035056446821152706,0.08021390374331551,0.040106951871657755,0.8796791443850267
hitab,Qwen/Qwen2.5-7B-Instruct,reason.verify,reason,table.rows_bin=gt_50,103,0.5728155339805825,0.5728155339805825,0.0,0.005050505050505051,-0.005050505050505051,0.07766990291262135,0.07766990291262135,0.8446601941747572
hitab,Qwen/Qwen2.5-7B-Instruct,reason.verify,reason,table.shape=balanced,841,0.5707491082045184,0.5671819262782402,-0.0035671819262782403,0.005050505050505051,-0.00861768697678329,0.06658739595719382,0.07015457788347206,0.8632580261593341
hitab,Qwen/Qwen2.5-7B-Instruct,reason.verify,reason,table.shape=tall,81,0.5802469135802469,0.5061728395061729,-0.07407407407407407,0.005050505050505051,-0.07912457912457913,0.024691358024691357,0.09876543209876543,0.8765432098765432
hitab,Qwen/Qwen2.5-7B-Instruct,reason.verify,reason,table.shape=wide,662,0.6057401812688822,0.6314199395770392,0.0256797583081571,0.005050505050505051,0.02062925325765205,0.08006042296072508,0.054380664652567974,0.8655589123867069
hitab,Qwen/Qwen2.5-7B-Instruct,reason.verify,reason,text.has_number,921,0.5971769815418024,0.6036916395222585,0.006514657980456026,0.005050505050505051,0.0014641529299509754,0.06406080347448426,0.05754614549402823,0.8783930510314875
hitab,Qwen/Qwen2.5-7B-Instruct,reason.verify,reason,text.has_ordinal,77,0.45454545454545453,0.5194805194805194,0.06493506493506493,0.005050505050505051,0.05988455988455988,0.11688311688311688,0.05194805194805195,0.8311688311688312
hitab,Qwen/Qwen2.5-7B-Instruct,reason.verify,reason,text.has_quoted_span,16,0.8125,0.8125,0.0,0.005050505050505051,-0.005050505050505051,0.0,0.0,1.0
hitab,Qwen/Qwen2.5-7B-Instruct,reason.verify,reason,text.has_year,745,0.6080536912751678,0.6013422818791946,-0.006711409395973154,0.005050505050505051,-0.011761914446478205,0.05906040268456376,0.06577181208053691,0.8751677852348994
hitab,Qwen/Qwen2.5-7B-Instruct,ser.html,ser,cell.has_comma_number,636,0.559748427672956,0.5707547169811321,0.0110062893081761,0.01452020202020202,-0.00351391271202592,0.09119496855345911,0.08018867924528301,0.8286163522012578
hitab,Qwen/Qwen2.5-7B-Instruct,ser.html,ser,cell.has_currency,87,0.6551724137931034,0.6666666666666666,0.011494252873563218,0.01452020202020202,-0.003025949146638802,0.08045977011494253,0.06896551724137931,0.8505747126436781
hitab,Qwen/Qwen2.5-7B-Instruct,ser.html,ser,cell.has_date_like,896,0.5970982142857143,0.5982142857142857,0.0011160714285714285,0.01452020202020202,-0.013404130591630592,0.09375,0.09263392857142858,0.8136160714285714
hitab,Qwen/Qwen2.5-7B-Instruct,ser.html,ser,cell.has_numeric_range,423,0.5933806146572104,0.607565011820331,0.014184397163120567,0.01452020202020202,-0.000335804857081453,0.09929078014184398,0.0851063829787234,0.8156028368794326
hitab,Qwen/Qwen2.5-7B-Instruct,ser.html,ser,cell.has_percent,154,0.538961038961039,0.577922077922078,0.03896103896103896,0.01452020202020202,0.02444083694083694,0.15584415584415584,0.11688311688311688,0.7272727272727273
hitab,Qwen/Qwen2.5-7B-Instruct,ser.html,ser,cell.has_score_surface,55,0.4727272727272727,0.45454545454545453,-0.01818181818181818,0.01452020202020202,-0.032702020202020204,0.05454545454545454,0.07272727272727272,0.8727272727272727
hitab,Qwen/Qwen2.5-7B-Instruct,ser.html,ser,cell.missing_value_marker,1514,0.5924702774108322,0.6043593130779392,0.011889035667107,0.01452020202020202,-0.0026311663530950193,0.095112285336856,0.083223249669749,0.821664464993395
hitab,Qwen/Qwen2.5-7B-Instruct,ser.html,ser,grounding.cell_overlap,1516,0.5883905013192612,0.6068601583113457,0.018469656992084433,0.01452020202020202,0.003949454971882413,0.09828496042216359,0.07981530343007916,0.8218997361477572
hitab,Qwen/Qwen2.5-7B-Instruct,ser.html,ser,grounding.header_overlap,1204,0.5996677740863787,0.6096345514950167,0.009966777408637873,0.01452020202020202,-0.004553424611564147,0.09551495016611296,0.08554817275747509,0.8189368770764119
hitab,Qwen/Qwen2.5-7B-Instruct,ser.html,ser,intent.aggregate_noncount,161,0.577639751552795,0.5031055900621118,-0.07453416149068323,0.01452020202020202,-0.08905436351088525,0.043478260869565216,0.11801242236024845,0.8385093167701864
hitab,Qwen/Qwen2.5-7B-Instruct,ser.html,ser,intent.arithmetic,598,0.5869565217391305,0.6187290969899666,0.03177257525083612,0.01452020202020202,0.0172523732306341,0.10535117056856187,0.07357859531772576,0.8210702341137124
hitab,Qwen/Qwen2.5-7B-Instruct,ser.html,ser,intent.comparison,56,0.4107142857142857,0.4107142857142857,0.0,0.01452020202020202,-0.01452020202020202,0.08928571428571429,0.08928571428571429,0.8214285714285714
hitab,Qwen/Qwen2.5-7B-Instruct,ser.html,ser,intent.count,473,0.5560253699788583,0.5602536997885835,0.004228329809725159,0.01452020202020202,-0.010291872210476862,0.09513742071881606,0.09090909090909091,0.813953488372093
hitab,Qwen/Qwen2.5-7B-Instruct,ser.html,ser,intent.negation_marker,91,0.5384615384615384,0.5494505494505495,0.01098901098901099,0.01452020202020202,-0.00353119103119103,0.12087912087912088,0.10989010989010989,0.7692307692307693
hitab,Qwen/Qwen2.5-7B-Instruct,ser.html,ser,intent.superlative_rank,205,0.5560975609756098,0.5609756097560976,0.004878048780487805,0.01452020202020202,-0.009642153239714214,0.08780487804878048,0.08292682926829269,0.8292682926829268
hitab,Qwen/Qwen2.5-7B-Instruct,ser.html,ser,intent.temporal,859,0.5972060535506403,0.6065192083818394,0.009313154831199068,0.01452020202020202,-0.0052070471890029515,0.0779976717112922,0.06868451688009314,0.8533178114086146
hitab,Qwen/Qwen2.5-7B-Instruct,ser.html,ser,"native.hitab_agg_type=['argmax', 'average']",1,0.0,0.0,0.0,0.01452020202020202,-0.01452020202020202,0.0,0.0,1.0
hitab,Qwen/Qwen2.5-7B-Instruct,ser.html,ser,"native.hitab_agg_type=['argmax', 'opposite']",1,1.0,1.0,0.0,0.01452020202020202,-0.01452020202020202,0.0,0.0,1.0
hitab,Qwen/Qwen2.5-7B-Instruct,ser.html,ser,native.hitab_agg_type=['argmax'],54,0.6111111111111112,0.5925925925925926,-0.018518518518518517,0.01452020202020202,-0.033038720538720534,0.07407407407407407,0.09259259259259259,0.8333333333333334
hitab,Qwen/Qwen2.5-7B-Instruct,ser.html,ser,native.hitab_agg_type=['argmin'],19,0.5789473684210527,0.5263157894736842,-0.05263157894736842,0.01452020202020202,-0.06715178096757043,0.15789473684210525,0.21052631578947367,0.631578947368421
hitab,Qwen/Qwen2.5-7B-Instruct,ser.html,ser,"native.hitab_agg_type=['average', 'greater_than']",1,1.0,0.0,-1.0,0.01452020202020202,-1.014520202020202,0.0,1.0,0.0
hitab,Qwen/Qwen2.5-7B-Instruct,ser.html,ser,native.hitab_agg_type=['average'],1,0.0,0.0,0.0,0.01452020202020202,-0.01452020202020202,0.0,0.0,1.0
hitab,Qwen/Qwen2.5-7B-Instruct,ser.html,ser,native.hitab_agg_type=['counta'],3,1.0,0.3333333333333333,-0.6666666666666666,0.01452020202020202,-0.6811868686868686,0.0,0.6666666666666666,0.3333333333333333
hitab,Qwen/Qwen2.5-7B-Instruct,ser.html,ser,"native.hitab_agg_type=['diff', 'div']",7,0.0,0.0,0.0,0.01452020202020202,-0.01452020202020202,0.0,0.0,1.0
hitab,Qwen/Qwen2.5-7B-Instruct,ser.html,ser,"native.hitab_agg_type=['diff', 'opposite', 'div']",2,0.0,0.0,0.0,0.01452020202020202,-0.01452020202020202,0.0,0.0,1.0
hitab,Qwen/Qwen2.5-7B-Instruct,ser.html,ser,"native.hitab_agg_type=['diff', 'opposite']",1,1.0,1.0,0.0,0.01452020202020202,-0.01452020202020202,0.0,0.0,1.0
hitab,Qwen/Qwen2.5-7B-Instruct,ser.html,ser,"native.hitab_agg_type=['diff', 'pair-argmax']",1,1.0,1.0,0.0,0.01452020202020202,-0.01452020202020202,0.0,0.0,1.0
hitab,Qwen/Qwen2.5-7B-Instruct,ser.html,ser,native.hitab_agg_type=['diff'],45,0.4,0.4444444444444444,0.044444444444444446,0.01452020202020202,0.029924242424242426,0.13333333333333333,0.08888888888888889,0.7777777777777778
hitab,Qwen/Qwen2.5-7B-Instruct,ser.html,ser,native.hitab_agg_type=['div'],76,0.09210526315789473,0.09210526315789473,0.0,0.01452020202020202,-0.01452020202020202,0.013157894736842105,0.013157894736842105,0.9736842105263158
hitab,Qwen/Qwen2.5-7B-Instruct,ser.html,ser,native.hitab_agg_type=['greater_than'],7,0.7142857142857143,0.7142857142857143,0.0,0.01452020202020202,-0.01452020202020202,0.14285714285714285,0.14285714285714285,0.7142857142857143
hitab,Qwen/Qwen2.5-7B-Instruct,ser.html,ser,native.hitab_agg_type=['kth-argmax'],5,0.2,0.4,0.2,0.01452020202020202,0.185479797979798,0.4,0.2,0.4
hitab,Qwen/Qwen2.5-7B-Instruct,ser.html,ser,native.hitab_agg_type=['less_than'],6,0.6666666666666666,0.6666666666666666,0.0,0.01452020202020202,-0.01452020202020202,0.0,0.0,1.0
hitab,Qwen/Qwen2.5-7B-Instruct,ser.html,ser,native.hitab_agg_type=['max'],16,0.5625,0.5625,0.0,0.01452020202020202,-0.01452020202020202,0.0,0.0,1.0
hitab,Qwen/Qwen2.5-7B-Instruct,ser.html,ser,native.hitab_agg_type=['min'],6,0.6666666666666666,0.5,-0.16666666666666666,0.01452020202020202,-0.18118686868686867,0.0,0.16666666666666666,0.8333333333333334
hitab,Qwen/Qwen2.5-7B-Instruct,ser.html,ser,native.hitab_agg_type=['none'],1133,0.6646072374227714,0.6884377758164166,0.02383053839364519,0.01452020202020202,0.009310336373443171,0.11032656663724624,0.08649602824360106,0.8031774051191527
hitab,Qwen/Qwen2.5-7B-Instruct,ser.html,ser,"native.hitab_agg_type=['opposite', 'pair-argmax']",1,1.0,1.0,0.0,0.01452020202020202,-0.01452020202020202,0.0,0.0,1.0
hitab,Qwen/Qwen2.5-7B-Instruct,ser.html,ser,native.hitab_agg_type=['opposite'],49,0.08163265306122448,0.08163265306122448,0.0,0.01452020202020202,-0.01452020202020202,0.061224489795918366,0.061224489795918366,0.8775510204081632
hitab,Qwen/Qwen2.5-7B-Instruct,ser.html,ser,native.hitab_agg_type=['pair-argmax'],93,0.5591397849462365,0.5376344086021505,-0.021505376344086023,0.01452020202020202,-0.03602557836428805,0.043010752688172046,0.06451612903225806,0.8924731182795699
hitab,Qwen/Qwen2.5-7B-Instruct,ser.html,ser,native.hitab_agg_type=['pair-argmin'],21,0.6666666666666666,0.7142857142857143,0.047619047619047616,0.01452020202020202,0.0330988455988456,0.09523809523809523,0.047619047619047616,0.8571428571428571
hitab,Qwen/Qwen2.5-7B-Instruct,ser.html,ser,native.hitab_agg_type=['range'],3,0.0,0.0,0.0,0.01452020202020202,-0.01452020202020202,0.0,0.0,1.0
hitab,Qwen/Qwen2.5-7B-Instruct,ser.html,ser,native.hitab_agg_type=['sum'],22,0.22727272727272727,0.18181818181818182,-0.045454545454545456,0.01452020202020202,-0.05997474747474747,0.045454545454545456,0.09090909090909091,0.8636363636363636
hitab,Qwen/Qwen2.5-7B-Instruct,ser.html,ser,native.hitab_agg_type=['topk-argmax'],10,0.0,0.1,0.1,0.01452020202020202,0.08547979797979799,0.1,0.0,0.9
hitab,Qwen/Qwen2.5-7B-Instruct,ser.html,ser,native.hitab_source_family=nsf,97,0.4020618556701031,0.4639175257731959,0.061855670103092786,0.01452020202020202,0.04733546808289077,0.13402061855670103,0.07216494845360824,0.7938144329896907
hitab,Qwen/Qwen2.5-7B-Instruct,ser.html,ser,native.hitab_source_family=statcan,1189,0.5685449957947856,0.5769554247266611,0.008410428931875526,0.01452020202020202,-0.006109773088326494,0.09335576114381834,0.08494533221194281,0.8216989066442388
hitab,Qwen/Qwen2.5-7B-Instruct,ser.html,ser,native.hitab_source_family=totto,298,0.714765100671141,0.738255033557047,0.02348993288590604,0.01452020202020202,0.008969730865704021,0.09731543624161074,0.0738255033557047,0.8288590604026845
hitab,Qwen/Qwen2.5-7B-Instruct,ser.html,ser,schema.has_date_col,322,0.6832298136645962,0.7018633540372671,0.018633540372670808,0.01452020202020202,0.004113338352468788,0.09006211180124224,0.07142857142857142,0.8385093167701864
hitab,Qwen/Qwen2.5-7B-Instruct,ser.html,ser,schema.has_rank_col,12,0.4166666666666667,0.75,0.3333333333333333,0.01452020202020202,0.31881313131313127,0.4166666666666667,0.08333333333333333,0.5
hitab,Qwen/Qwen2.5-7B-Instruct,ser.html,ser,schema.has_score_col,64,0.46875,0.453125,-0.015625,0.01452020202020202,-0.03014520202020202,0.046875,0.0625,0.890625
hitab,Qwen/Qwen2.5-7B-Instruct,ser.html,ser,schema.has_unit_col,295,0.5627118644067797,0.559322033898305,-0.003389830508474576,0.01452020202020202,-0.017910032528676595,0.0847457627118644,0.08813559322033898,0.8271186440677966
hitab,Qwen/Qwen2.5-7B-Instruct,ser.html,ser,schema.header_repetition_marker,1134,0.5961199294532628,0.6216931216931217,0.025573192239858905,0.01452020202020202,0.011052990219656885,0.10493827160493827,0.07936507936507936,0.8156966490299824
hitab,Qwen/Qwen2.5-7B-Instruct,ser.html,ser,table.cols_bin=0_3,107,0.7102803738317757,0.6542056074766355,-0.056074766355140186,0.01452020202020202,-0.07059496837534221,0.037383177570093455,0.09345794392523364,0.8691588785046729
hitab,Qwen/Qwen2.5-7B-Instruct,ser.html,ser,table.cols_bin=4_6,450,0.5933333333333334,0.6,0.006666666666666667,0.01452020202020202,-0.007853535353535352,0.08888888888888889,0.08222222222222222,0.8288888888888889
hitab,Qwen/Qwen2.5-7B-Instruct,ser.html,ser,table.cols_bin=7_10,615,0.5349593495934959,0.5739837398373984,0.03902439024390244,0.01452020202020202,0.02450418822370042,0.1073170731707317,0.06829268292682927,0.824390243902439
hitab,Qwen/Qwen2.5-7B-Instruct,ser.html,ser,table.cols_bin=gt_10,412,0.6213592233009708,0.6262135922330098,0.0048543689320388345,0.01452020202020202,-0.009665833088163185,0.10436893203883495,0.09951456310679611,0.7961165048543689
hitab,Qwen/Qwen2.5-7B-Instruct,ser.html,ser,table.numeric_cols_bin=0,13,0.6153846153846154,0.5384615384615384,-0.07692307692307693,0.01452020202020202,-0.09144327894327894,0.0,0.07692307692307693,0.9230769230769231
hitab,Qwen/Qwen2.5-7B-Instruct,ser.html,ser,table.numeric_cols_bin=1,45,0.5777777777777777,0.6666666666666666,0.08888888888888889,0.01452020202020202,0.07436868686868688,0.15555555555555556,0.06666666666666667,0.7777777777777778
hitab,Qwen/Qwen2.5-7B-Instruct,ser.html,ser,table.numeric_cols_bin=2_3,296,0.6722972972972973,0.668918918918919,-0.0033783783783783786,0.01452020202020202,-0.0178985803985804,0.0777027027027027,0.08108108108108109,0.8412162162162162
hitab,Qwen/Qwen2.5-7B-Instruct,ser.html,ser,table.numeric_cols_bin=ge_4,1230,0.5650406504065041,0.5821138211382114,0.01707317073170732,0.01452020202020202,0.0025529687115052983,0.1,0.08292682926829269,0.8170731707317073
hitab,Qwen/Qwen2.5-7B-Instruct,ser.html,ser,table.numeric_density_bin=high,1442,0.5832177531206657,0.5957004160887656,0.012482662968099861,0.01452020202020202,-0.002037539052102159,0.09778085991678225,0.08529819694868239,0.8169209431345353
hitab,Qwen/Qwen2.5-7B-Instruct,ser.html,ser,table.numeric_density_bin=low,40,0.6,0.75,0.15,0.01452020202020202,0.13547979797979798,0.2,0.05,0.75
hitab,Qwen/Qwen2.5-7B-Instruct,ser.html,ser,table.numeric_density_bin=mid,89,0.6179775280898876,0.6179775280898876,0.0,0.01452020202020202,-0.01452020202020202,0.0449438202247191,0.0449438202247191,0.9101123595505618
hitab,Qwen/Qwen2.5-7B-Instruct,ser.html,ser,table.numeric_density_bin=none,13,0.6153846153846154,0.5384615384615384,-0.07692307692307693,0.01452020202020202,-0.09144327894327894,0.0,0.07692307692307693,0.9230769230769231
hitab,Qwen/Qwen2.5-7B-Instruct,ser.html,ser,table.rows_bin=0_5,70,0.6142857142857143,0.6714285714285714,0.05714285714285714,0.01452020202020202,0.04262265512265512,0.12857142857142856,0.07142857142857142,0.8
hitab,Qwen/Qwen2.5-7B-Instruct,ser.html,ser,table.rows_bin=11_25,606,0.6039603960396039,0.6270627062706271,0.0231023102310231,0.01452020202020202,0.00858210821082108,0.10231023102310231,0.07920792079207921,0.8184818481848185
hitab,Qwen/Qwen2.5-7B-Instruct,ser.html,ser,table.rows_bin=26_50,431,0.5522041763341067,0.5568445475638051,0.004640371229698376,0.01452020202020202,-0.009879830790503644,0.08816705336426914,0.08352668213457076,0.8283062645011601
hitab,Qwen/Qwen2.5-7B-Instruct,ser.html,ser,table.rows_bin=6_10,374,0.5935828877005348,0.6283422459893048,0.034759358288770054,0.01452020202020202,0.020239156268568034,0.09358288770053476,0.058823529411764705,0.8475935828877005
hitab,Qwen/Qwen2.5-7B-Instruct,ser.html,ser,table.rows_bin=gt_50,103,0.5728155339805825,0.47572815533980584,-0.0970873786407767,0.01452020202020202,-0.11160758066097871,0.08737864077669903,0.18446601941747573,0.7281553398058253
hitab,Qwen/Qwen2.5-7B-Instruct,ser.html,ser,table.shape=balanced,841,0.5707491082045184,0.582639714625446,0.011890606420927468,0.01452020202020202,-0.002629595599274552,0.09631391200951249,0.08442330558858502,0.8192627824019025
hitab,Qwen/Qwen2.5-7B-Instruct,ser.html,ser,table.shape=tall,81,0.5802469135802469,0.5185185185185185,-0.06172839506172839,0.01452020202020202,-0.07624859708193041,0.024691358024691357,0.08641975308641975,0.8888888888888888
hitab,Qwen/Qwen2.5-7B-Instruct,ser.html,ser,table.shape=wide,662,0.6057401812688822,0.6329305135951662,0.027190332326283987,0.01452020202020202,0.012670130306081967,0.10574018126888217,0.07854984894259819,0.8157099697885196
hitab,Qwen/Qwen2.5-7B-Instruct,ser.html,ser,text.has_number,921,0.5971769815418024,0.6069489685124865,0.009771986970684038,0.01452020202020202,-0.004748215049517982,0.08143322475570032,0.07166123778501629,0.8469055374592834
hitab,Qwen/Qwen2.5-7B-Instruct,ser.html,ser,text.has_ordinal,77,0.45454545454545453,0.5194805194805194,0.06493506493506493,0.01452020202020202,0.05041486291486291,0.11688311688311688,0.05194805194805195,0.8311688311688312
hitab,Qwen/Qwen2.5-7B-Instruct,ser.html,ser,text.has_quoted_span,16,0.8125,0.8125,0.0,0.01452020202020202,-0.01452020202020202,0.0,0.0,1.0
hitab,Qwen/Qwen2.5-7B-Instruct,ser.html,ser,text.has_year,745,0.6080536912751678,0.6134228187919463,0.005369127516778523,0.01452020202020202,-0.009151074503423496,0.07651006711409396,0.07114093959731543,0.8523489932885906
hitab,Qwen/Qwen2.5-7B-Instruct,ser.records,ser,cell.has_comma_number,636,0.559748427672956,0.5974842767295597,0.03773584905660377,0.03156565656565657,0.0061701924909472045,0.12735849056603774,0.08962264150943396,0.7830188679245284
hitab,Qwen/Qwen2.5-7B-Instruct,ser.records,ser,cell.has_currency,87,0.6551724137931034,0.6091954022988506,-0.04597701149425287,0.03156565656565657,-0.07754266805990945,0.08045977011494253,0.12643678160919541,0.7931034482758621
hitab,Qwen/Qwen2.5-7B-Instruct,ser.records,ser,cell.has_date_like,896,0.5970982142857143,0.6049107142857143,0.0078125,0.03156565656565657,-0.023753156565656568,0.09598214285714286,0.08816964285714286,0.8158482142857143
hitab,Qwen/Qwen2.5-7B-Instruct,ser.records,ser,cell.has_numeric_range,423,0.5933806146572104,0.6264775413711584,0.03309692671394799,0.03156565656565657,0.001531270148291422,0.10874704491725769,0.07565011820330969,0.8156028368794326
hitab,Qwen/Qwen2.5-7B-Instruct,ser.records,ser,cell.has_percent,154,0.538961038961039,0.5974025974025974,0.05844155844155844,0.03156565656565657,0.026875901875901873,0.17532467532467533,0.11688311688311688,0.7077922077922078
hitab,Qwen/Qwen2.5-7B-Instruct,ser.records,ser,cell.has_score_surface,55,0.4727272727272727,0.41818181818181815,-0.05454545454545454,0.03156565656565657,-0.08611111111111111,0.03636363636363636,0.09090909090909091,0.8727272727272727
hitab,Qwen/Qwen2.5-7B-Instruct,ser.records,ser,cell.missing_value_marker,1514,0.5924702774108322,0.6254953764861294,0.03302509907529723,0.03156565656565657,0.0014594425096406613,0.11822985468956407,0.08520475561426684,0.7965653896961691
hitab,Qwen/Qwen2.5-7B-Instruct,ser.records,ser,grounding.cell_overlap,1516,0.5883905013192612,0.6253298153034301,0.036939313984168866,0.03156565656565657,0.005373657418512298,0.11807387862796834,0.08113456464379948,0.8007915567282322
hitab,Qwen/Qwen2.5-7B-Instruct,ser.records,ser,grounding.header_overlap,1204,0.5996677740863787,0.6196013289036545,0.019933554817275746,0.03156565656565657,-0.011632101748380821,0.11129568106312292,0.09136212624584718,0.7973421926910299
hitab,Qwen/Qwen2.5-7B-Instruct,ser.records,ser,intent.aggregate_noncount,161,0.577639751552795,0.5652173913043478,-0.012422360248447204,0.03156565656565657,-0.043988016814103775,0.08074534161490683,0.09316770186335403,0.8260869565217391
hitab,Qwen/Qwen2.5-7B-Instruct,ser.records,ser,intent.arithmetic,598,0.5869565217391305,0.6204013377926422,0.033444816053511704,0.03156565656565657,0.0018791594878551365,0.13210702341137123,0.09866220735785954,0.7692307692307693
hitab,Qwen/Qwen2.5-7B-Instruct,ser.records,ser,intent.comparison,56,0.4107142857142857,0.4107142857142857,0.0,0.03156565656565657,-0.03156565656565657,0.08928571428571429,0.08928571428571429,0.8214285714285714
hitab,Qwen/Qwen2.5-7B-Instruct,ser.records,ser,intent.count,473,0.5560253699788583,0.5750528541226215,0.019027484143763214,0.03156565656565657,-0.012538172421893354,0.09513742071881606,0.07610993657505286,0.828752642706131
hitab,Qwen/Qwen2.5-7B-Instruct,ser.records,ser,intent.negation_marker,91,0.5384615384615384,0.6373626373626373,0.0989010989010989,0.03156565656565657,0.06733544233544234,0.18681318681318682,0.08791208791208792,0.7252747252747253
hitab,Qwen/Qwen2.5-7B-Instruct,ser.records,ser,intent.superlative_rank,205,0.5560975609756098,0.551219512195122,-0.004878048780487805,0.03156565656565657,-0.03644370534614437,0.1024390243902439,0.1073170731707317,0.7902439024390244
hitab,Qwen/Qwen2.5-7B-Instruct,ser.records,ser,intent.temporal,859,0.5972060535506403,0.6239813736903376,0.02677532013969732,0.03156565656565657,-0.004790336425959246,0.10710128055878929,0.08032596041909197,0.8125727590221188
hitab,Qwen/Qwen2.5-7B-Instruct,ser.records,ser,"native.hitab_agg_type=['argmax', 'average']",1,0.0,0.0,0.0,0.03156565656565657,-0.03156565656565657,0.0,0.0,1.0
hitab,Qwen/Qwen2.5-7B-Instruct,ser.records,ser,"native.hitab_agg_type=['argmax', 'opposite']",1,1.0,1.0,0.0,0.03156565656565657,-0.03156565656565657,0.0,0.0,1.0
hitab,Qwen/Qwen2.5-7B-Instruct,ser.records,ser,native.hitab_agg_type=['argmax'],54,0.6111111111111112,0.5370370370370371,-0.07407407407407407,0.03156565656565657,-0.10563973063973064,0.07407407407407407,0.14814814814814814,0.7777777777777778
hitab,Qwen/Qwen2.5-7B-Instruct,ser.records,ser,native.hitab_agg_type=['argmin'],19,0.5789473684210527,0.5789473684210527,0.0,0.03156565656565657,-0.03156565656565657,0.21052631578947367,0.21052631578947367,0.5789473684210527
hitab,Qwen/Qwen2.5-7B-Instruct,ser.records,ser,"native.hitab_agg_type=['average', 'greater_than']",1,1.0,1.0,0.0,0.03156565656565657,-0.03156565656565657,0.0,0.0,1.0
hitab,Qwen/Qwen2.5-7B-Instruct,ser.records,ser,native.hitab_agg_type=['average'],1,0.0,0.0,0.0,0.03156565656565657,-0.03156565656565657,0.0,0.0,1.0
hitab,Qwen/Qwen2.5-7B-Instruct,ser.records,ser,native.hitab_agg_type=['counta'],3,1.0,0.0,-1.0,0.03156565656565657,-1.0315656565656566,0.0,1.0,0.0
hitab,Qwen/Qwen2.5-7B-Instruct,ser.records,ser,"native.hitab_agg_type=['diff', 'div']",7,0.0,0.0,0.0,0.03156565656565657,-0.03156565656565657,0.0,0.0,1.0
hitab,Qwen/Qwen2.5-7B-Instruct,ser.records,ser,"native.hitab_agg_type=['diff', 'opposite', 'div']",2,0.0,0.0,0.0,0.03156565656565657,-0.03156565656565657,0.0,0.0,1.0
hitab,Qwen/Qwen2.5-7B-Instruct,ser.records,ser,"native.hitab_agg_type=['diff', 'opposite']",1,1.0,0.0,-1.0,0.03156565656565657,-1.0315656565656566,0.0,1.0,0.0
hitab,Qwen/Qwen2.5-7B-Instruct,ser.records,ser,"native.hitab_agg_type=['diff', 'pair-argmax']",1,1.0,1.0,0.0,0.03156565656565657,-0.03156565656565657,0.0,0.0,1.0
hitab,Qwen/Qwen2.5-7B-Instruct,ser.records,ser,native.hitab_agg_type=['diff'],45,0.4,0.5555555555555556,0.15555555555555556,0.03156565656565657,0.12398989898989898,0.17777777777777778,0.022222222222222223,0.8
hitab,Qwen/Qwen2.5-7B-Instruct,ser.records,ser,native.hitab_agg_type=['div'],76,0.09210526315789473,0.07894736842105263,-0.013157894736842105,0.03156565656565657,-0.04472355130249867,0.013157894736842105,0.02631578947368421,0.9605263157894737
hitab,Qwen/Qwen2.5-7B-Instruct,ser.records,ser,native.hitab_agg_type=['greater_than'],7,0.7142857142857143,0.7142857142857143,0.0,0.03156565656565657,-0.03156565656565657,0.14285714285714285,0.14285714285714285,0.7142857142857143
hitab,Qwen/Qwen2.5-7B-Instruct,ser.records,ser,native.hitab_agg_type=['kth-argmax'],5,0.2,0.2,0.0,0.03156565656565657,-0.03156565656565657,0.0,0.0,1.0
hitab,Qwen/Qwen2.5-7B-Instruct,ser.records,ser,native.hitab_agg_type=['less_than'],6,0.6666666666666666,0.6666666666666666,0.0,0.03156565656565657,-0.03156565656565657,0.0,0.0,1.0
hitab,Qwen/Qwen2.5-7B-Instruct,ser.records,ser,native.hitab_agg_type=['max'],16,0.5625,0.625,0.0625,0.03156565656565657,0.030934343434343432,0.0625,0.0,0.9375
hitab,Qwen/Qwen2.5-7B-Instruct,ser.records,ser,native.hitab_agg_type=['min'],6,0.6666666666666666,0.5,-0.16666666666666666,0.03156565656565657,-0.19823232323232323,0.0,0.16666666666666666,0.8333333333333334
hitab,Qwen/Qwen2.5-7B-Instruct,ser.records,ser,native.hitab_agg_type=['none'],1133,0.6646072374227714,0.706090026478376,0.04148278905560459,0.03156565656565657,0.009917132489948022,0.13503971756398941,0.09355692850838482,0.7714033539276258
hitab,Qwen/Qwen2.5-7B-Instruct,ser.records,ser,"native.hitab_agg_type=['opposite', 'pair-argmax']",1,1.0,1.0,0.0,0.03156565656565657,-0.03156565656565657,0.0,0.0,1.0
hitab,Qwen/Qwen2.5-7B-Instruct,ser.records,ser,native.hitab_agg_type=['opposite'],49,0.08163265306122448,0.08163265306122448,0.0,0.03156565656565657,-0.03156565656565657,0.04081632653061224,0.04081632653061224,0.9183673469387755
hitab,Qwen/Qwen2.5-7B-Instruct,ser.records,ser,native.hitab_agg_type=['pair-argmax'],93,0.5591397849462365,0.5806451612903226,0.021505376344086023,0.03156565656565657,-0.010060280221570544,0.06451612903225806,0.043010752688172046,0.8924731182795699
hitab,Qwen/Qwen2.5-7B-Instruct,ser.records,ser,native.hitab_agg_type=['pair-argmin'],21,0.6666666666666666,0.6666666666666666,0.0,0.03156565656565657,-0.03156565656565657,0.047619047619047616,0.047619047619047616,0.9047619047619048
hitab,Qwen/Qwen2.5-7B-Instruct,ser.records,ser,native.hitab_agg_type=['range'],3,0.0,0.3333333333333333,0.3333333333333333,0.03156565656565657,0.30176767676767674,0.3333333333333333,0.0,0.6666666666666666
hitab,Qwen/Qwen2.5-7B-Instruct,ser.records,ser,native.hitab_agg_type=['sum'],22,0.22727272727272727,0.2727272727272727,0.045454545454545456,0.03156565656565657,0.013888888888888888,0.09090909090909091,0.045454545454545456,0.8636363636363636
hitab,Qwen/Qwen2.5-7B-Instruct,ser.records,ser,native.hitab_agg_type=['topk-argmax'],10,0.0,0.1,0.1,0.03156565656565657,0.06843434343434343,0.1,0.0,0.9
hitab,Qwen/Qwen2.5-7B-Instruct,ser.records,ser,native.hitab_source_family=nsf,97,0.4020618556701031,0.4020618556701031,0.0,0.03156565656565657,-0.03156565656565657,0.09278350515463918,0.09278350515463918,0.8144329896907216
hitab,Qwen/Qwen2.5-7B-Instruct,ser.records,ser,native.hitab_source_family=statcan,1189,0.5685449957947856,0.6122792262405383,0.04373423044575273,0.03156565656565657,0.012168573880096165,0.1312026913372582,0.08746846089150546,0.7813288477712363
hitab,Qwen/Qwen2.5-7B-Instruct,ser.records,ser,native.hitab_source_family=totto,298,0.714765100671141,0.7080536912751678,-0.006711409395973154,0.03156565656565657,-0.03827706596162972,0.06711409395973154,0.0738255033557047,0.8590604026845637
hitab,Qwen/Qwen2.5-7B-Instruct,ser.records,ser,schema.has_date_col,322,0.6832298136645962,0.6863354037267081,0.003105590062111801,0.03156565656565657,-0.028460066503544768,0.07142857142857142,0.06832298136645963,0.860248447204969
hitab,Qwen/Qwen2.5-7B-Instruct,ser.records,ser,schema.has_rank_col,12,0.4166666666666667,0.5833333333333334,0.16666666666666666,0.03156565656565657,0.13510101010101008,0.3333333333333333,0.16666666666666666,0.5
hitab,Qwen/Qwen2.5-7B-Instruct,ser.records,ser,schema.has_score_col,64,0.46875,0.4375,-0.03125,0.03156565656565657,-0.06281565656565657,0.0625,0.09375,0.84375
hitab,Qwen/Qwen2.5-7B-Instruct,ser.records,ser,schema.has_unit_col,295,0.5627118644067797,0.6,0.03728813559322034,0.03156565656565657,0.005722479027563773,0.11864406779661017,0.08135593220338982,0.8
hitab,Qwen/Qwen2.5-7B-Instruct,ser.records,ser,schema.header_repetition_marker,1134,0.5961199294532628,0.6384479717813051,0.042328042328042326,0.03156565656565657,0.010762385762385758,0.12433862433862433,0.082010582010582,0.7936507936507936
hitab,Qwen/Qwen2.5-7B-Instruct,ser.records,ser,table.cols_bin=0_3,107,0.7102803738317757,0.6261682242990654,-0.08411214953271028,0.03156565656565657,-0.11567780609836684,0.056074766355140186,0.14018691588785046,0.8037383177570093
hitab,Qwen/Qwen2.5-7B-Instruct,ser.records,ser,table.cols_bin=4_6,450,0.5933333333333334,0.6355555555555555,0.042222222222222223,0.03156565656565657,0.010656565656565656,0.12,0.07777777777777778,0.8022222222222222
hitab,Qwen/Qwen2.5-7B-Instruct,ser.records,ser,table.cols_bin=7_10,615,0.5349593495934959,0.5821138211382114,0.04715447154471545,0.03156565656565657,0.015588814979058882,0.12682926829268293,0.07967479674796749,0.7934959349593496
hitab,Qwen/Qwen2.5-7B-Instruct,ser.records,ser,table.cols_bin=gt_10,412,0.6213592233009708,0.6480582524271845,0.02669902912621359,0.03156565656565657,-0.004866627439442977,0.11407766990291263,0.08737864077669903,0.7985436893203883
hitab,Qwen/Qwen2.5-7B-Instruct,ser.records,ser,table.numeric_cols_bin=0,13,0.6153846153846154,0.38461538461538464,-0.23076923076923078,0.03156565656565657,-0.26233488733488736,0.0,0.23076923076923078,0.7692307692307693
hitab,Qwen/Qwen2.5-7B-Instruct,ser.records,ser,table.numeric_cols_bin=1,45,0.5777777777777777,0.6222222222222222,0.044444444444444446,0.03156565656565657,0.012878787878787878,0.13333333333333333,0.08888888888888889,0.7777777777777778
hitab,Qwen/Qwen2.5-7B-Instruct,ser.records,ser,table.numeric_cols_bin=2_3,296,0.6722972972972973,0.6756756756756757,0.0033783783783783786,0.03156565656565657,-0.02818727818727819,0.09121621621621621,0.08783783783783784,0.8209459459459459
hitab,Qwen/Qwen2.5-7B-Instruct,ser.records,ser,table.numeric_cols_bin=ge_4,1230,0.5650406504065041,0.6056910569105691,0.04065040650406504,0.03156565656565657,0.009084749938408472,0.12357723577235773,0.08292682926829269,0.7934959349593496
hitab,Qwen/Qwen2.5-7B-Instruct,ser.records,ser,table.numeric_density_bin=high,1442,0.5832177531206657,0.6178918169209431,0.03467406380027739,0.03156565656565657,0.0031084072346208233,0.12135922330097088,0.08668515950069348,0.7919556171983356
hitab,Qwen/Qwen2.5-7B-Instruct,ser.records,ser,table.numeric_density_bin=low,40,0.6,0.675,0.075,0.03156565656565657,0.04343434343434343,0.125,0.05,0.825
hitab,Qwen/Qwen2.5-7B-Instruct,ser.records,ser,table.numeric_density_bin=mid,89,0.6179775280898876,0.6179775280898876,0.0,0.03156565656565657,-0.03156565656565657,0.056179775280898875,0.056179775280898875,0.8876404494382022
hitab,Qwen/Qwen2.5-7B-Instruct,ser.records,ser,table.numeric_density_bin=none,13,0.6153846153846154,0.38461538461538464,-0.23076923076923078,0.03156565656565657,-0.26233488733488736,0.0,0.23076923076923078,0.7692307692307693
hitab,Qwen/Qwen2.5-7B-Instruct,ser.records,ser,table.rows_bin=0_5,70,0.6142857142857143,0.5571428571428572,-0.05714285714285714,0.03156565656565657,-0.08870851370851371,0.1,0.15714285714285714,0.7428571428571429
hitab,Qwen/Qwen2.5-7B-Instruct,ser.records,ser,table.rows_bin=11_25,606,0.6039603960396039,0.6534653465346535,0.04950495049504951,0.03156565656565657,0.01793929392939294,0.11716171617161716,0.06765676567656766,0.8151815181518152
hitab,Qwen/Qwen2.5-7B-Instruct,ser.records,ser,table.rows_bin=26_50,431,0.5522041763341067,0.5846867749419954,0.03248259860788863,0.03156565656565657,0.000916942042232062,0.12993039443155452,0.09744779582366589,0.7726218097447796
hitab,Qwen/Qwen2.5-7B-Instruct,ser.records,ser,table.rows_bin=6_10,374,0.5935828877005348,0.6176470588235294,0.02406417112299465,0.03156565656565657,-0.007501485442661916,0.0962566844919786,0.07219251336898395,0.8315508021390374
hitab,Qwen/Qwen2.5-7B-Instruct,ser.records,ser,table.rows_bin=gt_50,103,0.5728155339805825,0.5825242718446602,0.009708737864077669,0.03156565656565657,-0.0218569187015789,0.14563106796116504,0.13592233009708737,0.7184466019417476
hitab,Qwen/Qwen2.5-7B-Instruct,ser.records,ser,table.shape=balanced,841,0.5707491082045184,0.6135552913198573,0.04280618311533888,0.03156565656565657,0.011240526549682314,0.13198573127229488,0.089179548156956,0.7788347205707491
hitab,Qwen/Qwen2.5-7B-Instruct,ser.records,ser,table.shape=tall,81,0.5802469135802469,0.5308641975308642,-0.04938271604938271,0.03156565656565657,-0.08094837261503929,0.04938271604938271,0.09876543209876543,0.8518518518518519
hitab,Qwen/Qwen2.5-7B-Instruct,ser.records,ser,table.shape=wide,662,0.6057401812688822,0.6329305135951662,0.027190332326283987,0.03156565656565657,-0.004375324239372581,0.10574018126888217,0.07854984894259819,0.8157099697885196
hitab,Qwen/Qwen2.5-7B-Instruct,ser.records,ser,text.has_number,921,0.5971769815418024,0.6264929424538545,0.029315960912052116,0.03156565656565657,-0.0022496956536044513,0.10314875135722042,0.0738327904451683,0.8230184581976113
hitab,Qwen/Qwen2.5-7B-Instruct,ser.records,ser,text.has_ordinal,77,0.45454545454545453,0.5454545454545454,0.09090909090909091,0.03156565656565657,0.059343434343434344,0.16883116883116883,0.07792207792207792,0.7532467532467533
hitab,Qwen/Qwen2.5-7B-Instruct,ser.records,ser,text.has_quoted_span,16,0.8125,0.875,0.0625,0.03156565656565657,0.030934343434343432,0.125,0.0625,0.8125
hitab,Qwen/Qwen2.5-7B-Instruct,ser.records,ser,text.has_year,745,0.6080536912751678,0.6281879194630873,0.020134228187919462,0.03156565656565657,-0.011431428377737106,0.09932885906040269,0.07919463087248323,0.8214765100671141
sqa,Qwen/Qwen2.5-7B-Instruct,ctx.stats,ctx,cell.has_comma_number,407,0.687960687960688,0.6855036855036855,-0.002457002457002457,-0.003532008830022075,0.0010750063730196181,0.05405405405405406,0.056511056511056514,0.8894348894348895
sqa,Qwen/Qwen2.5-7B-Instruct,ctx.stats,ctx,cell.has_currency,27,0.7407407407407407,0.8148148148148148,0.07407407407407407,-0.003532008830022075,0.07760608290409615,0.07407407407407407,0.0,0.9259259259259259
sqa,Qwen/Qwen2.5-7B-Instruct,ctx.stats,ctx,cell.has_date_like,1548,0.6537467700258398,0.6492248062015504,-0.004521963824289405,-0.003532008830022075,-0.0009899549942673303,0.06847545219638243,0.07299741602067183,0.8585271317829457
sqa,Qwen/Qwen2.5-7B-Instruct,ctx.stats,ctx,cell.has_numeric_range,454,0.6563876651982379,0.6475770925110133,-0.00881057268722467,-0.003532008830022075,-0.005278563857202595,0.05726872246696035,0.06607929515418502,0.8766519823788547
sqa,Qwen/Qwen2.5-7B-Instruct,ctx.stats,ctx,cell.has_percent,78,0.6153846153846154,0.5641025641025641,-0.05128205128205128,-0.003532008830022075,-0.047750042452029205,0.05128205128205128,0.10256410256410256,0.8461538461538461
sqa,Qwen/Qwen2.5-7B-Instruct,ctx.stats,ctx,cell.has_score_surface,213,0.6009389671361502,0.6009389671361502,0.0,-0.003532008830022075,0.003532008830022075,0.06572769953051644,0.06572769953051644,0.8685446009389671
sqa,Qwen/Qwen2.5-7B-Instruct,ctx.stats,ctx,cell.missing_value_marker,988,0.6204453441295547,0.6163967611336032,-0.004048582995951417,-0.003532008830022075,-0.000516574165929342,0.07894736842105263,0.08299595141700405,0.8380566801619433
sqa,Qwen/Qwen2.5-7B-Instruct,ctx.stats,ctx,dialog.has_reference_marker,740,0.6554054054054054,0.6270270270270271,-0.02837837837837838,-0.003532008830022075,-0.024846369548356305,0.07567567567567568,0.10405405405405406,0.8202702702702702
sqa,Qwen/Qwen2.5-7B-Instruct,ctx.stats,ctx,dialog.turn_bin=early,1297,0.6653816499614496,0.6607555898226677,-0.004626060138781804,-0.003532008830022075,-0.0010940513087597291,0.07093292212798766,0.07555898226676946,0.8535080956052429
sqa,Qwen/Qwen2.5-7B-Instruct,ctx.stats,ctx,dialog.turn_bin=first,784,0.5931122448979592,0.5956632653061225,0.002551020408163265,-0.003532008830022075,0.00608302923818534,0.07015306122448979,0.06760204081632654,0.8622448979591837
sqa,Qwen/Qwen2.5-7B-Instruct,ctx.stats,ctx,dialog.turn_bin=late,184,0.7010869565217391,0.6793478260869565,-0.021739130434782608,-0.003532008830022075,-0.018207121604760533,0.059782608695652176,0.08152173913043478,0.8586956521739131
sqa,Qwen/Qwen2.5-7B-Instruct,ctx.stats,ctx,grounding.cell_overlap,1052,0.6444866920152091,0.6283269961977186,-0.016159695817490494,-0.003532008830022075,-0.012627686987468419,0.05988593155893536,0.07604562737642585,0.8640684410646388
sqa,Qwen/Qwen2.5-7B-Instruct,ctx.stats,ctx,grounding.header_overlap,1139,0.6646180860403863,0.6382791922739245,-0.02633889376646181,-0.003532008830022075,-0.022806884936439734,0.06057945566286216,0.08691834942932397,0.8525021949078139
sqa,Qwen/Qwen2.5-7B-Instruct,ctx.stats,ctx,intent.aggregate_noncount,37,0.4594594594594595,0.43243243243243246,-0.02702702702702703,-0.003532008830022075,-0.023495018197004953,0.02702702702702703,0.05405405405405406,0.918918918918919
sqa,Qwen/Qwen2.5-7B-Instruct,ctx.stats,ctx,intent.arithmetic,22,0.6363636363636364,0.5909090909090909,-0.045454545454545456,-0.003532008830022075,-0.04192253662452338,0.045454545454545456,0.09090909090909091,0.8636363636363636
sqa,Qwen/Qwen2.5-7B-Instruct,ctx.stats,ctx,intent.comparison,53,0.41509433962264153,0.37735849056603776,-0.03773584905660377,-0.003532008830022075,-0.0342038402265817,0.03773584905660377,0.07547169811320754,0.8867924528301887
sqa,Qwen/Qwen2.5-7B-Instruct,ctx.stats,ctx,intent.count,168,0.5952380952380952,0.5654761904761905,-0.02976190476190476,-0.003532008830022075,-0.026229895931882685,0.047619047619047616,0.07738095238095238,0.875
sqa,Qwen/Qwen2.5-7B-Instruct,ctx.stats,ctx,intent.negation_marker,91,0.4725274725274725,0.5494505494505495,0.07692307692307693,-0.003532008830022075,0.08045508575309901,0.16483516483516483,0.08791208791208792,0.7472527472527473
sqa,Qwen/Qwen2.5-7B-Instruct,ctx.stats,ctx,intent.superlative_rank,321,0.6105919003115264,0.632398753894081,0.021806853582554516,-0.003532008830022075,0.02533886241257659,0.09345794392523364,0.07165109034267912,0.8348909657320872
sqa,Qwen/Qwen2.5-7B-Instruct,ctx.stats,ctx,intent.temporal,395,0.6177215189873417,0.6379746835443038,0.020253164556962026,-0.003532008830022075,0.0237851733869841,0.07341772151898734,0.053164556962025315,0.8734177215189873
sqa,Qwen/Qwen2.5-7B-Instruct,ctx.stats,ctx,schema.has_date_col,962,0.6444906444906445,0.6340956340956341,-0.010395010395010396,-0.003532008830022075,-0.0068630015649883205,0.06548856548856549,0.07588357588357589,0.8586278586278586
sqa,Qwen/Qwen2.5-7B-Instruct,ctx.stats,ctx,schema.has_rank_col,957,0.6405433646812957,0.6353187042842215,-0.00522466039707419,-0.003532008830022075,-0.0016926515670521152,0.06374085684430512,0.06896551724137931,0.8672936259143156
sqa,Qwen/Qwen2.5-7B-Instruct,ctx.stats,ctx,schema.has_score_col,410,0.6390243902439025,0.6609756097560976,0.02195121951219512,-0.003532008830022075,0.025483228342217196,0.08780487804878048,0.06585365853658537,0.8463414634146341
sqa,Qwen/Qwen2.5-7B-Instruct,ctx.stats,ctx,schema.has_unit_col,238,0.6932773109243697,0.6596638655462185,-0.03361344537815126,-0.003532008830022075,-0.030081436548129184,0.03361344537815126,0.06722689075630252,0.8991596638655462
sqa,Qwen/Qwen2.5-7B-Instruct,ctx.stats,ctx,schema.header_repetition_marker,51,0.6274509803921569,0.49019607843137253,-0.13725490196078433,-0.003532008830022075,-0.13372289313076224,0.058823529411764705,0.19607843137254902,0.7450980392156863
sqa,Qwen/Qwen2.5-7B-Instruct,ctx.stats,ctx,table.cols_bin=0_3,7,0.42857142857142855,0.42857142857142855,0.0,-0.003532008830022075,0.003532008830022075,0.0,0.0,1.0
sqa,Qwen/Qwen2.5-7B-Instruct,ctx.stats,ctx,table.cols_bin=4_6,1633,0.640538885486834,0.6307409675443968,-0.009797917942437232,-0.003532008830022075,-0.006265909112415157,0.06736068585425597,0.0771586037966932,0.8554807103490508
sqa,Qwen/Qwen2.5-7B-Instruct,ctx.stats,ctx,table.cols_bin=7_10,625,0.6528,0.6656,0.0128,-0.003532008830022075,0.016332008830022074,0.0768,0.064,0.8592
sqa,Qwen/Qwen2.5-7B-Instruct,ctx.stats,ctx,table.numeric_cols_bin=0,382,0.6858638743455497,0.6858638743455497,0.0,-0.003532008830022075,0.003532008830022075,0.07591623036649214,0.07591623036649214,0.8481675392670157
sqa,Qwen/Qwen2.5-7B-Instruct,ctx.stats,ctx,table.numeric_cols_bin=1,930,0.632258064516129,0.6430107526881721,0.010752688172043012,-0.003532008830022075,0.014284697002065087,0.07311827956989247,0.06236559139784946,0.864516129032258
sqa,Qwen/Qwen2.5-7B-Instruct,ctx.stats,ctx,table.numeric_cols_bin=2_3,492,0.6666666666666666,0.6382113821138211,-0.028455284552845527,-0.003532008830022075,-0.024923275722823452,0.054878048780487805,0.08333333333333333,0.8617886178861789
sqa,Qwen/Qwen2.5-7B-Instruct,ctx.stats,ctx,table.numeric_cols_bin=ge_4,461,0.6052060737527115,0.596529284164859,-0.008676789587852495,-0.003532008830022075,-0.00514478075783042,0.0737527114967462,0.0824295010845987,0.8438177874186551
sqa,Qwen/Qwen2.5-7B-Instruct,ctx.stats,ctx,table.numeric_density_bin=high,470,0.5957446808510638,0.5936170212765958,-0.002127659574468085,-0.003532008830022075,0.00140434925555399,0.08297872340425531,0.0851063829787234,0.8319148936170213
sqa,Qwen/Qwen2.5-7B-Instruct,ctx.stats,ctx,table.numeric_density_bin=low,830,0.6397590361445783,0.6578313253012048,0.018072289156626505,-0.003532008830022075,0.02160429798664858,0.0746987951807229,0.056626506024096385,0.8686746987951808
sqa,Qwen/Qwen2.5-7B-Instruct,ctx.stats,ctx,table.numeric_density_bin=mid,583,0.6586620926243568,0.6209262435677531,-0.03773584905660377,-0.003532008830022075,-0.0342038402265817,0.048027444253859346,0.08576329331046312,0.8662092624356775
sqa,Qwen/Qwen2.5-7B-Instruct,ctx.stats,ctx,table.numeric_density_bin=none,382,0.6858638743455497,0.6858638743455497,0.0,-0.003532008830022075,0.003532008830022075,0.07591623036649214,0.07591623036649214,0.8481675392670157
sqa,Qwen/Qwen2.5-7B-Instruct,ctx.stats,ctx,table.rows_bin=11_25,1240,0.6346774193548387,0.6298387096774194,-0.004838709677419355,-0.003532008830022075,-0.00130670084739728,0.06532258064516129,0.07016129032258064,0.864516129032258
sqa,Qwen/Qwen2.5-7B-Instruct,ctx.stats,ctx,table.rows_bin=26_50,131,0.6259541984732825,0.5801526717557252,-0.04580152671755725,-0.003532008830022075,-0.04226951788753518,0.03816793893129771,0.08396946564885496,0.8778625954198473
sqa,Qwen/Qwen2.5-7B-Instruct,ctx.stats,ctx,table.rows_bin=6_10,894,0.6577181208053692,0.6621923937360179,0.0044742729306487695,-0.003532008830022075,0.008006281760670845,0.08053691275167785,0.07606263982102908,0.843400447427293
sqa,Qwen/Qwen2.5-7B-Instruct,ctx.stats,ctx,table.shape=balanced,1282,0.641185647425897,0.6232449297971919,-0.01794071762870515,-0.003532008830022075,-0.014408708798683074,0.06318252730109204,0.0811232449297972,0.8556942277691107
sqa,Qwen/Qwen2.5-7B-Instruct,ctx.stats,ctx,table.shape=wide,983,0.6459816887080366,0.6612410986775178,0.015259409969481181,-0.003532008830022075,0.018791418799503256,0.07833163784333673,0.06307222787385554,0.8585961342828077
sqa,Qwen/Qwen2.5-7B-Instruct,ctx.stats,ctx,text.has_number,480,0.5604166666666667,0.55625,-0.004166666666666667,-0.003532008830022075,-0.0006346578366445916,0.07083333333333333,0.075,0.8541666666666666
sqa,Qwen/Qwen2.5-7B-Instruct,ctx.stats,ctx,text.has_ordinal,79,0.5569620253164557,0.6329113924050633,0.0759493670886076,-0.003532008830022075,0.07948137591862967,0.13924050632911392,0.06329113924050633,0.7974683544303798
sqa,Qwen/Qwen2.5-7B-Instruct,ctx.stats,ctx,text.has_quoted_span,5,0.8,0.8,0.0,-0.003532008830022075,0.003532008830022075,0.0,0.0,1.0
sqa,Qwen/Qwen2.5-7B-Instruct,ctx.stats,ctx,text.has_year,209,0.5645933014354066,0.5933014354066986,0.028708133971291867,-0.003532008830022075,0.032240142801313945,0.0861244019138756,0.05741626794258373,0.8564593301435407
sqa,Qwen/Qwen2.5-7B-Instruct,ctx.type,ctx,cell.has_comma_number,407,0.687960687960688,0.6977886977886978,0.009828009828009828,0.004856512141280353,0.004971497686729475,0.04668304668304668,0.036855036855036855,0.9164619164619164
sqa,Qwen/Qwen2.5-7B-Instruct,ctx.type,ctx,cell.has_currency,27,0.7407407407407407,0.8518518518518519,0.1111111111111111,0.004856512141280353,0.10625459896983075,0.14814814814814814,0.037037037037037035,0.8148148148148148
sqa,Qwen/Qwen2.5-7B-Instruct,ctx.type,ctx,cell.has_date_like,1548,0.6537467700258398,0.6576227390180879,0.003875968992248062,0.004856512141280353,-0.0009805431490322912,0.040697674418604654,0.03682170542635659,0.9224806201550387
sqa,Qwen/Qwen2.5-7B-Instruct,ctx.type,ctx,cell.has_numeric_range,454,0.6563876651982379,0.6453744493392071,-0.011013215859030838,0.004856512141280353,-0.01586972800031119,0.046255506607929514,0.05726872246696035,0.8964757709251101
sqa,Qwen/Qwen2.5-7B-Instruct,ctx.type,ctx,cell.has_percent,78,0.6153846153846154,0.6282051282051282,0.01282051282051282,0.004856512141280353,0.007964000679232468,0.07692307692307693,0.0641025641025641,0.8589743589743589
sqa,Qwen/Qwen2.5-7B-Instruct,ctx.type,ctx,cell.has_score_surface,213,0.6009389671361502,0.5915492957746479,-0.009389671361502348,0.004856512141280353,-0.0142461835027827,0.028169014084507043,0.03755868544600939,0.9342723004694836
sqa,Qwen/Qwen2.5-7B-Instruct,ctx.type,ctx,cell.missing_value_marker,988,0.6204453441295547,0.6366396761133604,0.016194331983805668,0.004856512141280353,0.011337819842525316,0.05263157894736842,0.03643724696356275,0.9109311740890689
sqa,Qwen/Qwen2.5-7B-Instruct,ctx.type,ctx,dialog.has_reference_marker,740,0.6554054054054054,0.6445945945945946,-0.010810810810810811,0.004856512141280353,-0.015667322952091164,0.0445945945945946,0.05540540540540541,0.9
sqa,Qwen/Qwen2.5-7B-Instruct,ctx.type,ctx,dialog.turn_bin=early,1297,0.6653816499614496,0.6715497301464919,0.006168080185042405,0.004856512141280353,0.001311568043762052,0.047031611410948346,0.040863531225905934,0.9121048573631457
sqa,Qwen/Qwen2.5-7B-Instruct,ctx.type,ctx,dialog.turn_bin=first,784,0.5931122448979592,0.5956632653061225,0.002551020408163265,0.004856512141280353,-0.002305491733117088,0.03188775510204082,0.029336734693877552,0.9387755102040817
sqa,Qwen/Qwen2.5-7B-Instruct,ctx.type,ctx,dialog.turn_bin=late,184,0.7010869565217391,0.7065217391304348,0.005434782608695652,0.004856512141280353,0.0005782704674152988,0.05434782608695652,0.04891304347826087,0.8967391304347826
sqa,Qwen/Qwen2.5-7B-Instruct,ctx.type,ctx,grounding.cell_overlap,1052,0.6444866920152091,0.6463878326996197,0.0019011406844106464,0.004856512141280353,-0.002955371456869707,0.03231939163498099,0.030418250950570342,0.9372623574144486
sqa,Qwen/Qwen2.5-7B-Instruct,ctx.type,ctx,grounding.header_overlap,1139,0.6646180860403863,0.659350307287094,-0.0052677787532923615,0.004856512141280353,-0.010124290894572716,0.04302019315188762,0.048287971905179985,0.9086918349429324
sqa,Qwen/Qwen2.5-7B-Instruct,ctx.type,ctx,intent.aggregate_noncount,37,0.4594594594594595,0.43243243243243246,-0.02702702702702703,0.004856512141280353,-0.031883539168307384,0.02702702702702703,0.05405405405405406,0.918918918918919
sqa,Qwen/Qwen2.5-7B-Instruct,ctx.type,ctx,intent.arithmetic,22,0.6363636363636364,0.5454545454545454,-0.09090909090909091,0.004856512141280353,-0.09576560305037127,0.0,0.09090909090909091,0.9090909090909091
sqa,Qwen/Qwen2.5-7B-Instruct,ctx.type,ctx,intent.comparison,53,0.41509433962264153,0.4528301886792453,0.03773584905660377,0.004856512141280353,0.032879336915323416,0.11320754716981132,0.07547169811320754,0.8113207547169812
sqa,Qwen/Qwen2.5-7B-Instruct,ctx.type,ctx,intent.count,168,0.5952380952380952,0.5714285714285714,-0.023809523809523808,0.004856512141280353,-0.02866603595080416,0.011904761904761904,0.03571428571428571,0.9523809523809523
sqa,Qwen/Qwen2.5-7B-Instruct,ctx.type,ctx,intent.negation_marker,91,0.4725274725274725,0.5274725274725275,0.054945054945054944,0.004856512141280353,0.05008854280377459,0.06593406593406594,0.01098901098901099,0.9230769230769231
sqa,Qwen/Qwen2.5-7B-Instruct,ctx.type,ctx,intent.superlative_rank,321,0.6105919003115264,0.616822429906542,0.006230529595015576,0.004856512141280353,0.001374017453735223,0.059190031152647975,0.0529595015576324,0.8878504672897196
sqa,Qwen/Qwen2.5-7B-Instruct,ctx.type,ctx,intent.temporal,395,0.6177215189873417,0.6303797468354431,0.012658227848101266,0.004856512141280353,0.007801715706820912,0.04050632911392405,0.027848101265822784,0.9316455696202531
sqa,Qwen/Qwen2.5-7B-Instruct,ctx.type,ctx,schema.has_date_col,962,0.6444906444906445,0.659043659043659,0.014553014553014554,0.004856512141280353,0.009696502411734201,0.04573804573804574,0.031185031185031187,0.9230769230769231
sqa,Qwen/Qwen2.5-7B-Instruct,ctx.type,ctx,schema.has_rank_col,957,0.6405433646812957,0.6520376175548589,0.011494252873563218,0.004856512141280353,0.006637740732282865,0.04597701149425287,0.034482758620689655,0.9195402298850575
sqa,Qwen/Qwen2.5-7B-Instruct,ctx.type,ctx,schema.has_score_col,410,0.6390243902439025,0.6390243902439025,0.0,0.004856512141280353,-0.004856512141280353,0.03902439024390244,0.03902439024390244,0.9219512195121952
sqa,Qwen/Qwen2.5-7B-Instruct,ctx.type,ctx,schema.has_unit_col,238,0.6932773109243697,0.6680672268907563,-0.025210084033613446,0.004856512141280353,-0.0300665961748938,0.02100840336134454,0.046218487394957986,0.9327731092436975
sqa,Qwen/Qwen2.5-7B-Instruct,ctx.type,ctx,schema.header_repetition_marker,51,0.6274509803921569,0.6470588235294118,0.0196078431372549,0.004856512141280353,0.01475133099597455,0.058823529411764705,0.0392156862745098,0.9019607843137255
sqa,Qwen/Qwen2.5-7B-Instruct,ctx.type,ctx,table.cols_bin=0_3,7,0.42857142857142855,0.5714285714285714,0.14285714285714285,0.004856512141280353,0.1380006307158625,0.14285714285714285,0.0,0.8571428571428571
sqa,Qwen/Qwen2.5-7B-Instruct,ctx.type,ctx,table.cols_bin=4_6,1633,0.640538885486834,0.6380894060012248,-0.002449479485609308,0.004856512141280353,-0.007305991626889661,0.04102878138395591,0.043478260869565216,0.9154929577464789
sqa,Qwen/Qwen2.5-7B-Instruct,ctx.type,ctx,table.cols_bin=7_10,625,0.6528,0.6752,0.0224,0.004856512141280353,0.017543487858719647,0.0448,0.0224,0.9328
sqa,Qwen/Qwen2.5-7B-Instruct,ctx.type,ctx,table.numeric_cols_bin=0,382,0.6858638743455497,0.6727748691099477,-0.013089005235602094,0.004856512141280353,-0.017945517376882446,0.015706806282722512,0.028795811518324606,0.9554973821989529
sqa,Qwen/Qwen2.5-7B-Instruct,ctx.type,ctx,table.numeric_cols_bin=1,930,0.632258064516129,0.6387096774193548,0.0064516129032258064,0.004856512141280353,0.0015951007619454532,0.041935483870967745,0.035483870967741936,0.9225806451612903
sqa,Qwen/Qwen2.5-7B-Instruct,ctx.type,ctx,table.numeric_cols_bin=2_3,492,0.6666666666666666,0.6585365853658537,-0.008130081300813009,0.004856512141280353,-0.012986593442093363,0.034552845528455285,0.042682926829268296,0.9227642276422764
sqa,Qwen/Qwen2.5-7B-Instruct,ctx.type,ctx,table.numeric_cols_bin=ge_4,461,0.6052060737527115,0.6355748373101953,0.03036876355748373,0.004856512141280353,0.025512251416203377,0.0737527114967462,0.04338394793926247,0.8828633405639913
sqa,Qwen/Qwen2.5-7B-Instruct,ctx.type,ctx,table.numeric_density_bin=high,470,0.5957446808510638,0.6212765957446809,0.02553191489361702,0.004856512141280353,0.020675402752336668,0.07446808510638298,0.04893617021276596,0.8765957446808511
sqa,Qwen/Qwen2.5-7B-Instruct,ctx.type,ctx,table.numeric_density_bin=low,830,0.6397590361445783,0.6421686746987951,0.0024096385542168677,0.004856512141280353,-0.0024468735870634855,0.03855421686746988,0.03614457831325301,0.9253012048192771
sqa,Qwen/Qwen2.5-7B-Instruct,ctx.type,ctx,table.numeric_density_bin=mid,583,0.6586620926243568,0.6620926243567753,0.003430531732418525,0.004856512141280353,-0.0014259804088618284,0.03945111492281304,0.036020583190394515,0.9245283018867925
sqa,Qwen/Qwen2.5-7B-Instruct,ctx.type,ctx,table.numeric_density_bin=none,382,0.6858638743455497,0.6727748691099477,-0.013089005235602094,0.004856512141280353,-0.017945517376882446,0.015706806282722512,0.028795811518324606,0.9554973821989529
sqa,Qwen/Qwen2.5-7B-Instruct,ctx.type,ctx,table.rows_bin=11_25,1240,0.6346774193548387,0.6338709677419355,-0.0008064516129032258,0.004856512141280353,-0.005662963754183579,0.042741935483870966,0.043548387096774194,0.9137096774193548
sqa,Qwen/Qwen2.5-7B-Instruct,ctx.type,ctx,table.rows_bin=26_50,131,0.6259541984732825,0.648854961832061,0.022900763358778626,0.004856512141280353,0.018044251217498274,0.03816793893129771,0.015267175572519083,0.9465648854961832
sqa,Qwen/Qwen2.5-7B-Instruct,ctx.type,ctx,table.rows_bin=6_10,894,0.6577181208053692,0.6677852348993288,0.010067114093959731,0.004856512141280353,0.005210601952679378,0.042505592841163314,0.03243847874720358,0.9250559284116331
sqa,Qwen/Qwen2.5-7B-Instruct,ctx.type,ctx,table.shape=balanced,1282,0.641185647425897,0.6365054602184087,-0.0046801872074883,0.004856512141280353,-0.009536699348768652,0.041341653666146644,0.046021840873634944,0.9126365054602185
sqa,Qwen/Qwen2.5-7B-Instruct,ctx.type,ctx,table.shape=wide,983,0.6459816887080366,0.6632756866734486,0.017293997965412006,0.004856512141280353,0.012437485824131653,0.04374364191251272,0.026449643947100712,0.9298067141403866
sqa,Qwen/Qwen2.5-7B-Instruct,ctx.type,ctx,text.has_number,480,0.5604166666666667,0.5645833333333333,0.004166666666666667,0.004856512141280353,-0.0006898454746136866,0.04791666666666667,0.04375,0.9083333333333333
sqa,Qwen/Qwen2.5-7B-Instruct,ctx.type,ctx,text.has_ordinal,79,0.5569620253164557,0.5949367088607594,0.0379746835443038,0.004856512141280353,0.03311817140302344,0.0759493670886076,0.0379746835443038,0.8860759493670886
sqa,Qwen/Qwen2.5-7B-Instruct,ctx.type,ctx,text.has_quoted_span,5,0.8,0.8,0.0,0.004856512141280353,-0.004856512141280353,0.0,0.0,1.0
sqa,Qwen/Qwen2.5-7B-Instruct,ctx.type,ctx,text.has_year,209,0.5645933014354066,0.5789473684210527,0.014354066985645933,0.004856512141280353,0.00949755484436558,0.03827751196172249,0.023923444976076555,0.937799043062201
sqa,Qwen/Qwen2.5-7B-Instruct,format.json,format,cell.has_comma_number,407,0.687960687960688,0.6781326781326781,-0.009828009828009828,0.008388520971302429,-0.018216530799312257,0.07616707616707617,0.085995085995086,0.8378378378378378
sqa,Qwen/Qwen2.5-7B-Instruct,format.json,format,cell.has_currency,27,0.7407407407407407,0.8148148148148148,0.07407407407407407,0.008388520971302429,0.06568555310277165,0.14814814814814814,0.07407407407407407,0.7777777777777778
sqa,Qwen/Qwen2.5-7B-Instruct,format.json,format,cell.has_date_like,1548,0.6537467700258398,0.6518087855297158,-0.001937984496124031,0.008388520971302429,-0.01032650546742646,0.07751937984496124,0.07945736434108527,0.8430232558139535
sqa,Qwen/Qwen2.5-7B-Instruct,format.json,format,cell.has_numeric_range,454,0.6563876651982379,0.6431718061674009,-0.013215859030837005,0.008388520971302429,-0.021604380002139434,0.07268722466960352,0.08590308370044053,0.8414096916299559
sqa,Qwen/Qwen2.5-7B-Instruct,format.json,format,cell.has_percent,78,0.6153846153846154,0.6153846153846154,0.0,0.008388520971302429,-0.008388520971302429,0.07692307692307693,0.07692307692307693,0.8461538461538461
sqa,Qwen/Qwen2.5-7B-Instruct,format.json,format,cell.has_score_surface,213,0.6009389671361502,0.6009389671361502,0.0,0.008388520971302429,-0.008388520971302429,0.07042253521126761,0.07042253521126761,0.8591549295774648
sqa,Qwen/Qwen2.5-7B-Instruct,format.json,format,cell.missing_value_marker,988,0.6204453441295547,0.6406882591093117,0.020242914979757085,0.008388520971302429,0.011854394008454656,0.08906882591093117,0.06882591093117409,0.8421052631578947
sqa,Qwen/Qwen2.5-7B-Instruct,format.json,format,dialog.has_reference_marker,740,0.6554054054054054,0.654054054054054,-0.0013513513513513514,0.008388520971302429,-0.00973987232265378,0.0972972972972973,0.09864864864864865,0.8040540540540541
sqa,Qwen/Qwen2.5-7B-Instruct,format.json,format,dialog.turn_bin=early,1297,0.6653816499614496,0.674633770239013,0.009252120277563608,0.008388520971302429,0.0008635993062611792,0.09097918272937548,0.08172706245181187,0.8272937548188126
sqa,Qwen/Qwen2.5-7B-Instruct,format.json,format,dialog.turn_bin=first,784,0.5931122448979592,0.6045918367346939,0.011479591836734694,0.008388520971302429,0.0030910708654322654,0.07908163265306123,0.06760204081632654,0.8533163265306123
sqa,Qwen/Qwen2.5-7B-Instruct,format.json,format,dialog.turn_bin=late,184,0.7010869565217391,0.6902173913043478,-0.010869565217391304,0.008388520971302429,-0.019258086188693735,0.07065217391304347,0.08152173913043478,0.8478260869565217
sqa,Qwen/Qwen2.5-7B-Instruct,format.json,format,grounding.cell_overlap,1052,0.6444866920152091,0.629277566539924,-0.015209125475285171,0.008388520971302429,-0.0235976464465876,0.06749049429657794,0.08269961977186312,0.8498098859315589
sqa,Qwen/Qwen2.5-7B-Instruct,format.json,format,grounding.header_overlap,1139,0.6646180860403863,0.6575943810359964,-0.007023705004389816,0.008388520971302429,-0.015412225975692244,0.07462686567164178,0.08165057067603161,0.8437225636523266
sqa,Qwen/Qwen2.5-7B-Instruct,format.json,format,intent.aggregate_noncount,37,0.4594594594594595,0.40540540540540543,-0.05405405405405406,0.008388520971302429,-0.06244257502535649,0.02702702702702703,0.08108108108108109,0.8918918918918919
sqa,Qwen/Qwen2.5-7B-Instruct,format.json,format,intent.arithmetic,22,0.6363636363636364,0.5454545454545454,-0.09090909090909091,0.008388520971302429,-0.09929761188039334,0.045454545454545456,0.13636363636363635,0.8181818181818182
sqa,Qwen/Qwen2.5-7B-Instruct,format.json,format,intent.comparison,53,0.41509433962264153,0.39622641509433965,-0.018867924528301886,0.008388520971302429,-0.027256445499604313,0.1320754716981132,0.1509433962264151,0.7169811320754716
sqa,Qwen/Qwen2.5-7B-Instruct,format.json,format,intent.count,168,0.5952380952380952,0.6130952380952381,0.017857142857142856,0.008388520971302429,0.009468621885840427,0.08333333333333333,0.06547619047619048,0.8511904761904762
sqa,Qwen/Qwen2.5-7B-Instruct,format.json,format,intent.negation_marker,91,0.4725274725274725,0.5494505494505495,0.07692307692307693,0.008388520971302429,0.0685345559517745,0.15384615384615385,0.07692307692307693,0.7692307692307693
sqa,Qwen/Qwen2.5-7B-Instruct,format.json,format,intent.superlative_rank,321,0.6105919003115264,0.632398753894081,0.021806853582554516,0.008388520971302429,0.013418332611252087,0.1059190031152648,0.08411214953271028,0.8099688473520249
sqa,Qwen/Qwen2.5-7B-Instruct,format.json,format,intent.temporal,395,0.6177215189873417,0.660759493670886,0.043037974683544304,0.008388520971302429,0.03464945371224187,0.10632911392405063,0.06329113924050633,0.830379746835443
sqa,Qwen/Qwen2.5-7B-Instruct,format.json,format,schema.has_date_col,962,0.6444906444906445,0.659043659043659,0.014553014553014554,0.008388520971302429,0.006164493581712125,0.08835758835758836,0.07380457380457381,0.8378378378378378
sqa,Qwen/Qwen2.5-7B-Instruct,format.json,format,schema.has_rank_col,957,0.6405433646812957,0.6698014629049112,0.029258098223615466,0.008388520971302429,0.02086957725231304,0.0961337513061651,0.06687565308254964,0.8369905956112853
sqa,Qwen/Qwen2.5-7B-Instruct,format.json,format,schema.has_score_col,410,0.6390243902439025,0.6365853658536585,-0.0024390243902439024,0.008388520971302429,-0.010827545361546332,0.07560975609756097,0.07804878048780488,0.8463414634146341
sqa,Qwen/Qwen2.5-7B-Instruct,format.json,format,schema.has_unit_col,238,0.6932773109243697,0.680672268907563,-0.012605042016806723,0.008388520971302429,-0.02099356298810915,0.06722689075630252,0.07983193277310924,0.8529411764705882
sqa,Qwen/Qwen2.5-7B-Instruct,format.json,format,schema.header_repetition_marker,51,0.6274509803921569,0.5686274509803921,-0.058823529411764705,0.008388520971302429,-0.06721205038306713,0.058823529411764705,0.11764705882352941,0.8235294117647058
sqa,Qwen/Qwen2.5-7B-Instruct,format.json,format,table.cols_bin=0_3,7,0.42857142857142855,0.5714285714285714,0.14285714285714285,0.008388520971302429,0.1344686218858404,0.14285714285714285,0.0,0.8571428571428571
sqa,Qwen/Qwen2.5-7B-Instruct,format.json,format,table.cols_bin=4_6,1633,0.640538885486834,0.6552357624004899,0.014696876913655848,0.008388520971302429,0.006308355942353419,0.0906307409675444,0.07593386405388855,0.833435394978567
sqa,Qwen/Qwen2.5-7B-Instruct,format.json,format,table.cols_bin=7_10,625,0.6528,0.6432,-0.0096,0.008388520971302429,-0.01798852097130243,0.0704,0.08,0.8496
sqa,Qwen/Qwen2.5-7B-Instruct,format.json,format,table.numeric_cols_bin=0,382,0.6858638743455497,0.6387434554973822,-0.04712041884816754,0.008388520971302429,-0.05550893981946997,0.03926701570680628,0.08638743455497382,0.8743455497382199
sqa,Qwen/Qwen2.5-7B-Instruct,format.json,format,table.numeric_cols_bin=1,930,0.632258064516129,0.6505376344086021,0.01827956989247312,0.008388520971302429,0.00989104892117069,0.08387096774193549,0.06559139784946237,0.8505376344086022
sqa,Qwen/Qwen2.5-7B-Instruct,format.json,format,table.numeric_cols_bin=2_3,492,0.6666666666666666,0.7052845528455285,0.03861788617886179,0.008388520971302429,0.03022936520755936,0.11178861788617886,0.07317073170731707,0.8150406504065041
sqa,Qwen/Qwen2.5-7B-Instruct,format.json,format,table.numeric_cols_bin=ge_4,461,0.6052060737527115,0.6073752711496746,0.0021691973969631237,0.008388520971302429,-0.006219323574339306,0.09761388286334056,0.09544468546637744,0.806941431670282
sqa,Qwen/Qwen2.5-7B-Instruct,format.json,format,table.numeric_density_bin=high,470,0.5957446808510638,0.6148936170212767,0.019148936170212766,0.008388520971302429,0.010760415198910337,0.1127659574468085,0.09361702127659574,0.7936170212765957
sqa,Qwen/Qwen2.5-7B-Instruct,format.json,format,table.numeric_density_bin=low,830,0.6397590361445783,0.653012048192771,0.01325301204819277,0.008388520971302429,0.004864491076890342,0.08433734939759036,0.07108433734939759,0.844578313253012
sqa,Qwen/Qwen2.5-7B-Instruct,format.json,format,table.numeric_density_bin=mid,583,0.6586620926243568,0.6878216123499142,0.029159519725557463,0.008388520971302429,0.020770998754255032,0.09433962264150944,0.06518010291595197,0.8404802744425386
sqa,Qwen/Qwen2.5-7B-Instruct,format.json,format,table.numeric_density_bin=none,382,0.6858638743455497,0.6387434554973822,-0.04712041884816754,0.008388520971302429,-0.05550893981946997,0.03926701570680628,0.08638743455497382,0.8743455497382199
sqa,Qwen/Qwen2.5-7B-Instruct,format.json,format,table.rows_bin=11_25,1240,0.6346774193548387,0.6314516129032258,-0.0032258064516129032,0.008388520971302429,-0.011614327422915332,0.08225806451612903,0.08548387096774193,0.832258064516129
sqa,Qwen/Qwen2.5-7B-Instruct,format.json,format,table.rows_bin=26_50,131,0.6259541984732825,0.6412213740458015,0.015267175572519083,0.008388520971302429,0.006878654601216654,0.0916030534351145,0.07633587786259542,0.8320610687022901
sqa,Qwen/Qwen2.5-7B-Instruct,format.json,format,table.rows_bin=6_10,894,0.6577181208053692,0.6812080536912751,0.02348993288590604,0.008388520971302429,0.015101411914603612,0.0883668903803132,0.06487695749440715,0.8467561521252797
sqa,Qwen/Qwen2.5-7B-Instruct,format.json,format,table.shape=balanced,1282,0.641185647425897,0.6372854914196567,-0.0039001560062402497,0.008388520971302429,-0.012288676977542679,0.08268330733229329,0.08658346333853355,0.8307332293291732
sqa,Qwen/Qwen2.5-7B-Instruct,format.json,format,table.shape=wide,983,0.6459816887080366,0.6703967446592065,0.024415055951169887,0.008388520971302429,0.01602653497986746,0.08850457782299084,0.06408952187182096,0.8474059003051883
sqa,Qwen/Qwen2.5-7B-Instruct,format.json,format,text.has_number,480,0.5604166666666667,0.5708333333333333,0.010416666666666666,0.008388520971302429,0.002028145695364237,0.09375,0.08333333333333333,0.8229166666666666
sqa,Qwen/Qwen2.5-7B-Instruct,format.json,format,text.has_ordinal,79,0.5569620253164557,0.6582278481012658,0.10126582278481013,0.008388520971302429,0.0928773018135077,0.10126582278481013,0.0,0.8987341772151899
sqa,Qwen/Qwen2.5-7B-Instruct,format.json,format,text.has_quoted_span,5,0.8,0.8,0.0,0.008388520971302429,-0.008388520971302429,0.0,0.0,1.0
sqa,Qwen/Qwen2.5-7B-Instruct,format.json,format,text.has_year,209,0.5645933014354066,0.6076555023923444,0.0430622009569378,0.008388520971302429,0.03467367998563537,0.11961722488038277,0.07655502392344497,0.8038277511961722
sqa,Qwen/Qwen2.5-7B-Instruct,reason.critique_revise,reason,cell.has_comma_number,407,0.687960687960688,0.687960687960688,0.0,0.0,0.0,0.0343980343980344,0.0343980343980344,0.9312039312039312
sqa,Qwen/Qwen2.5-7B-Instruct,reason.critique_revise,reason,cell.has_currency,27,0.7407407407407407,0.7777777777777778,0.037037037037037035,0.0,0.037037037037037035,0.07407407407407407,0.037037037037037035,0.8888888888888888
sqa,Qwen/Qwen2.5-7B-Instruct,reason.critique_revise,reason,cell.has_date_like,1548,0.6537467700258398,0.6498708010335917,-0.003875968992248062,0.0,-0.003875968992248062,0.04780361757105943,0.05167958656330749,0.900516795865633
sqa,Qwen/Qwen2.5-7B-Instruct,reason.critique_revise,reason,cell.has_numeric_range,454,0.6563876651982379,0.6541850220264317,-0.0022026431718061676,0.0,-0.0022026431718061676,0.046255506607929514,0.048458149779735685,0.9052863436123348
sqa,Qwen/Qwen2.5-7B-Instruct,reason.critique_revise,reason,cell.has_percent,78,0.6153846153846154,0.6666666666666666,0.05128205128205128,0.0,0.05128205128205128,0.08974358974358974,0.038461538461538464,0.8717948717948718
sqa,Qwen/Qwen2.5-7B-Instruct,reason.critique_revise,reason,cell.has_score_surface,213,0.6009389671361502,0.568075117370892,-0.03286384976525822,0.0,-0.03286384976525822,0.03755868544600939,0.07042253521126761,0.892018779342723
sqa,Qwen/Qwen2.5-7B-Instruct,reason.critique_revise,reason,cell.missing_value_marker,988,0.6204453441295547,0.6244939271255061,0.004048582995951417,0.0,0.004048582995951417,0.04757085020242915,0.043522267206477734,0.9089068825910931
sqa,Qwen/Qwen2.5-7B-Instruct,reason.critique_revise,reason,dialog.has_reference_marker,740,0.6554054054054054,0.6608108108108108,0.005405405405405406,0.0,0.005405405405405406,0.05810810810810811,0.052702702702702706,0.8891891891891892
sqa,Qwen/Qwen2.5-7B-Instruct,reason.critique_revise,reason,dialog.turn_bin=early,1297,0.6653816499614496,0.6622976098689283,-0.0030840400925212026,0.0,-0.0030840400925212026,0.04934464148033924,0.052428681572860444,0.8982266769468004
sqa,Qwen/Qwen2.5-7B-Instruct,reason.critique_revise,reason,dialog.turn_bin=first,784,0.5931122448979592,0.5905612244897959,-0.002551020408163265,0.0,-0.002551020408163265,0.04081632653061224,0.04336734693877551,0.9158163265306123
sqa,Qwen/Qwen2.5-7B-Instruct,reason.critique_revise,reason,dialog.turn_bin=late,184,0.7010869565217391,0.7336956521739131,0.03260869565217391,0.0,0.03260869565217391,0.059782608695652176,0.02717391304347826,0.9130434782608695
sqa,Qwen/Qwen2.5-7B-Instruct,reason.critique_revise,reason,grounding.cell_overlap,1052,0.6444866920152091,0.6378326996197718,-0.006653992395437262,0.0,-0.006653992395437262,0.034220532319391636,0.0408745247148289,0.9249049429657795
sqa,Qwen/Qwen2.5-7B-Instruct,reason.critique_revise,reason,grounding.header_overlap,1139,0.6646180860403863,0.6646180860403863,0.0,0.0,0.0,0.04916593503072871,0.04916593503072871,0.9016681299385426
sqa,Qwen/Qwen2.5-7B-Instruct,reason.critique_revise,reason,intent.aggregate_noncount,37,0.4594594594594595,0.4594594594594595,0.0,0.0,0.0,0.0,0.0,1.0
sqa,Qwen/Qwen2.5-7B-Instruct,reason.critique_revise,reason,intent.arithmetic,22,0.6363636363636364,0.45454545454545453,-0.18181818181818182,0.0,-0.18181818181818182,0.0,0.18181818181818182,0.8181818181818182
sqa,Qwen/Qwen2.5-7B-Instruct,reason.critique_revise,reason,intent.comparison,53,0.41509433962264153,0.37735849056603776,-0.03773584905660377,0.0,-0.03773584905660377,0.05660377358490566,0.09433962264150944,0.8490566037735849
sqa,Qwen/Qwen2.5-7B-Instruct,reason.critique_revise,reason,intent.count,168,0.5952380952380952,0.5714285714285714,-0.023809523809523808,0.0,-0.023809523809523808,0.011904761904761904,0.03571428571428571,0.9523809523809523
sqa,Qwen/Qwen2.5-7B-Instruct,reason.critique_revise,reason,intent.negation_marker,91,0.4725274725274725,0.5494505494505495,0.07692307692307693,0.0,0.07692307692307693,0.14285714285714285,0.06593406593406594,0.7912087912087912
sqa,Qwen/Qwen2.5-7B-Instruct,reason.critique_revise,reason,intent.superlative_rank,321,0.6105919003115264,0.632398753894081,0.021806853582554516,0.0,0.021806853582554516,0.07165109034267912,0.04984423676012461,0.8785046728971962
sqa,Qwen/Qwen2.5-7B-Instruct,reason.critique_revise,reason,intent.temporal,395,0.6177215189873417,0.6050632911392405,-0.012658227848101266,0.0,-0.012658227848101266,0.035443037974683546,0.04810126582278481,0.9164556962025316
sqa,Qwen/Qwen2.5-7B-Instruct,reason.critique_revise,reason,schema.has_date_col,962,0.6444906444906445,0.6403326403326404,-0.004158004158004158,0.0,-0.004158004158004158,0.04885654885654886,0.05301455301455302,0.8981288981288982
sqa,Qwen/Qwen2.5-7B-Instruct,reason.critique_revise,reason,schema.has_rank_col,957,0.6405433646812957,0.6520376175548589,0.011494252873563218,0.0,0.011494252873563218,0.0522466039707419,0.04075235109717868,0.9070010449320794
sqa,Qwen/Qwen2.5-7B-Instruct,reason.critique_revise,reason,schema.has_score_col,410,0.6390243902439025,0.6439024390243903,0.004878048780487805,0.0,0.004878048780487805,0.06097560975609756,0.05609756097560976,0.8829268292682927
sqa,Qwen/Qwen2.5-7B-Instruct,reason.critique_revise,reason,schema.has_unit_col,238,0.6932773109243697,0.6722689075630253,-0.02100840336134454,0.0,-0.02100840336134454,0.03361344537815126,0.0546218487394958,0.9117647058823529
sqa,Qwen/Qwen2.5-7B-Instruct,reason.critique_revise,reason,schema.header_repetition_marker,51,0.6274509803921569,0.5490196078431373,-0.0784313725490196,0.0,-0.0784313725490196,0.0,0.0784313725490196,0.9215686274509803
sqa,Qwen/Qwen2.5-7B-Instruct,reason.critique_revise,reason,table.cols_bin=0_3,7,0.42857142857142855,0.5714285714285714,0.14285714285714285,0.0,0.14285714285714285,0.14285714285714285,0.0,0.8571428571428571
sqa,Qwen/Qwen2.5-7B-Instruct,reason.critique_revise,reason,table.cols_bin=4_6,1633,0.640538885486834,0.6362522963870177,-0.004286589099816289,0.0,-0.004286589099816289,0.04592774035517452,0.05021432945499082,0.9038579301898346
sqa,Qwen/Qwen2.5-7B-Instruct,reason.critique_revise,reason,table.cols_bin=7_10,625,0.6528,0.6624,0.0096,0.0,0.0096,0.0496,0.04,0.9104
sqa,Qwen/Qwen2.5-7B-Instruct,reason.critique_revise,reason,table.numeric_cols_bin=0,382,0.6858638743455497,0.6675392670157068,-0.01832460732984293,0.0,-0.01832460732984293,0.03664921465968586,0.0549738219895288,0.9083769633507853
sqa,Qwen/Qwen2.5-7B-Instruct,reason.critique_revise,reason,table.numeric_cols_bin=1,930,0.632258064516129,0.6311827956989248,-0.001075268817204301,0.0,-0.001075268817204301,0.043010752688172046,0.04408602150537634,0.9129032258064517
sqa,Qwen/Qwen2.5-7B-Instruct,reason.critique_revise,reason,table.numeric_cols_bin=2_3,492,0.6666666666666666,0.6544715447154471,-0.012195121951219513,0.0,-0.012195121951219513,0.036585365853658534,0.04878048780487805,0.9146341463414634
sqa,Qwen/Qwen2.5-7B-Instruct,reason.critique_revise,reason,table.numeric_cols_bin=ge_4,461,0.6052060737527115,0.6355748373101953,0.03036876355748373,0.0,0.03036876355748373,0.07592190889370933,0.0455531453362256,0.8785249457700651
sqa,Qwen/Qwen2.5-7B-Instruct,reason.critique_revise,reason,table.numeric_density_bin=high,470,0.5957446808510638,0.625531914893617,0.029787234042553193,0.0,0.029787234042553193,0.07446808510638298,0.04468085106382979,0.8808510638297873
sqa,Qwen/Qwen2.5-7B-Instruct,reason.critique_revise,reason,table.numeric_density_bin=low,830,0.6397590361445783,0.6337349397590362,-0.006024096385542169,0.0,-0.006024096385542169,0.04096385542168675,0.046987951807228916,0.9120481927710843
sqa,Qwen/Qwen2.5-7B-Instruct,reason.critique_revise,reason,table.numeric_density_bin=mid,583,0.6586620926243568,0.6552315608919382,-0.003430531732418525,0.0,-0.003430531732418525,0.0411663807890223,0.044596912521440824,0.9142367066895368
sqa,Qwen/Qwen2.5-7B-Instruct,reason.critique_revise,reason,table.numeric_density_bin=none,382,0.6858638743455497,0.6675392670157068,-0.01832460732984293,0.0,-0.01832460732984293,0.03664921465968586,0.0549738219895288,0.9083769633507853
sqa,Qwen/Qwen2.5-7B-Instruct,reason.critique_revise,reason,table.rows_bin=11_25,1240,0.6346774193548387,0.6314516129032258,-0.0032258064516129032,0.0,-0.0032258064516129032,0.04758064516129032,0.050806451612903224,0.9016129032258065
sqa,Qwen/Qwen2.5-7B-Instruct,reason.critique_revise,reason,table.rows_bin=26_50,131,0.6259541984732825,0.6183206106870229,-0.007633587786259542,0.0,-0.007633587786259542,0.04580152671755725,0.05343511450381679,0.9007633587786259
sqa,Qwen/Qwen2.5-7B-Instruct,reason.critique_revise,reason,table.rows_bin=6_10,894,0.6577181208053692,0.6633109619686801,0.005592841163310962,0.0,0.005592841163310962,0.04697986577181208,0.04138702460850112,0.9116331096196868
sqa,Qwen/Qwen2.5-7B-Instruct,reason.critique_revise,reason,table.shape=balanced,1282,0.641185647425897,0.6318252730109204,-0.0093603744149766,0.0,-0.0093603744149766,0.04758190327613104,0.05694227769110764,0.8954758190327613
sqa,Qwen/Qwen2.5-7B-Instruct,reason.critique_revise,reason,table.shape=wide,983,0.6459816887080366,0.6581892166836215,0.012207527975584944,0.0,0.012207527975584944,0.04679552390640895,0.03458799593082401,0.9186164801627671
sqa,Qwen/Qwen2.5-7B-Instruct,reason.critique_revise,reason,text.has_number,480,0.5604166666666667,0.55,-0.010416666666666666,0.0,-0.010416666666666666,0.03958333333333333,0.05,0.9104166666666667
sqa,Qwen/Qwen2.5-7B-Instruct,reason.critique_revise,reason,text.has_ordinal,79,0.5569620253164557,0.5949367088607594,0.0379746835443038,0.0,0.0379746835443038,0.0759493670886076,0.0379746835443038,0.8860759493670886
sqa,Qwen/Qwen2.5-7B-Instruct,reason.critique_revise,reason,text.has_quoted_span,5,0.8,0.8,0.0,0.0,0.0,0.0,0.0,1.0
sqa,Qwen/Qwen2.5-7B-Instruct,reason.critique_revise,reason,text.has_year,209,0.5645933014354066,0.5598086124401914,-0.004784688995215311,0.0,-0.004784688995215311,0.0430622009569378,0.04784688995215311,0.9090909090909091
sqa,Qwen/Qwen2.5-7B-Instruct,reason.decompose,reason,cell.has_comma_number,407,0.687960687960688,0.714987714987715,0.02702702702702703,0.011037527593818985,0.015989499433208043,0.0687960687960688,0.04176904176904177,0.8894348894348895
sqa,Qwen/Qwen2.5-7B-Instruct,reason.decompose,reason,cell.has_currency,27,0.7407407407407407,0.8148148148148148,0.07407407407407407,0.011037527593818985,0.06303654648025508,0.1111111111111111,0.037037037037037035,0.8518518518518519
sqa,Qwen/Qwen2.5-7B-Instruct,reason.decompose,reason,cell.has_date_like,1548,0.6537467700258398,0.6550387596899225,0.0012919896640826874,0.011037527593818985,-0.009745537929736299,0.05878552971576227,0.05749354005167959,0.8837209302325582
sqa,Qwen/Qwen2.5-7B-Instruct,reason.decompose,reason,cell.has_numeric_range,454,0.6563876651982379,0.6453744493392071,-0.011013215859030838,0.011037527593818985,-0.022050743452849825,0.06167400881057269,0.07268722466960352,0.8656387665198237
sqa,Qwen/Qwen2.5-7B-Instruct,reason.decompose,reason,cell.has_percent,78,0.6153846153846154,0.6666666666666666,0.05128205128205128,0.011037527593818985,0.040244523688232295,0.07692307692307693,0.02564102564102564,0.8974358974358975
sqa,Qwen/Qwen2.5-7B-Instruct,reason.decompose,reason,cell.has_score_surface,213,0.6009389671361502,0.5868544600938967,-0.014084507042253521,0.011037527593818985,-0.02512203463607251,0.03755868544600939,0.051643192488262914,0.9107981220657277
sqa,Qwen/Qwen2.5-7B-Instruct,reason.decompose,reason,cell.missing_value_marker,988,0.6204453441295547,0.6376518218623481,0.01720647773279352,0.011037527593818985,0.006168950138974536,0.06477732793522267,0.04757085020242915,0.8876518218623481
sqa,Qwen/Qwen2.5-7B-Instruct,reason.decompose,reason,dialog.has_reference_marker,740,0.6554054054054054,0.6554054054054054,0.0,0.011037527593818985,-0.011037527593818985,0.08108108108108109,0.08108108108108109,0.8378378378378378
sqa,Qwen/Qwen2.5-7B-Instruct,reason.decompose,reason,dialog.turn_bin=early,1297,0.6653816499614496,0.6707787201233616,0.005397070161912105,0.011037527593818985,-0.005640457431906881,0.07170393215111796,0.06630686198920586,0.8619892058596762
sqa,Qwen/Qwen2.5-7B-Instruct,reason.decompose,reason,dialog.turn_bin=first,784,0.5931122448979592,0.6147959183673469,0.021683673469387755,0.011037527593818985,0.01064614587556877,0.05102040816326531,0.029336734693877552,0.9196428571428571
sqa,Qwen/Qwen2.5-7B-Instruct,reason.decompose,reason,dialog.turn_bin=late,184,0.7010869565217391,0.7065217391304348,0.005434782608695652,0.011037527593818985,-0.005602744985123333,0.06521739130434782,0.059782608695652176,0.875
sqa,Qwen/Qwen2.5-7B-Instruct,reason.decompose,reason,grounding.cell_overlap,1052,0.6444866920152091,0.6473384030418251,0.0028517110266159697,0.011037527593818985,-0.008185816567203016,0.057034220532319393,0.05418250950570342,0.8887832699619772
sqa,Qwen/Qwen2.5-7B-Instruct,reason.decompose,reason,grounding.header_overlap,1139,0.6646180860403863,0.6733977172958736,0.00877963125548727,0.011037527593818985,-0.0022578963383317156,0.06584723441615452,0.05706760316066725,0.8770851624231782
sqa,Qwen/Qwen2.5-7B-Instruct,reason.decompose,reason,intent.aggregate_noncount,37,0.4594594594594595,0.4864864864864865,0.02702702702702703,0.011037527593818985,0.015989499433208043,0.05405405405405406,0.02702702702702703,0.918918918918919
sqa,Qwen/Qwen2.5-7B-Instruct,reason.decompose,reason,intent.arithmetic,22,0.6363636363636364,0.5,-0.13636363636363635,0.011037527593818985,-0.14740116395745534,0.0,0.13636363636363635,0.8636363636363636
sqa,Qwen/Qwen2.5-7B-Instruct,reason.decompose,reason,intent.comparison,53,0.41509433962264153,0.5094339622641509,0.09433962264150944,0.011037527593818985,0.08330209504769046,0.1509433962264151,0.05660377358490566,0.7924528301886793
sqa,Qwen/Qwen2.5-7B-Instruct,reason.decompose,reason,intent.count,168,0.5952380952380952,0.5892857142857143,-0.005952380952380952,0.011037527593818985,-0.016989908546199937,0.02976190476190476,0.03571428571428571,0.9345238095238095
sqa,Qwen/Qwen2.5-7B-Instruct,reason.decompose,reason,intent.negation_marker,91,0.4725274725274725,0.5604395604395604,0.08791208791208792,0.011037527593818985,0.07687456031826893,0.17582417582417584,0.08791208791208792,0.7362637362637363
sqa,Qwen/Qwen2.5-7B-Instruct,reason.decompose,reason,intent.superlative_rank,321,0.6105919003115264,0.632398753894081,0.021806853582554516,0.011037527593818985,0.01076932598873553,0.0778816199376947,0.056074766355140186,0.8660436137071651
sqa,Qwen/Qwen2.5-7B-Instruct,reason.decompose,reason,intent.temporal,395,0.6177215189873417,0.610126582278481,-0.007594936708860759,0.011037527593818985,-0.018632464302679744,0.053164556962025315,0.060759493670886074,0.8860759493670886
sqa,Qwen/Qwen2.5-7B-Instruct,reason.decompose,reason,schema.has_date_col,962,0.6444906444906445,0.6403326403326404,-0.004158004158004158,0.011037527593818985,-0.015195531751823144,0.057172557172557176,0.061330561330561334,0.8814968814968815
sqa,Qwen/Qwen2.5-7B-Instruct,reason.decompose,reason,schema.has_rank_col,957,0.6405433646812957,0.658307210031348,0.017763845350052248,0.011037527593818985,0.0067263177562332625,0.06269592476489028,0.04493207941483804,0.8923719958202717
sqa,Qwen/Qwen2.5-7B-Instruct,reason.decompose,reason,schema.has_score_col,410,0.6390243902439025,0.6439024390243903,0.004878048780487805,0.011037527593818985,-0.0061594788133311805,0.05853658536585366,0.05365853658536585,0.8878048780487805
sqa,Qwen/Qwen2.5-7B-Instruct,reason.decompose,reason,schema.has_unit_col,238,0.6932773109243697,0.6890756302521008,-0.004201680672268907,0.011037527593818985,-0.015239208266087892,0.0546218487394958,0.058823529411764705,0.8865546218487395
sqa,Qwen/Qwen2.5-7B-Instruct,reason.decompose,reason,schema.header_repetition_marker,51,0.6274509803921569,0.5686274509803921,-0.058823529411764705,0.011037527593818985,-0.06986105700558369,0.0392156862745098,0.09803921568627451,0.8627450980392157
sqa,Qwen/Qwen2.5-7B-Instruct,reason.decompose,reason,table.cols_bin=0_3,7,0.42857142857142855,0.42857142857142855,0.0,0.011037527593818985,-0.011037527593818985,0.0,0.0,1.0
sqa,Qwen/Qwen2.5-7B-Instruct,reason.decompose,reason,table.cols_bin=4_6,1633,0.640538885486834,0.6429883649724434,0.002449479485609308,0.011037527593818985,-0.008588048108209678,0.062461726883037354,0.06001224739742805,0.8775260257195346
sqa,Qwen/Qwen2.5-7B-Instruct,reason.decompose,reason,table.cols_bin=7_10,625,0.6528,0.6864,0.0336,0.011037527593818985,0.022562472406181013,0.0688,0.0352,0.896
sqa,Qwen/Qwen2.5-7B-Instruct,reason.decompose,reason,table.numeric_cols_bin=0,382,0.6858638743455497,0.6544502617801047,-0.031413612565445025,0.011037527593818985,-0.04245114015926401,0.03664921465968586,0.06806282722513089,0.8952879581151832
sqa,Qwen/Qwen2.5-7B-Instruct,reason.decompose,reason,table.numeric_cols_bin=1,930,0.632258064516129,0.6397849462365591,0.007526881720430108,0.011037527593818985,-0.0035106458733888775,0.05698924731182796,0.04946236559139785,0.8935483870967742
sqa,Qwen/Qwen2.5-7B-Instruct,reason.decompose,reason,table.numeric_cols_bin=2_3,492,0.6666666666666666,0.6747967479674797,0.008130081300813009,0.011037527593818985,-0.0029074462930059764,0.06300813008130081,0.054878048780487805,0.8821138211382114
sqa,Qwen/Qwen2.5-7B-Instruct,reason.decompose,reason,table.numeric_cols_bin=ge_4,461,0.6052060737527115,0.6616052060737527,0.05639913232104121,0.011037527593818985,0.04536160472722223,0.1019522776572668,0.0455531453362256,0.8524945770065075
sqa,Qwen/Qwen2.5-7B-Instruct,reason.decompose,reason,table.numeric_density_bin=high,470,0.5957446808510638,0.6553191489361702,0.059574468085106386,0.011037527593818985,0.0485369404912874,0.10212765957446808,0.0425531914893617,0.8553191489361702
sqa,Qwen/Qwen2.5-7B-Instruct,reason.decompose,reason,table.numeric_density_bin=low,830,0.6397590361445783,0.6481927710843374,0.008433734939759036,0.011037527593818985,-0.002603792654059949,0.05783132530120482,0.04939759036144578,0.8927710843373494
sqa,Qwen/Qwen2.5-7B-Instruct,reason.decompose,reason,table.numeric_density_bin=mid,583,0.6586620926243568,0.6620926243567753,0.003430531732418525,0.011037527593818985,-0.007606995861400461,0.060034305317324184,0.05660377358490566,0.8833619210977701
sqa,Qwen/Qwen2.5-7B-Instruct,reason.decompose,reason,table.numeric_density_bin=none,382,0.6858638743455497,0.6544502617801047,-0.031413612565445025,0.011037527593818985,-0.04245114015926401,0.03664921465968586,0.06806282722513089,0.8952879581151832
sqa,Qwen/Qwen2.5-7B-Instruct,reason.decompose,reason,table.rows_bin=11_25,1240,0.6346774193548387,0.6379032258064516,0.0032258064516129032,0.011037527593818985,-0.007811721142206083,0.06370967741935483,0.06048387096774194,0.8758064516129033
sqa,Qwen/Qwen2.5-7B-Instruct,reason.decompose,reason,table.rows_bin=26_50,131,0.6259541984732825,0.6412213740458015,0.015267175572519083,0.011037527593818985,0.004229647978700098,0.03816793893129771,0.022900763358778626,0.9389312977099237
sqa,Qwen/Qwen2.5-7B-Instruct,reason.decompose,reason,table.rows_bin=6_10,894,0.6577181208053692,0.6789709172259508,0.021252796420581657,0.011037527593818985,0.010215268826762672,0.06823266219239374,0.04697986577181208,0.8847874720357942
sqa,Qwen/Qwen2.5-7B-Instruct,reason.decompose,reason,table.shape=balanced,1282,0.641185647425897,0.6396255850234009,-0.0015600624024961,0.011037527593818985,-0.012597589996315085,0.062402496099843996,0.06396255850234009,0.8736349453978159
sqa,Qwen/Qwen2.5-7B-Instruct,reason.decompose,reason,table.shape=wide,983,0.6459816887080366,0.6734486266531028,0.027466937945066123,0.011037527593818985,0.016429410351247137,0.06612410986775177,0.038657171922685654,0.8952187182095626
sqa,Qwen/Qwen2.5-7B-Instruct,reason.decompose,reason,text.has_number,480,0.5604166666666667,0.5666666666666667,0.00625,0.011037527593818985,-0.004787527593818985,0.06458333333333334,0.058333333333333334,0.8770833333333333
sqa,Qwen/Qwen2.5-7B-Instruct,reason.decompose,reason,text.has_ordinal,79,0.5569620253164557,0.5822784810126582,0.02531645569620253,0.011037527593818985,0.014278928102383546,0.0759493670886076,0.05063291139240506,0.8734177215189873
sqa,Qwen/Qwen2.5-7B-Instruct,reason.decompose,reason,text.has_quoted_span,5,0.8,0.8,0.0,0.011037527593818985,-0.011037527593818985,0.0,0.0,1.0
sqa,Qwen/Qwen2.5-7B-Instruct,reason.decompose,reason,text.has_year,209,0.5645933014354066,0.5502392344497608,-0.014354066985645933,0.011037527593818985,-0.025391594579464917,0.05263157894736842,0.06698564593301436,0.8803827751196173
sqa,Qwen/Qwen2.5-7B-Instruct,reason.enumerate,reason,cell.has_comma_number,407,0.687960687960688,0.6953316953316954,0.007371007371007371,0.02163355408388521,-0.01426254671287784,0.056511056511056514,0.04914004914004914,0.8943488943488943
sqa,Qwen/Qwen2.5-7B-Instruct,reason.enumerate,reason,cell.has_currency,27,0.7407407407407407,0.8888888888888888,0.14814814814814814,0.02163355408388521,0.12651459406426294,0.14814814814814814,0.0,0.8518518518518519
sqa,Qwen/Qwen2.5-7B-Instruct,reason.enumerate,reason,cell.has_date_like,1548,0.6537467700258398,0.6679586563307494,0.014211886304909561,0.02163355408388521,-0.0074216677789756495,0.08139534883720931,0.06718346253229975,0.851421188630491
sqa,Qwen/Qwen2.5-7B-Instruct,reason.enumerate,reason,cell.has_numeric_range,454,0.6563876651982379,0.6718061674008811,0.015418502202643172,0.02163355408388521,-0.006215051881242039,0.07268722466960352,0.05726872246696035,0.8700440528634361
sqa,Qwen/Qwen2.5-7B-Instruct,reason.enumerate,reason,cell.has_percent,78,0.6153846153846154,0.6538461538461539,0.038461538461538464,0.02163355408388521,0.016827984377653253,0.1282051282051282,0.08974358974358974,0.782051282051282
sqa,Qwen/Qwen2.5-7B-Instruct,reason.enumerate,reason,cell.has_score_surface,213,0.6009389671361502,0.6009389671361502,0.0,0.02163355408388521,-0.02163355408388521,0.051643192488262914,0.051643192488262914,0.8967136150234741
sqa,Qwen/Qwen2.5-7B-Instruct,reason.enumerate,reason,cell.missing_value_marker,988,0.6204453441295547,0.6518218623481782,0.03137651821862348,0.02163355408388521,0.009742964134738269,0.08805668016194332,0.05668016194331984,0.8552631578947368
sqa,Qwen/Qwen2.5-7B-Instruct,reason.enumerate,reason,dialog.has_reference_marker,740,0.6554054054054054,0.6810810810810811,0.025675675675675677,0.02163355408388521,0.0040421215917904665,0.09864864864864865,0.07297297297297298,0.8283783783783784
sqa,Qwen/Qwen2.5-7B-Instruct,reason.enumerate,reason,dialog.turn_bin=early,1297,0.6653816499614496,0.6939090208172706,0.028527370855821126,0.02163355408388521,0.006893816771935915,0.09020817270624518,0.06168080185042406,0.8481110254433307
sqa,Qwen/Qwen2.5-7B-Instruct,reason.enumerate,reason,dialog.turn_bin=first,784,0.5931122448979592,0.6045918367346939,0.011479591836734694,0.02163355408388521,-0.010153962247150516,0.07142857142857142,0.05994897959183673,0.8686224489795918
sqa,Qwen/Qwen2.5-7B-Instruct,reason.enumerate,reason,dialog.turn_bin=late,184,0.7010869565217391,0.717391304347826,0.016304347826086956,0.02163355408388521,-0.0053292062577982545,0.07608695652173914,0.059782608695652176,0.8641304347826086
sqa,Qwen/Qwen2.5-7B-Instruct,reason.enumerate,reason,grounding.cell_overlap,1052,0.6444866920152091,0.6739543726235742,0.029467680608365018,0.02163355408388521,0.007834126524479807,0.07889733840304182,0.049429657794676805,0.8716730038022814
sqa,Qwen/Qwen2.5-7B-Instruct,reason.enumerate,reason,grounding.header_overlap,1139,0.6646180860403863,0.6839332748024582,0.019315188762071993,0.02163355408388521,-0.0023183653218132177,0.08604038630377524,0.06672519754170325,0.8472344161545216
sqa,Qwen/Qwen2.5-7B-Instruct,reason.enumerate,reason,intent.aggregate_noncount,37,0.4594594594594595,0.43243243243243246,-0.02702702702702703,0.02163355408388521,-0.04866058111091224,0.02702702702702703,0.05405405405405406,0.918918918918919
sqa,Qwen/Qwen2.5-7B-Instruct,reason.enumerate,reason,intent.arithmetic,22,0.6363636363636364,0.6363636363636364,0.0,0.02163355408388521,-0.02163355408388521,0.045454545454545456,0.045454545454545456,0.9090909090909091
sqa,Qwen/Qwen2.5-7B-Instruct,reason.enumerate,reason,intent.comparison,53,0.41509433962264153,0.4716981132075472,0.05660377358490566,0.02163355408388521,0.03497021950102045,0.1320754716981132,0.07547169811320754,0.7924528301886793
sqa,Qwen/Qwen2.5-7B-Instruct,reason.enumerate,reason,intent.count,168,0.5952380952380952,0.5654761904761905,-0.02976190476190476,0.02163355408388521,-0.05139545884578997,0.02976190476190476,0.05952380952380952,0.9107142857142857
sqa,Qwen/Qwen2.5-7B-Instruct,reason.enumerate,reason,intent.negation_marker,91,0.4725274725274725,0.5934065934065934,0.12087912087912088,0.02163355408388521,0.09924556679523566,0.18681318681318682,0.06593406593406594,0.7472527472527473
sqa,Qwen/Qwen2.5-7B-Instruct,reason.enumerate,reason,intent.superlative_rank,321,0.6105919003115264,0.6417445482866043,0.03115264797507788,0.02163355408388521,0.009519093891192671,0.09968847352024922,0.06853582554517133,0.8317757009345794
sqa,Qwen/Qwen2.5-7B-Instruct,reason.enumerate,reason,intent.temporal,395,0.6177215189873417,0.6506329113924051,0.03291139240506329,0.02163355408388521,0.011277838321178082,0.09367088607594937,0.060759493670886074,0.8455696202531645
sqa,Qwen/Qwen2.5-7B-Instruct,reason.enumerate,reason,schema.has_date_col,962,0.6444906444906445,0.6486486486486487,0.004158004158004158,0.02163355408388521,-0.017475549925881052,0.07484407484407485,0.07068607068607069,0.8544698544698545
sqa,Qwen/Qwen2.5-7B-Instruct,reason.enumerate,reason,schema.has_rank_col,957,0.6405433646812957,0.6687565308254964,0.02821316614420063,0.02163355408388521,0.006579612060315418,0.0741901776384535,0.04597701149425287,0.8798328108672936
sqa,Qwen/Qwen2.5-7B-Instruct,reason.enumerate,reason,schema.has_score_col,410,0.6390243902439025,0.6585365853658537,0.01951219512195122,0.02163355408388521,-0.002121358961933991,0.08292682926829269,0.06341463414634146,0.8536585365853658
sqa,Qwen/Qwen2.5-7B-Instruct,reason.enumerate,reason,schema.has_unit_col,238,0.6932773109243697,0.6680672268907563,-0.025210084033613446,0.02163355408388521,-0.04684363811749866,0.037815126050420166,0.06302521008403361,0.8991596638655462
sqa,Qwen/Qwen2.5-7B-Instruct,reason.enumerate,reason,schema.header_repetition_marker,51,0.6274509803921569,0.5294117647058824,-0.09803921568627451,0.02163355408388521,-0.11967276977015973,0.0392156862745098,0.13725490196078433,0.8235294117647058
sqa,Qwen/Qwen2.5-7B-Instruct,reason.enumerate,reason,table.cols_bin=0_3,7,0.42857142857142855,0.42857142857142855,0.0,0.02163355408388521,-0.02163355408388521,0.0,0.0,1.0
sqa,Qwen/Qwen2.5-7B-Instruct,reason.enumerate,reason,table.cols_bin=4_6,1633,0.640538885486834,0.6601347213717085,0.019595835884874464,0.02163355408388521,-0.0020377181990107462,0.08083282302510716,0.0612369871402327,0.8579301898346602
sqa,Qwen/Qwen2.5-7B-Instruct,reason.enumerate,reason,table.cols_bin=7_10,625,0.6528,0.68,0.0272,0.02163355408388521,0.005566445916114788,0.088,0.0608,0.8512
sqa,Qwen/Qwen2.5-7B-Instruct,reason.enumerate,reason,table.numeric_cols_bin=0,382,0.6858638743455497,0.6832460732984293,-0.002617801047120419,0.02163355408388521,-0.02425135513100563,0.07068062827225131,0.07329842931937172,0.856020942408377
sqa,Qwen/Qwen2.5-7B-Instruct,reason.enumerate,reason,table.numeric_cols_bin=1,930,0.632258064516129,0.6612903225806451,0.02903225806451613,0.02163355408388521,0.00739870398063092,0.07741935483870968,0.04838709677419355,0.8741935483870967
sqa,Qwen/Qwen2.5-7B-Instruct,reason.enumerate,reason,table.numeric_cols_bin=2_3,492,0.6666666666666666,0.6524390243902439,-0.014227642276422764,0.02163355408388521,-0.035861196360307976,0.06300813008130081,0.07723577235772358,0.8597560975609756
sqa,Qwen/Qwen2.5-7B-Instruct,reason.enumerate,reason,table.numeric_cols_bin=ge_4,461,0.6052060737527115,0.6702819956616052,0.0650759219088937,0.02163355408388521,0.043442367825008495,0.12364425162689804,0.05856832971800434,0.8177874186550976
sqa,Qwen/Qwen2.5-7B-Instruct,reason.enumerate,reason,table.numeric_density_bin=high,470,0.5957446808510638,0.6702127659574468,0.07446808510638298,0.02163355408388521,0.052834531022497765,0.12978723404255318,0.05531914893617021,0.8148936170212766
sqa,Qwen/Qwen2.5-7B-Instruct,reason.enumerate,reason,table.numeric_density_bin=low,830,0.6397590361445783,0.6614457831325301,0.021686746987951807,0.02163355408388521,5.319290406659641e-05,0.07349397590361446,0.051807228915662654,0.8746987951807229
sqa,Qwen/Qwen2.5-7B-Instruct,reason.enumerate,reason,table.numeric_density_bin=mid,583,0.6586620926243568,0.6535162950257289,-0.005145797598627788,0.02163355408388521,-0.026779351682512997,0.06518010291595197,0.07032590051457976,0.8644939965694682
sqa,Qwen/Qwen2.5-7B-Instruct,reason.enumerate,reason,table.numeric_density_bin=none,382,0.6858638743455497,0.6832460732984293,-0.002617801047120419,0.02163355408388521,-0.02425135513100563,0.07068062827225131,0.07329842931937172,0.856020942408377
sqa,Qwen/Qwen2.5-7B-Instruct,reason.enumerate,reason,table.rows_bin=11_25,1240,0.6346774193548387,0.6443548387096775,0.00967741935483871,0.02163355408388521,-0.0119561347290465,0.07741935483870968,0.06774193548387097,0.8548387096774194
sqa,Qwen/Qwen2.5-7B-Instruct,reason.enumerate,reason,table.rows_bin=26_50,131,0.6259541984732825,0.6030534351145038,-0.022900763358778626,0.02163355408388521,-0.04453431744266384,0.04580152671755725,0.06870229007633588,0.8854961832061069
sqa,Qwen/Qwen2.5-7B-Instruct,reason.enumerate,reason,table.rows_bin=6_10,894,0.6577181208053692,0.7024608501118568,0.0447427293064877,0.02163355408388521,0.023109175222602488,0.09507829977628636,0.050335570469798654,0.854586129753915
sqa,Qwen/Qwen2.5-7B-Instruct,reason.enumerate,reason,table.shape=balanced,1282,0.641185647425897,0.6443057722308893,0.0031201248049922,0.02163355408388521,-0.01851342927889301,0.07878315132605304,0.07566302652106084,0.8455538221528861
sqa,Qwen/Qwen2.5-7B-Instruct,reason.enumerate,reason,table.shape=wide,983,0.6459816887080366,0.6917599186164801,0.04577822990844354,0.02163355408388521,0.02414467582455833,0.08748728382502544,0.04170905391658189,0.8708036622583927
sqa,Qwen/Qwen2.5-7B-Instruct,reason.enumerate,reason,text.has_number,480,0.5604166666666667,0.6145833333333334,0.05416666666666667,0.02163355408388521,0.03253311258278146,0.10208333333333333,0.04791666666666667,0.85
sqa,Qwen/Qwen2.5-7B-Instruct,reason.enumerate,reason,text.has_ordinal,79,0.5569620253164557,0.6075949367088608,0.05063291139240506,0.02163355408388521,0.028999357308519852,0.12658227848101267,0.0759493670886076,0.7974683544303798
sqa,Qwen/Qwen2.5-7B-Instruct,reason.enumerate,reason,text.has_quoted_span,5,0.8,0.8,0.0,0.02163355408388521,-0.02163355408388521,0.0,0.0,1.0
sqa,Qwen/Qwen2.5-7B-Instruct,reason.enumerate,reason,text.has_year,209,0.5645933014354066,0.6220095693779905,0.05741626794258373,0.02163355408388521,0.03578271385869852,0.10526315789473684,0.04784688995215311,0.84688995215311
sqa,Qwen/Qwen2.5-7B-Instruct,reason.evidence_localize,reason,cell.has_comma_number,407,0.687960687960688,0.6855036855036855,-0.002457002457002457,0.008830022075055188,-0.011287024532057644,0.04914004914004914,0.051597051597051594,0.8992628992628993
sqa,Qwen/Qwen2.5-7B-Instruct,reason.evidence_localize,reason,cell.has_currency,27,0.7407407407407407,0.7777777777777778,0.037037037037037035,0.008830022075055188,0.028207014961981847,0.07407407407407407,0.037037037037037035,0.8888888888888888
sqa,Qwen/Qwen2.5-7B-Instruct,reason.evidence_localize,reason,cell.has_date_like,1548,0.6537467700258398,0.6647286821705426,0.010981912144702842,0.008830022075055188,0.002151890069647654,0.06459948320413436,0.053617571059431525,0.8817829457364341
sqa,Qwen/Qwen2.5-7B-Instruct,reason.evidence_localize,reason,cell.has_numeric_range,454,0.6563876651982379,0.6762114537444934,0.019823788546255508,0.008830022075055188,0.01099376647120032,0.06167400881057269,0.04185022026431718,0.8964757709251101
sqa,Qwen/Qwen2.5-7B-Instruct,reason.evidence_localize,reason,cell.has_percent,78,0.6153846153846154,0.6025641025641025,-0.01282051282051282,0.008830022075055188,-0.021650534895568008,0.07692307692307693,0.08974358974358974,0.8333333333333334
sqa,Qwen/Qwen2.5-7B-Instruct,reason.evidence_localize,reason,cell.has_score_surface,213,0.6009389671361502,0.5727699530516432,-0.028169014084507043,0.008830022075055188,-0.03699903615956223,0.03286384976525822,0.06103286384976526,0.9061032863849765
sqa,Qwen/Qwen2.5-7B-Instruct,reason.evidence_localize,reason,cell.missing_value_marker,988,0.6204453441295547,0.6417004048582996,0.02125506072874494,0.008830022075055188,0.012425038653689751,0.06781376518218624,0.0465587044534413,0.8856275303643725
sqa,Qwen/Qwen2.5-7B-Instruct,reason.evidence_localize,reason,dialog.has_reference_marker,740,0.6554054054054054,0.6567567567567567,0.0013513513513513514,0.008830022075055188,-0.007478670723703836,0.07837837837837838,0.07702702702702703,0.8445945945945946
sqa,Qwen/Qwen2.5-7B-Instruct,reason.evidence_localize,reason,dialog.turn_bin=early,1297,0.6653816499614496,0.6784888203546646,0.013107170393215111,0.008830022075055188,0.0042771483181599235,0.07555898226676946,0.06245181187355436,0.8619892058596762
sqa,Qwen/Qwen2.5-7B-Instruct,reason.evidence_localize,reason,dialog.turn_bin=first,784,0.5931122448979592,0.5969387755102041,0.003826530612244898,0.008830022075055188,-0.00500349146281029,0.05102040816326531,0.047193877551020405,0.9017857142857143
sqa,Qwen/Qwen2.5-7B-Instruct,reason.evidence_localize,reason,dialog.turn_bin=late,184,0.7010869565217391,0.7010869565217391,0.0,0.008830022075055188,-0.008830022075055188,0.059782608695652176,0.059782608695652176,0.8804347826086957
sqa,Qwen/Qwen2.5-7B-Instruct,reason.evidence_localize,reason,grounding.cell_overlap,1052,0.6444866920152091,0.6511406844106464,0.006653992395437262,0.008830022075055188,-0.0021760296796179256,0.05988593155893536,0.053231939163498096,0.8868821292775665
sqa,Qwen/Qwen2.5-7B-Instruct,reason.evidence_localize,reason,grounding.header_overlap,1139,0.6646180860403863,0.6628621597892889,-0.001755926251097454,0.008830022075055188,-0.010585948326152641,0.0649692712906058,0.06672519754170325,0.8683055311676909
sqa,Qwen/Qwen2.5-7B-Instruct,reason.evidence_localize,reason,intent.aggregate_noncount,37,0.4594594594594595,0.43243243243243246,-0.02702702702702703,0.008830022075055188,-0.03585704910208222,0.02702702702702703,0.05405405405405406,0.918918918918919
sqa,Qwen/Qwen2.5-7B-Instruct,reason.evidence_localize,reason,intent.arithmetic,22,0.6363636363636364,0.5,-0.13636363636363635,0.008830022075055188,-0.14519365843869153,0.0,0.13636363636363635,0.8636363636363636
sqa,Qwen/Qwen2.5-7B-Instruct,reason.evidence_localize,reason,intent.comparison,53,0.41509433962264153,0.4528301886792453,0.03773584905660377,0.008830022075055188,0.028905826981548585,0.09433962264150944,0.05660377358490566,0.8490566037735849
sqa,Qwen/Qwen2.5-7B-Instruct,reason.evidence_localize,reason,intent.count,168,0.5952380952380952,0.5654761904761905,-0.02976190476190476,0.008830022075055188,-0.038591926836959944,0.041666666666666664,0.07142857142857142,0.8869047619047619
sqa,Qwen/Qwen2.5-7B-Instruct,reason.evidence_localize,reason,intent.negation_marker,91,0.4725274725274725,0.5164835164835165,0.04395604395604396,0.008830022075055188,0.035126021880988775,0.0989010989010989,0.054945054945054944,0.8461538461538461
sqa,Qwen/Qwen2.5-7B-Instruct,reason.evidence_localize,reason,intent.superlative_rank,321,0.6105919003115264,0.6448598130841121,0.03426791277258567,0.008830022075055188,0.02543789069753048,0.08722741433021806,0.0529595015576324,0.8598130841121495
sqa,Qwen/Qwen2.5-7B-Instruct,reason.evidence_localize,reason,intent.temporal,395,0.6177215189873417,0.640506329113924,0.02278481012658228,0.008830022075055188,0.01395478805152709,0.07341772151898734,0.05063291139240506,0.8759493670886076
sqa,Qwen/Qwen2.5-7B-Instruct,reason.evidence_localize,reason,schema.has_date_col,962,0.6444906444906445,0.6538461538461539,0.009355509355509356,0.008830022075055188,0.0005254872804541684,0.06548856548856549,0.056133056133056136,0.8783783783783784
sqa,Qwen/Qwen2.5-7B-Instruct,reason.evidence_localize,reason,schema.has_rank_col,957,0.6405433646812957,0.6415882967607106,0.0010449320794148381,0.008830022075055188,-0.00778508999564035,0.06060606060606061,0.05956112852664577,0.8798328108672936
sqa,Qwen/Qwen2.5-7B-Instruct,reason.evidence_localize,reason,schema.has_score_col,410,0.6390243902439025,0.6365853658536585,-0.0024390243902439024,0.008830022075055188,-0.01126904646529909,0.05853658536585366,0.06097560975609756,0.8804878048780488
sqa,Qwen/Qwen2.5-7B-Instruct,reason.evidence_localize,reason,schema.has_unit_col,238,0.6932773109243697,0.6848739495798319,-0.008403361344537815,0.008830022075055188,-0.017233383419593004,0.0546218487394958,0.06302521008403361,0.8823529411764706
sqa,Qwen/Qwen2.5-7B-Instruct,reason.evidence_localize,reason,schema.header_repetition_marker,51,0.6274509803921569,0.5686274509803921,-0.058823529411764705,0.008830022075055188,-0.0676535514868199,0.0196078431372549,0.0784313725490196,0.9019607843137255
sqa,Qwen/Qwen2.5-7B-Instruct,reason.evidence_localize,reason,table.cols_bin=0_3,7,0.42857142857142855,0.5714285714285714,0.14285714285714285,0.008830022075055188,0.13402712078208767,0.14285714285714285,0.0,0.8571428571428571
sqa,Qwen/Qwen2.5-7B-Instruct,reason.evidence_localize,reason,table.cols_bin=4_6,1633,0.640538885486834,0.6497244335578689,0.009185548071034905,0.008830022075055188,0.00035552599597971773,0.0679730557256583,0.05878750765462339,0.8732394366197183
sqa,Qwen/Qwen2.5-7B-Instruct,reason.evidence_localize,reason,table.cols_bin=7_10,625,0.6528,0.6592,0.0064,0.008830022075055188,-0.0024300220750551873,0.0592,0.0528,0.888
sqa,Qwen/Qwen2.5-7B-Instruct,reason.evidence_localize,reason,table.numeric_cols_bin=0,382,0.6858638743455497,0.6832460732984293,-0.002617801047120419,0.008830022075055188,-0.011447823122175606,0.049738219895287955,0.05235602094240838,0.8979057591623036
sqa,Qwen/Qwen2.5-7B-Instruct,reason.evidence_localize,reason,table.numeric_cols_bin=1,930,0.632258064516129,0.646236559139785,0.013978494623655914,0.008830022075055188,0.005148472548600727,0.06451612903225806,0.05053763440860215,0.8849462365591397
sqa,Qwen/Qwen2.5-7B-Instruct,reason.evidence_localize,reason,table.numeric_cols_bin=2_3,492,0.6666666666666666,0.6646341463414634,-0.0020325203252032522,0.008830022075055188,-0.01086254240025844,0.06097560975609756,0.06300813008130081,0.8760162601626016
sqa,Qwen/Qwen2.5-7B-Instruct,reason.evidence_localize,reason,table.numeric_cols_bin=ge_4,461,0.6052060737527115,0.6247288503253796,0.019522776572668113,0.008830022075055188,0.010692754497612925,0.08676789587852494,0.06724511930585683,0.8459869848156182
sqa,Qwen/Qwen2.5-7B-Instruct,reason.evidence_localize,reason,table.numeric_density_bin=high,470,0.5957446808510638,0.6148936170212767,0.019148936170212766,0.008830022075055188,0.010318914095157578,0.08936170212765958,0.07021276595744681,0.8404255319148937
sqa,Qwen/Qwen2.5-7B-Instruct,reason.evidence_localize,reason,table.numeric_density_bin=low,830,0.6397590361445783,0.6469879518072289,0.007228915662650603,0.008830022075055188,-0.001601106412404585,0.06144578313253012,0.05421686746987952,0.8843373493975903
sqa,Qwen/Qwen2.5-7B-Instruct,reason.evidence_localize,reason,table.numeric_density_bin=mid,583,0.6586620926243568,0.6689536878216124,0.010291595197255575,0.008830022075055188,0.0014615731222003877,0.0634648370497427,0.05317324185248713,0.8833619210977701
sqa,Qwen/Qwen2.5-7B-Instruct,reason.evidence_localize,reason,table.numeric_density_bin=none,382,0.6858638743455497,0.6832460732984293,-0.002617801047120419,0.008830022075055188,-0.011447823122175606,0.049738219895287955,0.05235602094240838,0.8979057591623036
sqa,Qwen/Qwen2.5-7B-Instruct,reason.evidence_localize,reason,table.rows_bin=11_25,1240,0.6346774193548387,0.6370967741935484,0.0024193548387096775,0.008830022075055188,-0.00641066723634551,0.06290322580645161,0.06048387096774194,0.8766129032258064
sqa,Qwen/Qwen2.5-7B-Instruct,reason.evidence_localize,reason,table.rows_bin=26_50,131,0.6259541984732825,0.6335877862595419,0.007633587786259542,0.008830022075055188,-0.001196434288795646,0.05343511450381679,0.04580152671755725,0.9007633587786259
sqa,Qwen/Qwen2.5-7B-Instruct,reason.evidence_localize,reason,table.rows_bin=6_10,894,0.6577181208053692,0.6756152125279642,0.017897091722595078,0.008830022075055188,0.00906706964753989,0.07158836689038031,0.053691275167785234,0.8747203579418344
sqa,Qwen/Qwen2.5-7B-Instruct,reason.evidence_localize,reason,table.shape=balanced,1282,0.641185647425897,0.6466458658346333,0.00546021840873635,0.008830022075055188,-0.003369803666318838,0.06630265210608424,0.060842433697347896,0.8728549141965679
sqa,Qwen/Qwen2.5-7B-Instruct,reason.evidence_localize,reason,table.shape=wide,983,0.6459816887080366,0.659206510681587,0.013224821973550356,0.008830022075055188,0.0043947998984951685,0.06510681586978637,0.05188199389623601,0.8830111902339777
sqa,Qwen/Qwen2.5-7B-Instruct,reason.evidence_localize,reason,text.has_number,480,0.5604166666666667,0.5770833333333333,0.016666666666666666,0.008830022075055188,0.007836644591611479,0.075,0.058333333333333334,0.8666666666666667
sqa,Qwen/Qwen2.5-7B-Instruct,reason.evidence_localize,reason,text.has_ordinal,79,0.5569620253164557,0.5822784810126582,0.02531645569620253,0.008830022075055188,0.016486433621147344,0.08860759493670886,0.06329113924050633,0.8481012658227848
sqa,Qwen/Qwen2.5-7B-Instruct,reason.evidence_localize,reason,text.has_quoted_span,5,0.8,0.8,0.0,0.008830022075055188,-0.008830022075055188,0.0,0.0,1.0
sqa,Qwen/Qwen2.5-7B-Instruct,reason.evidence_localize,reason,text.has_year,209,0.5645933014354066,0.5980861244019139,0.03349282296650718,0.008830022075055188,0.02466280089145199,0.08133971291866028,0.04784688995215311,0.8708133971291866
sqa,Qwen/Qwen2.5-7B-Instruct,reason.evidence_table,reason,cell.has_comma_number,407,0.687960687960688,0.7174447174447175,0.029484029484029485,0.015894039735099338,0.013589989748930147,0.0687960687960688,0.03931203931203931,0.8918918918918919
sqa,Qwen/Qwen2.5-7B-Instruct,reason.evidence_table,reason,cell.has_currency,27,0.7407407407407407,0.8148148148148148,0.07407407407407407,0.015894039735099338,0.05818003433897473,0.14814814814814814,0.07407407407407407,0.7777777777777778
sqa,Qwen/Qwen2.5-7B-Instruct,reason.evidence_table,reason,cell.has_date_like,1548,0.6537467700258398,0.6531007751937985,-0.0006459948320413437,0.015894039735099338,-0.01654003456714068,0.07364341085271318,0.07428940568475452,0.8520671834625323
sqa,Qwen/Qwen2.5-7B-Instruct,reason.evidence_table,reason,cell.has_numeric_range,454,0.6563876651982379,0.6409691629955947,-0.015418502202643172,0.015894039735099338,-0.03131254193774251,0.06167400881057269,0.07709251101321586,0.8612334801762115
sqa,Qwen/Qwen2.5-7B-Instruct,reason.evidence_table,reason,cell.has_percent,78,0.6153846153846154,0.5769230769230769,-0.038461538461538464,0.015894039735099338,-0.054355578196637805,0.07692307692307693,0.11538461538461539,0.8076923076923077
sqa,Qwen/Qwen2.5-7B-Instruct,reason.evidence_table,reason,cell.has_score_surface,213,0.6009389671361502,0.568075117370892,-0.03286384976525822,0.015894039735099338,-0.04875788950035756,0.03286384976525822,0.06572769953051644,0.9014084507042254
sqa,Qwen/Qwen2.5-7B-Instruct,reason.evidence_table,reason,cell.missing_value_marker,988,0.6204453441295547,0.6447368421052632,0.024291497975708502,0.015894039735099338,0.008397458240609165,0.07995951417004049,0.05566801619433198,0.8643724696356275
sqa,Qwen/Qwen2.5-7B-Instruct,reason.evidence_table,reason,dialog.has_reference_marker,740,0.6554054054054054,0.6864864864864865,0.031081081081081083,0.015894039735099338,0.015187041345981745,0.09594594594594595,0.06486486486486487,0.8391891891891892
sqa,Qwen/Qwen2.5-7B-Instruct,reason.evidence_table,reason,dialog.turn_bin=early,1297,0.6653816499614496,0.6815728604471858,0.016191210485736313,0.015894039735099338,0.00029717075063697557,0.08172706245181187,0.06553585196607556,0.8527370855821126
sqa,Qwen/Qwen2.5-7B-Instruct,reason.evidence_table,reason,dialog.turn_bin=first,784,0.5931122448979592,0.6058673469387755,0.012755102040816327,0.015894039735099338,-0.003138937694283011,0.07142857142857142,0.058673469387755105,0.8698979591836735
sqa,Qwen/Qwen2.5-7B-Instruct,reason.evidence_table,reason,dialog.turn_bin=late,184,0.7010869565217391,0.7282608695652174,0.02717391304347826,0.015894039735099338,0.011279873308378922,0.08695652173913043,0.059782608695652176,0.8532608695652174
sqa,Qwen/Qwen2.5-7B-Instruct,reason.evidence_table,reason,grounding.cell_overlap,1052,0.6444866920152091,0.6463878326996197,0.0019011406844106464,0.015894039735099338,-0.01399289905068869,0.0655893536121673,0.06368821292775666,0.870722433460076
sqa,Qwen/Qwen2.5-7B-Instruct,reason.evidence_table,reason,grounding.header_overlap,1139,0.6646180860403863,0.6804214223002634,0.015803336259877086,0.015894039735099338,-9.070347522225145e-05,0.08340649692712906,0.06760316066725197,0.848990342405619
sqa,Qwen/Qwen2.5-7B-Instruct,reason.evidence_table,reason,intent.aggregate_noncount,37,0.4594594594594595,0.5135135135135135,0.05405405405405406,0.015894039735099338,0.038160014318954716,0.08108108108108109,0.02702702702702703,0.8918918918918919
sqa,Qwen/Qwen2.5-7B-Instruct,reason.evidence_table,reason,intent.arithmetic,22,0.6363636363636364,0.6363636363636364,0.0,0.015894039735099338,-0.015894039735099338,0.09090909090909091,0.09090909090909091,0.8181818181818182
sqa,Qwen/Qwen2.5-7B-Instruct,reason.evidence_table,reason,intent.comparison,53,0.41509433962264153,0.49056603773584906,0.07547169811320754,0.015894039735099338,0.0595776583781082,0.1509433962264151,0.07547169811320754,0.7735849056603774
sqa,Qwen/Qwen2.5-7B-Instruct,reason.evidence_table,reason,intent.count,168,0.5952380952380952,0.5654761904761905,-0.02976190476190476,0.015894039735099338,-0.045655944497004095,0.041666666666666664,0.07142857142857142,0.8869047619047619
sqa,Qwen/Qwen2.5-7B-Instruct,reason.evidence_table,reason,intent.negation_marker,91,0.4725274725274725,0.5494505494505495,0.07692307692307693,0.015894039735099338,0.061029037187977586,0.14285714285714285,0.06593406593406594,0.7912087912087912
sqa,Qwen/Qwen2.5-7B-Instruct,reason.evidence_table,reason,intent.superlative_rank,321,0.6105919003115264,0.6386292834890965,0.028037383177570093,0.015894039735099338,0.012143343442470755,0.09657320872274143,0.06853582554517133,0.8348909657320872
sqa,Qwen/Qwen2.5-7B-Instruct,reason.evidence_table,reason,intent.temporal,395,0.6177215189873417,0.6329113924050633,0.015189873417721518,0.015894039735099338,-0.0007041663173778193,0.08607594936708861,0.07088607594936709,0.8430379746835444
sqa,Qwen/Qwen2.5-7B-Instruct,reason.evidence_table,reason,schema.has_date_col,962,0.6444906444906445,0.6424116424116424,-0.002079002079002079,0.015894039735099338,-0.017973041814101417,0.06860706860706861,0.07068607068607069,0.8607068607068608
sqa,Qwen/Qwen2.5-7B-Instruct,reason.evidence_table,reason,schema.has_rank_col,957,0.6405433646812957,0.6698014629049112,0.029258098223615466,0.015894039735099338,0.013364058488516128,0.07732497387669801,0.04806687565308255,0.8746081504702194
sqa,Qwen/Qwen2.5-7B-Instruct,reason.evidence_table,reason,schema.has_score_col,410,0.6390243902439025,0.624390243902439,-0.014634146341463415,0.015894039735099338,-0.030528186076562755,0.06585365853658537,0.08048780487804878,0.8536585365853658
sqa,Qwen/Qwen2.5-7B-Instruct,reason.evidence_table,reason,schema.has_unit_col,238,0.6932773109243697,0.6932773109243697,0.0,0.015894039735099338,-0.015894039735099338,0.058823529411764705,0.058823529411764705,0.8823529411764706
sqa,Qwen/Qwen2.5-7B-Instruct,reason.evidence_table,reason,schema.header_repetition_marker,51,0.6274509803921569,0.6078431372549019,-0.0196078431372549,0.015894039735099338,-0.03550188287235424,0.0392156862745098,0.058823529411764705,0.9019607843137255
sqa,Qwen/Qwen2.5-7B-Instruct,reason.evidence_table,reason,table.cols_bin=0_3,7,0.42857142857142855,0.5714285714285714,0.14285714285714285,0.015894039735099338,0.1269631031220435,0.14285714285714285,0.0,0.8571428571428571
sqa,Qwen/Qwen2.5-7B-Instruct,reason.evidence_table,reason,table.cols_bin=4_6,1633,0.640538885486834,0.6515615431720759,0.011022657685241886,0.015894039735099338,-0.004871382049857452,0.07899571341090018,0.0679730557256583,0.8530312308634416
sqa,Qwen/Qwen2.5-7B-Instruct,reason.evidence_table,reason,table.cols_bin=7_10,625,0.6528,0.68,0.0272,0.015894039735099338,0.01130596026490066,0.0768,0.0496,0.8736
sqa,Qwen/Qwen2.5-7B-Instruct,reason.evidence_table,reason,table.numeric_cols_bin=0,382,0.6858638743455497,0.675392670157068,-0.010471204188481676,0.015894039735099338,-0.026365243923581014,0.05235602094240838,0.06282722513089005,0.8848167539267016
sqa,Qwen/Qwen2.5-7B-Instruct,reason.evidence_table,reason,table.numeric_cols_bin=1,930,0.632258064516129,0.6559139784946236,0.023655913978494623,0.015894039735099338,0.007761874243395285,0.08172043010752689,0.05806451612903226,0.8602150537634409
sqa,Qwen/Qwen2.5-7B-Instruct,reason.evidence_table,reason,table.numeric_cols_bin=2_3,492,0.6666666666666666,0.6747967479674797,0.008130081300813009,0.015894039735099338,-0.007763958434286329,0.06910569105691057,0.06097560975609756,0.8699186991869918
sqa,Qwen/Qwen2.5-7B-Instruct,reason.evidence_table,reason,table.numeric_cols_bin=ge_4,461,0.6052060737527115,0.6355748373101953,0.03036876355748373,0.015894039735099338,0.014474723822384392,0.10412147505422993,0.0737527114967462,0.8221258134490239
sqa,Qwen/Qwen2.5-7B-Instruct,reason.evidence_table,reason,table.numeric_density_bin=high,470,0.5957446808510638,0.6361702127659574,0.04042553191489362,0.015894039735099338,0.024531492179794282,0.1127659574468085,0.07234042553191489,0.8148936170212766
sqa,Qwen/Qwen2.5-7B-Instruct,reason.evidence_table,reason,table.numeric_density_bin=low,830,0.6397590361445783,0.6650602409638554,0.02530120481927711,0.015894039735099338,0.009407165084177771,0.0819277108433735,0.056626506024096385,0.8614457831325302
sqa,Qwen/Qwen2.5-7B-Instruct,reason.evidence_table,reason,table.numeric_density_bin=mid,583,0.6586620926243568,0.6586620926243568,0.0,0.015894039735099338,-0.015894039735099338,0.0634648370497427,0.0634648370497427,0.8730703259005146
sqa,Qwen/Qwen2.5-7B-Instruct,reason.evidence_table,reason,table.numeric_density_bin=none,382,0.6858638743455497,0.675392670157068,-0.010471204188481676,0.015894039735099338,-0.026365243923581014,0.05235602094240838,0.06282722513089005,0.8848167539267016
sqa,Qwen/Qwen2.5-7B-Instruct,reason.evidence_table,reason,table.rows_bin=11_25,1240,0.6346774193548387,0.6379032258064516,0.0032258064516129032,0.015894039735099338,-0.012668233283486435,0.07903225806451612,0.07580645161290323,0.8451612903225807
sqa,Qwen/Qwen2.5-7B-Instruct,reason.evidence_table,reason,table.rows_bin=26_50,131,0.6259541984732825,0.6106870229007634,-0.015267175572519083,0.015894039735099338,-0.031161215307618423,0.03816793893129771,0.05343511450381679,0.9083969465648855
sqa,Qwen/Qwen2.5-7B-Instruct,reason.evidence_table,reason,table.rows_bin=6_10,894,0.6577181208053692,0.6957494407158836,0.03803131991051454,0.015894039735099338,0.022137280175415202,0.08389261744966443,0.04586129753914989,0.8702460850111857
sqa,Qwen/Qwen2.5-7B-Instruct,reason.evidence_table,reason,table.shape=balanced,1282,0.641185647425897,0.6341653666146646,-0.0070202808112324495,0.015894039735099338,-0.022914320546331787,0.07020280811232449,0.07722308892355695,0.8525741029641186
sqa,Qwen/Qwen2.5-7B-Instruct,reason.evidence_table,reason,table.shape=wide,983,0.6459816887080366,0.6917599186164801,0.04577822990844354,0.015894039735099338,0.0298841901733442,0.08952187182095625,0.04374364191251272,0.866734486266531
sqa,Qwen/Qwen2.5-7B-Instruct,reason.evidence_table,reason,text.has_number,480,0.5604166666666667,0.5895833333333333,0.029166666666666667,0.015894039735099338,0.01327262693156733,0.09166666666666666,0.0625,0.8458333333333333
sqa,Qwen/Qwen2.5-7B-Instruct,reason.evidence_table,reason,text.has_ordinal,79,0.5569620253164557,0.5569620253164557,0.0,0.015894039735099338,-0.015894039735099338,0.0759493670886076,0.0759493670886076,0.8481012658227848
sqa,Qwen/Qwen2.5-7B-Instruct,reason.evidence_table,reason,text.has_quoted_span,5,0.8,0.8,0.0,0.015894039735099338,-0.015894039735099338,0.0,0.0,1.0
sqa,Qwen/Qwen2.5-7B-Instruct,reason.evidence_table,reason,text.has_year,209,0.5645933014354066,0.5933014354066986,0.028708133971291867,0.015894039735099338,0.012814094236192529,0.10526315789473684,0.07655502392344497,0.8181818181818182
sqa,Qwen/Qwen2.5-7B-Instruct,reason.extract_compute,reason,cell.has_comma_number,407,0.687960687960688,0.7174447174447175,0.029484029484029485,0.017660044150110375,0.01182398533391911,0.08108108108108109,0.051597051597051594,0.8673218673218673
sqa,Qwen/Qwen2.5-7B-Instruct,reason.extract_compute,reason,cell.has_currency,27,0.7407407407407407,0.7777777777777778,0.037037037037037035,0.017660044150110375,0.01937699288692666,0.07407407407407407,0.037037037037037035,0.8888888888888888
sqa,Qwen/Qwen2.5-7B-Instruct,reason.extract_compute,reason,cell.has_date_like,1548,0.6537467700258398,0.667312661498708,0.013565891472868217,0.017660044150110375,-0.004094152677242158,0.07170542635658915,0.05813953488372093,0.8701550387596899
sqa,Qwen/Qwen2.5-7B-Instruct,reason.extract_compute,reason,cell.has_numeric_range,454,0.6563876651982379,0.6519823788546255,-0.004405286343612335,0.017660044150110375,-0.02206533049372271,0.06607929515418502,0.07048458149779736,0.8634361233480177
sqa,Qwen/Qwen2.5-7B-Instruct,reason.extract_compute,reason,cell.has_percent,78,0.6153846153846154,0.6282051282051282,0.01282051282051282,0.017660044150110375,-0.004839531329597555,0.07692307692307693,0.0641025641025641,0.8589743589743589
sqa,Qwen/Qwen2.5-7B-Instruct,reason.extract_compute,reason,cell.has_score_surface,213,0.6009389671361502,0.6009389671361502,0.0,0.017660044150110375,-0.017660044150110375,0.051643192488262914,0.051643192488262914,0.8967136150234741
sqa,Qwen/Qwen2.5-7B-Instruct,reason.extract_compute,reason,cell.missing_value_marker,988,0.6204453441295547,0.6447368421052632,0.024291497975708502,0.017660044150110375,0.006631453825598127,0.07489878542510121,0.05060728744939271,0.8744939271255061
sqa,Qwen/Qwen2.5-7B-Instruct,reason.extract_compute,reason,dialog.has_reference_marker,740,0.6554054054054054,0.6635135135135135,0.008108108108108109,0.017660044150110375,-0.009551936042002267,0.08243243243243244,0.07432432432432433,0.8432432432432433
sqa,Qwen/Qwen2.5-7B-Instruct,reason.extract_compute,reason,dialog.turn_bin=early,1297,0.6653816499614496,0.6846569005397071,0.01927525057825752,0.017660044150110375,0.0016152064281471437,0.08018504240555127,0.06090979182729375,0.8589051657671549
sqa,Qwen/Qwen2.5-7B-Instruct,reason.extract_compute,reason,dialog.turn_bin=first,784,0.5931122448979592,0.6135204081632653,0.02040816326530612,0.017660044150110375,0.0027481191151957456,0.0625,0.042091836734693876,0.8954081632653061
sqa,Qwen/Qwen2.5-7B-Instruct,reason.extract_compute,reason,dialog.turn_bin=late,184,0.7010869565217391,0.6956521739130435,-0.005434782608695652,0.017660044150110375,-0.023094826758806027,0.059782608695652176,0.06521739130434782,0.875
sqa,Qwen/Qwen2.5-7B-Instruct,reason.extract_compute,reason,grounding.cell_overlap,1052,0.6444866920152091,0.655893536121673,0.011406844106463879,0.017660044150110375,-0.0062532000436464966,0.06749049429657794,0.05608365019011407,0.876425855513308
sqa,Qwen/Qwen2.5-7B-Instruct,reason.extract_compute,reason,grounding.header_overlap,1139,0.6646180860403863,0.6883230904302019,0.02370500438981563,0.017660044150110375,0.006044960239705254,0.07726075504828797,0.053555750658472345,0.8691834942932397
sqa,Qwen/Qwen2.5-7B-Instruct,reason.extract_compute,reason,intent.aggregate_noncount,37,0.4594594594594595,0.4594594594594595,0.0,0.017660044150110375,-0.017660044150110375,0.05405405405405406,0.05405405405405406,0.8918918918918919
sqa,Qwen/Qwen2.5-7B-Instruct,reason.extract_compute,reason,intent.arithmetic,22,0.6363636363636364,0.5,-0.13636363636363635,0.017660044150110375,-0.15402368051374674,0.0,0.13636363636363635,0.8636363636363636
sqa,Qwen/Qwen2.5-7B-Instruct,reason.extract_compute,reason,intent.comparison,53,0.41509433962264153,0.4528301886792453,0.03773584905660377,0.017660044150110375,0.020075804906493397,0.09433962264150944,0.05660377358490566,0.8490566037735849
sqa,Qwen/Qwen2.5-7B-Instruct,reason.extract_compute,reason,intent.count,168,0.5952380952380952,0.5595238095238095,-0.03571428571428571,0.017660044150110375,-0.05337432986439609,0.023809523809523808,0.05952380952380952,0.9166666666666666
sqa,Qwen/Qwen2.5-7B-Instruct,reason.extract_compute,reason,intent.negation_marker,91,0.4725274725274725,0.5714285714285714,0.0989010989010989,0.017660044150110375,0.08124105475098853,0.18681318681318682,0.08791208791208792,0.7252747252747253
sqa,Qwen/Qwen2.5-7B-Instruct,reason.extract_compute,reason,intent.superlative_rank,321,0.6105919003115264,0.6386292834890965,0.028037383177570093,0.017660044150110375,0.010377339027459718,0.08099688473520249,0.0529595015576324,0.8660436137071651
sqa,Qwen/Qwen2.5-7B-Instruct,reason.extract_compute,reason,intent.temporal,395,0.6177215189873417,0.6556962025316456,0.0379746835443038,0.017660044150110375,0.020314639394193423,0.09113924050632911,0.053164556962025315,0.8556962025316456
sqa,Qwen/Qwen2.5-7B-Instruct,reason.extract_compute,reason,schema.has_date_col,962,0.6444906444906445,0.6496881496881497,0.005197505197505198,0.017660044150110375,-0.012462538952605177,0.06652806652806653,0.061330561330561334,0.8721413721413721
sqa,Qwen/Qwen2.5-7B-Instruct,reason.extract_compute,reason,schema.has_rank_col,957,0.6405433646812957,0.670846394984326,0.030303030303030304,0.017660044150110375,0.012642986152919929,0.07210031347962383,0.04179728317659352,0.8861024033437827
sqa,Qwen/Qwen2.5-7B-Instruct,reason.extract_compute,reason,schema.has_score_col,410,0.6390243902439025,0.6585365853658537,0.01951219512195122,0.017660044150110375,0.0018521509718408442,0.06829268292682927,0.04878048780487805,0.8829268292682927
sqa,Qwen/Qwen2.5-7B-Instruct,reason.extract_compute,reason,schema.has_unit_col,238,0.6932773109243697,0.6932773109243697,0.0,0.017660044150110375,-0.017660044150110375,0.04201680672268908,0.04201680672268908,0.9159663865546218
sqa,Qwen/Qwen2.5-7B-Instruct,reason.extract_compute,reason,schema.header_repetition_marker,51,0.6274509803921569,0.6078431372549019,-0.0196078431372549,0.017660044150110375,-0.03726788728736528,0.0392156862745098,0.058823529411764705,0.9019607843137255
sqa,Qwen/Qwen2.5-7B-Instruct,reason.extract_compute,reason,table.cols_bin=0_3,7,0.42857142857142855,0.5714285714285714,0.14285714285714285,0.017660044150110375,0.12519709870703247,0.14285714285714285,0.0,0.8571428571428571
sqa,Qwen/Qwen2.5-7B-Instruct,reason.extract_compute,reason,table.cols_bin=4_6,1633,0.640538885486834,0.6484996938150643,0.007960808328230252,0.017660044150110375,-0.009699235821880123,0.0679730557256583,0.06001224739742805,0.8720146968769137
sqa,Qwen/Qwen2.5-7B-Instruct,reason.extract_compute,reason,table.cols_bin=7_10,625,0.6528,0.6944,0.0416,0.017660044150110375,0.023939955849889623,0.0832,0.0416,0.8752
sqa,Qwen/Qwen2.5-7B-Instruct,reason.extract_compute,reason,table.numeric_cols_bin=0,382,0.6858638743455497,0.675392670157068,-0.010471204188481676,0.017660044150110375,-0.02813124833859205,0.049738219895287955,0.060209424083769635,0.8900523560209425
sqa,Qwen/Qwen2.5-7B-Instruct,reason.extract_compute,reason,table.numeric_cols_bin=1,930,0.632258064516129,0.6483870967741936,0.016129032258064516,0.017660044150110375,-0.0015310118920458596,0.07204301075268817,0.05591397849462366,0.8720430107526882
sqa,Qwen/Qwen2.5-7B-Instruct,reason.extract_compute,reason,table.numeric_cols_bin=2_3,492,0.6666666666666666,0.6808943089430894,0.014227642276422764,0.017660044150110375,-0.0034324018736876117,0.05894308943089431,0.044715447154471545,0.8963414634146342
sqa,Qwen/Qwen2.5-7B-Instruct,reason.extract_compute,reason,table.numeric_cols_bin=ge_4,461,0.6052060737527115,0.6529284164859002,0.04772234273318872,0.017660044150110375,0.030062298583078344,0.10629067245119306,0.05856832971800434,0.8351409978308026
sqa,Qwen/Qwen2.5-7B-Instruct,reason.extract_compute,reason,table.numeric_density_bin=high,470,0.5957446808510638,0.6404255319148936,0.04468085106382979,0.017660044150110375,0.027020806913719414,0.10425531914893617,0.059574468085106386,0.8361702127659575
sqa,Qwen/Qwen2.5-7B-Instruct,reason.extract_compute,reason,table.numeric_density_bin=low,830,0.6397590361445783,0.6542168674698795,0.014457831325301205,0.017660044150110375,-0.00320221282480917,0.07108433734939759,0.056626506024096385,0.8722891566265061
sqa,Qwen/Qwen2.5-7B-Instruct,reason.extract_compute,reason,table.numeric_density_bin=mid,583,0.6586620926243568,0.6775300171526587,0.018867924528301886,0.017660044150110375,0.0012078803781915108,0.0634648370497427,0.044596912521440824,0.8919382504288165
sqa,Qwen/Qwen2.5-7B-Instruct,reason.extract_compute,reason,table.numeric_density_bin=none,382,0.6858638743455497,0.675392670157068,-0.010471204188481676,0.017660044150110375,-0.02813124833859205,0.049738219895287955,0.060209424083769635,0.8900523560209425
sqa,Qwen/Qwen2.5-7B-Instruct,reason.extract_compute,reason,table.rows_bin=11_25,1240,0.6346774193548387,0.646774193548387,0.012096774193548387,0.017660044150110375,-0.0055632699565619885,0.07580645161290323,0.06370967741935483,0.8604838709677419
sqa,Qwen/Qwen2.5-7B-Instruct,reason.extract_compute,reason,table.rows_bin=26_50,131,0.6259541984732825,0.6412213740458015,0.015267175572519083,0.017660044150110375,-0.002392868577591292,0.06870229007633588,0.05343511450381679,0.8778625954198473
sqa,Qwen/Qwen2.5-7B-Instruct,reason.extract_compute,reason,table.rows_bin=6_10,894,0.6577181208053692,0.6834451901565995,0.025727069351230425,0.017660044150110375,0.00806702520112005,0.06823266219239374,0.042505592841163314,0.889261744966443
sqa,Qwen/Qwen2.5-7B-Instruct,reason.extract_compute,reason,table.shape=balanced,1282,0.641185647425897,0.6497659906396256,0.00858034321372855,0.017660044150110375,-0.009079700936381826,0.07410296411856475,0.0655226209048362,0.8603744149765991
sqa,Qwen/Qwen2.5-7B-Instruct,reason.extract_compute,reason,table.shape=wide,983,0.6459816887080366,0.6754832146490336,0.029501525940996948,0.017660044150110375,0.011841481790886572,0.07019328585961343,0.04069175991861648,0.8891149542217701
sqa,Qwen/Qwen2.5-7B-Instruct,reason.extract_compute,reason,text.has_number,480,0.5604166666666667,0.6083333333333333,0.04791666666666667,0.017660044150110375,0.030256622516556295,0.09583333333333334,0.04791666666666667,0.85625
sqa,Qwen/Qwen2.5-7B-Instruct,reason.extract_compute,reason,text.has_ordinal,79,0.5569620253164557,0.569620253164557,0.012658227848101266,0.017660044150110375,-0.00500181630200911,0.06329113924050633,0.05063291139240506,0.8860759493670886
sqa,Qwen/Qwen2.5-7B-Instruct,reason.extract_compute,reason,text.has_quoted_span,5,0.8,0.8,0.0,0.017660044150110375,-0.017660044150110375,0.0,0.0,1.0
sqa,Qwen/Qwen2.5-7B-Instruct,reason.extract_compute,reason,text.has_year,209,0.5645933014354066,0.6172248803827751,0.05263157894736842,0.017660044150110375,0.03497153479725804,0.10526315789473684,0.05263157894736842,0.8421052631578947
sqa,Qwen/Qwen2.5-7B-Instruct,reason.plan_answer,reason,cell.has_comma_number,407,0.687960687960688,0.6805896805896806,-0.007371007371007371,-0.012362030905077263,0.004991023534069891,0.06388206388206388,0.07125307125307126,0.8648648648648649
sqa,Qwen/Qwen2.5-7B-Instruct,reason.plan_answer,reason,cell.has_currency,27,0.7407407407407407,0.8518518518518519,0.1111111111111111,-0.012362030905077263,0.12347314201618836,0.14814814814814814,0.037037037037037035,0.8148148148148148
sqa,Qwen/Qwen2.5-7B-Instruct,reason.plan_answer,reason,cell.has_date_like,1548,0.6537467700258398,0.6375968992248062,-0.01614987080103359,-0.012362030905077263,-0.0037878398959563277,0.06912144702842377,0.08527131782945736,0.8456072351421189
sqa,Qwen/Qwen2.5-7B-Instruct,reason.plan_answer,reason,cell.has_numeric_range,454,0.6563876651982379,0.6365638766519823,-0.019823788546255508,-0.012362030905077263,-0.007461757641178245,0.07268722466960352,0.09251101321585903,0.8348017621145375
sqa,Qwen/Qwen2.5-7B-Instruct,reason.plan_answer,reason,cell.has_percent,78,0.6153846153846154,0.5897435897435898,-0.02564102564102564,-0.012362030905077263,-0.013278994735948377,0.07692307692307693,0.10256410256410256,0.8205128205128205
sqa,Qwen/Qwen2.5-7B-Instruct,reason.plan_answer,reason,cell.has_score_surface,213,0.6009389671361502,0.568075117370892,-0.03286384976525822,-0.012362030905077263,-0.020501818860180956,0.051643192488262914,0.08450704225352113,0.863849765258216
sqa,Qwen/Qwen2.5-7B-Instruct,reason.plan_answer,reason,cell.missing_value_marker,988,0.6204453441295547,0.6163967611336032,-0.004048582995951417,-0.012362030905077263,0.008313447909125846,0.07793522267206478,0.08198380566801619,0.840080971659919
sqa,Qwen/Qwen2.5-7B-Instruct,reason.plan_answer,reason,dialog.has_reference_marker,740,0.6554054054054054,0.6040540540540541,-0.051351351351351354,-0.012362030905077263,-0.038989320446274095,0.07297297297297298,0.12432432432432433,0.8027027027027027
sqa,Qwen/Qwen2.5-7B-Instruct,reason.plan_answer,reason,dialog.turn_bin=early,1297,0.6653816499614496,0.6329992289899768,-0.03238242097147263,-0.012362030905077263,-0.020020390066395364,0.06784888203546646,0.1002313030069391,0.8319198149575945
sqa,Qwen/Qwen2.5-7B-Instruct,reason.plan_answer,reason,dialog.turn_bin=first,784,0.5931122448979592,0.6198979591836735,0.026785714285714284,-0.012362030905077263,0.03914774519079155,0.07525510204081633,0.04846938775510204,0.8762755102040817
sqa,Qwen/Qwen2.5-7B-Instruct,reason.plan_answer,reason,dialog.turn_bin=late,184,0.7010869565217391,0.6630434782608695,-0.03804347826086957,-0.012362030905077263,-0.025681447355792305,0.07608695652173914,0.11413043478260869,0.8097826086956522
sqa,Qwen/Qwen2.5-7B-Instruct,reason.plan_answer,reason,grounding.cell_overlap,1052,0.6444866920152091,0.623574144486692,-0.02091254752851711,-0.012362030905077263,-0.008550516623439846,0.0655893536121673,0.08650190114068441,0.8479087452471483
sqa,Qwen/Qwen2.5-7B-Instruct,reason.plan_answer,reason,grounding.header_overlap,1139,0.6646180860403863,0.6347673397717296,-0.029850746268656716,-0.012362030905077263,-0.017488715363579453,0.06672519754170325,0.09657594381035997,0.8366988586479368
sqa,Qwen/Qwen2.5-7B-Instruct,reason.plan_answer,reason,intent.aggregate_noncount,37,0.4594594594594595,0.40540540540540543,-0.05405405405405406,-0.012362030905077263,-0.0416920231489768,0.05405405405405406,0.10810810810810811,0.8378378378378378
sqa,Qwen/Qwen2.5-7B-Instruct,reason.plan_answer,reason,intent.arithmetic,22,0.6363636363636364,0.5909090909090909,-0.045454545454545456,-0.012362030905077263,-0.0330925145494682,0.09090909090909091,0.13636363636363635,0.7727272727272727
sqa,Qwen/Qwen2.5-7B-Instruct,reason.plan_answer,reason,intent.comparison,53,0.41509433962264153,0.3018867924528302,-0.11320754716981132,-0.012362030905077263,-0.10084551626473406,0.09433962264150944,0.20754716981132076,0.6981132075471698
sqa,Qwen/Qwen2.5-7B-Instruct,reason.plan_answer,reason,intent.count,168,0.5952380952380952,0.6011904761904762,0.005952380952380952,-0.012362030905077263,0.018314411857458215,0.05357142857142857,0.047619047619047616,0.8988095238095238
sqa,Qwen/Qwen2.5-7B-Instruct,reason.plan_answer,reason,intent.negation_marker,91,0.4725274725274725,0.42857142857142855,-0.04395604395604396,-0.012362030905077263,-0.03159401305096669,0.0989010989010989,0.14285714285714285,0.7582417582417582
sqa,Qwen/Qwen2.5-7B-Instruct,reason.plan_answer,reason,intent.superlative_rank,321,0.6105919003115264,0.5763239875389408,-0.03426791277258567,-0.012362030905077263,-0.021905881867508404,0.08722741433021806,0.12149532710280374,0.7912772585669782
sqa,Qwen/Qwen2.5-7B-Instruct,reason.plan_answer,reason,intent.temporal,395,0.6177215189873417,0.6278481012658228,0.010126582278481013,-0.012362030905077263,0.022488613183558277,0.08354430379746836,0.07341772151898734,0.8430379746835444
sqa,Qwen/Qwen2.5-7B-Instruct,reason.plan_answer,reason,schema.has_date_col,962,0.6444906444906445,0.6257796257796258,-0.018711018711018712,-0.012362030905077263,-0.006348987805941449,0.06756756756756757,0.08627858627858628,0.8461538461538461
sqa,Qwen/Qwen2.5-7B-Instruct,reason.plan_answer,reason,schema.has_rank_col,957,0.6405433646812957,0.64576802507837,0.00522466039707419,-0.012362030905077263,0.01758669130215145,0.06896551724137931,0.06374085684430512,0.8672936259143156
sqa,Qwen/Qwen2.5-7B-Instruct,reason.plan_answer,reason,schema.has_score_col,410,0.6390243902439025,0.6219512195121951,-0.01707317073170732,-0.012362030905077263,-0.004711139826630056,0.06585365853658537,0.08292682926829269,0.8512195121951219
sqa,Qwen/Qwen2.5-7B-Instruct,reason.plan_answer,reason,schema.has_unit_col,238,0.6932773109243697,0.634453781512605,-0.058823529411764705,-0.012362030905077263,-0.046461498506687446,0.04201680672268908,0.10084033613445378,0.8571428571428571
sqa,Qwen/Qwen2.5-7B-Instruct,reason.plan_answer,reason,schema.header_repetition_marker,51,0.6274509803921569,0.5686274509803921,-0.058823529411764705,-0.012362030905077263,-0.046461498506687446,0.058823529411764705,0.11764705882352941,0.8235294117647058
sqa,Qwen/Qwen2.5-7B-Instruct,reason.plan_answer,reason,table.cols_bin=0_3,7,0.42857142857142855,0.5714285714285714,0.14285714285714285,-0.012362030905077263,0.1552191737622201,0.14285714285714285,0.0,0.8571428571428571
sqa,Qwen/Qwen2.5-7B-Instruct,reason.plan_answer,reason,table.cols_bin=4_6,1633,0.640538885486834,0.6227801592161666,-0.017758726270667484,-0.012362030905077263,-0.005396695365590221,0.07103490508266994,0.08879363135333741,0.8401714635639926
sqa,Qwen/Qwen2.5-7B-Instruct,reason.plan_answer,reason,table.cols_bin=7_10,625,0.6528,0.6528,0.0,-0.012362030905077263,0.012362030905077263,0.0704,0.0704,0.8592
sqa,Qwen/Qwen2.5-7B-Instruct,reason.plan_answer,reason,table.numeric_cols_bin=0,382,0.6858638743455497,0.6649214659685864,-0.020942408376963352,-0.012362030905077263,-0.00858037747188609,0.07591623036649214,0.0968586387434555,0.8272251308900523
sqa,Qwen/Qwen2.5-7B-Instruct,reason.plan_answer,reason,table.numeric_cols_bin=1,930,0.632258064516129,0.6365591397849463,0.004301075268817204,-0.012362030905077263,0.016663106173894465,0.07096774193548387,0.06666666666666667,0.8623655913978494
sqa,Qwen/Qwen2.5-7B-Instruct,reason.plan_answer,reason,table.numeric_cols_bin=2_3,492,0.6666666666666666,0.6300813008130082,-0.036585365853658534,-0.012362030905077263,-0.02422333494858127,0.052845528455284556,0.08943089430894309,0.8577235772357723
sqa,Qwen/Qwen2.5-7B-Instruct,reason.plan_answer,reason,table.numeric_cols_bin=ge_4,461,0.6052060737527115,0.5921908893709328,-0.013015184381778741,-0.012362030905077263,-0.0006531534767014787,0.08676789587852494,0.09978308026030369,0.8134490238611713
sqa,Qwen/Qwen2.5-7B-Instruct,reason.plan_answer,reason,table.numeric_density_bin=high,470,0.5957446808510638,0.5829787234042553,-0.01276595744680851,-0.012362030905077263,-0.0004039265417312473,0.08936170212765958,0.10212765957446808,0.8085106382978723
sqa,Qwen/Qwen2.5-7B-Instruct,reason.plan_answer,reason,table.numeric_density_bin=low,830,0.6397590361445783,0.6385542168674698,-0.0012048192771084338,-0.012362030905077263,0.011157211627968828,0.06746987951807229,0.06867469879518072,0.863855421686747
sqa,Qwen/Qwen2.5-7B-Instruct,reason.plan_answer,reason,table.numeric_density_bin=mid,583,0.6586620926243568,0.6363636363636364,-0.022298456260720412,-0.012362030905077263,-0.009936425355643149,0.058319039451114926,0.08061749571183534,0.8610634648370498
sqa,Qwen/Qwen2.5-7B-Instruct,reason.plan_answer,reason,table.numeric_density_bin=none,382,0.6858638743455497,0.6649214659685864,-0.020942408376963352,-0.012362030905077263,-0.00858037747188609,0.07591623036649214,0.0968586387434555,0.8272251308900523
sqa,Qwen/Qwen2.5-7B-Instruct,reason.plan_answer,reason,table.rows_bin=11_25,1240,0.6346774193548387,0.6096774193548387,-0.025,-0.012362030905077263,-0.012637969094922739,0.06854838709677419,0.0935483870967742,0.8379032258064516
sqa,Qwen/Qwen2.5-7B-Instruct,reason.plan_answer,reason,table.rows_bin=26_50,131,0.6259541984732825,0.5877862595419847,-0.03816793893129771,-0.012362030905077263,-0.02580590802622045,0.04580152671755725,0.08396946564885496,0.8702290076335878
sqa,Qwen/Qwen2.5-7B-Instruct,reason.plan_answer,reason,table.rows_bin=6_10,894,0.6577181208053692,0.6666666666666666,0.008948545861297539,-0.012362030905077263,0.0213105767663748,0.07829977628635347,0.06935123042505593,0.8523489932885906
sqa,Qwen/Qwen2.5-7B-Instruct,reason.plan_answer,reason,table.shape=balanced,1282,0.641185647425897,0.6037441497659907,-0.0374414976599064,-0.012362030905077263,-0.025079466754829135,0.06474258970358815,0.10218408736349453,0.8330733229329174
sqa,Qwen/Qwen2.5-7B-Instruct,reason.plan_answer,reason,table.shape=wide,983,0.6459816887080366,0.6663275686673449,0.02034587995930824,-0.012362030905077263,0.0327079108643855,0.07934893184130214,0.059003051881993895,0.861648016276704
sqa,Qwen/Qwen2.5-7B-Instruct,reason.plan_answer,reason,text.has_number,480,0.5604166666666667,0.5479166666666667,-0.0125,-0.012362030905077263,-0.000137969094922738,0.08125,0.09375,0.825
sqa,Qwen/Qwen2.5-7B-Instruct,reason.plan_answer,reason,text.has_ordinal,79,0.5569620253164557,0.4810126582278481,-0.0759493670886076,-0.012362030905077263,-0.06358733618353034,0.08860759493670886,0.16455696202531644,0.7468354430379747
sqa,Qwen/Qwen2.5-7B-Instruct,reason.plan_answer,reason,text.has_quoted_span,5,0.8,1.0,0.2,-0.012362030905077263,0.21236203090507727,0.2,0.0,0.8
sqa,Qwen/Qwen2.5-7B-Instruct,reason.plan_answer,reason,text.has_year,209,0.5645933014354066,0.5933014354066986,0.028708133971291867,-0.012362030905077263,0.04107016487636913,0.10526315789473684,0.07655502392344497,0.8181818181818182
sqa,Qwen/Qwen2.5-7B-Instruct,reason.symbolic_op,reason,cell.has_comma_number,407,0.687960687960688,0.7125307125307125,0.02457002457002457,0.015011037527593819,0.00955898704243075,0.09828009828009827,0.07371007371007371,0.828009828009828
sqa,Qwen/Qwen2.5-7B-Instruct,reason.symbolic_op,reason,cell.has_currency,27,0.7407407407407407,0.8888888888888888,0.14814814814814814,0.015011037527593819,0.13313711062055433,0.18518518518518517,0.037037037037037035,0.7777777777777778
sqa,Qwen/Qwen2.5-7B-Instruct,reason.symbolic_op,reason,cell.has_date_like,1548,0.6537467700258398,0.6511627906976745,-0.002583979328165375,0.015011037527593819,-0.017595016855759194,0.07881136950904392,0.08139534883720931,0.8397932816537468
sqa,Qwen/Qwen2.5-7B-Instruct,reason.symbolic_op,reason,cell.has_numeric_range,454,0.6563876651982379,0.6431718061674009,-0.013215859030837005,0.015011037527593819,-0.028226896558430824,0.07709251101321586,0.09030837004405286,0.8325991189427313
sqa,Qwen/Qwen2.5-7B-Instruct,reason.symbolic_op,reason,cell.has_percent,78,0.6153846153846154,0.5897435897435898,-0.02564102564102564,0.015011037527593819,-0.04065206316861946,0.07692307692307693,0.10256410256410256,0.8205128205128205
sqa,Qwen/Qwen2.5-7B-Instruct,reason.symbolic_op,reason,cell.has_score_surface,213,0.6009389671361502,0.5868544600938967,-0.014084507042253521,0.015011037527593819,-0.02909554456984734,0.056338028169014086,0.07042253521126761,0.8732394366197183
sqa,Qwen/Qwen2.5-7B-Instruct,reason.symbolic_op,reason,cell.missing_value_marker,988,0.6204453441295547,0.6477732793522267,0.027327935222672066,0.015011037527593819,0.012316897695078247,0.09919028340080972,0.07186234817813765,0.8289473684210527
sqa,Qwen/Qwen2.5-7B-Instruct,reason.symbolic_op,reason,dialog.has_reference_marker,740,0.6554054054054054,0.6270270270270271,-0.02837837837837838,0.015011037527593819,-0.0433894159059722,0.08648648648648649,0.11486486486486487,0.7986486486486486
sqa,Qwen/Qwen2.5-7B-Instruct,reason.symbolic_op,reason,dialog.turn_bin=early,1297,0.6653816499614496,0.6638396299151889,-0.0015420200462606013,0.015011037527593819,-0.016553057573854422,0.08635312259059368,0.08789514263685427,0.825751734772552
sqa,Qwen/Qwen2.5-7B-Instruct,reason.symbolic_op,reason,dialog.turn_bin=first,784,0.5931122448979592,0.6403061224489796,0.047193877551020405,0.015011037527593819,0.032182840023426584,0.08801020408163265,0.04081632653061224,0.8711734693877551
sqa,Qwen/Qwen2.5-7B-Instruct,reason.symbolic_op,reason,dialog.turn_bin=late,184,0.7010869565217391,0.6956521739130435,-0.005434782608695652,0.015011037527593819,-0.02044582013628947,0.08695652173913043,0.09239130434782608,0.8206521739130435
sqa,Qwen/Qwen2.5-7B-Instruct,reason.symbolic_op,reason,grounding.cell_overlap,1052,0.6444866920152091,0.6435361216730038,-0.0009505703422053232,0.015011037527593819,-0.01596160786979914,0.07129277566539924,0.07224334600760456,0.8564638783269962
sqa,Qwen/Qwen2.5-7B-Instruct,reason.symbolic_op,reason,grounding.header_overlap,1139,0.6646180860403863,0.6795434591747147,0.014925373134328358,0.015011037527593819,-8.566439326546105e-05,0.08604038630377524,0.07111501316944688,0.8428446005267779
sqa,Qwen/Qwen2.5-7B-Instruct,reason.symbolic_op,reason,intent.aggregate_noncount,37,0.4594594594594595,0.5135135135135135,0.05405405405405406,0.015011037527593819,0.039043016526460236,0.08108108108108109,0.02702702702702703,0.8918918918918919
sqa,Qwen/Qwen2.5-7B-Instruct,reason.symbolic_op,reason,intent.arithmetic,22,0.6363636363636364,0.5,-0.13636363636363635,0.015011037527593819,-0.15137467389123016,0.0,0.13636363636363635,0.8636363636363636
sqa,Qwen/Qwen2.5-7B-Instruct,reason.symbolic_op,reason,intent.comparison,53,0.41509433962264153,0.37735849056603776,-0.03773584905660377,0.015011037527593819,-0.05274688658419759,0.11320754716981132,0.1509433962264151,0.7358490566037735
sqa,Qwen/Qwen2.5-7B-Instruct,reason.symbolic_op,reason,intent.count,168,0.5952380952380952,0.6071428571428571,0.011904761904761904,0.015011037527593819,-0.003106275622831915,0.05357142857142857,0.041666666666666664,0.9047619047619048
sqa,Qwen/Qwen2.5-7B-Instruct,reason.symbolic_op,reason,intent.negation_marker,91,0.4725274725274725,0.5274725274725275,0.054945054945054944,0.015011037527593819,0.03993401741746112,0.10989010989010989,0.054945054945054944,0.8351648351648352
sqa,Qwen/Qwen2.5-7B-Instruct,reason.symbolic_op,reason,intent.superlative_rank,321,0.6105919003115264,0.5763239875389408,-0.03426791277258567,0.015011037527593819,-0.04927895030017949,0.09968847352024922,0.13395638629283488,0.7663551401869159
sqa,Qwen/Qwen2.5-7B-Instruct,reason.symbolic_op,reason,intent.temporal,395,0.6177215189873417,0.6329113924050633,0.015189873417721518,0.015011037527593819,0.00017883589012769943,0.09620253164556962,0.0810126582278481,0.8227848101265823
sqa,Qwen/Qwen2.5-7B-Instruct,reason.symbolic_op,reason,schema.has_date_col,962,0.6444906444906445,0.6413721413721414,-0.0031185031185031187,0.015011037527593819,-0.01812954064609694,0.07380457380457381,0.07692307692307693,0.8492723492723493
sqa,Qwen/Qwen2.5-7B-Instruct,reason.symbolic_op,reason,schema.has_rank_col,957,0.6405433646812957,0.6875653082549634,0.047021943573667714,0.015011037527593819,0.03201090604607389,0.1013584117032393,0.054336468129571575,0.8443051201671892
sqa,Qwen/Qwen2.5-7B-Instruct,reason.symbolic_op,reason,schema.has_score_col,410,0.6390243902439025,0.6536585365853659,0.014634146341463415,0.015011037527593819,-0.0003768911861304035,0.08292682926829269,0.06829268292682927,0.848780487804878
sqa,Qwen/Qwen2.5-7B-Instruct,reason.symbolic_op,reason,schema.has_unit_col,238,0.6932773109243697,0.6554621848739496,-0.037815126050420166,0.015011037527593819,-0.052826163578013986,0.04201680672268908,0.07983193277310924,0.8781512605042017
sqa,Qwen/Qwen2.5-7B-Instruct,reason.symbolic_op,reason,schema.header_repetition_marker,51,0.6274509803921569,0.6078431372549019,-0.0196078431372549,0.015011037527593819,-0.03461888066484872,0.0784313725490196,0.09803921568627451,0.8235294117647058
sqa,Qwen/Qwen2.5-7B-Instruct,reason.symbolic_op,reason,table.cols_bin=0_3,7,0.42857142857142855,0.5714285714285714,0.14285714285714285,0.015011037527593819,0.12784610532954904,0.14285714285714285,0.0,0.8571428571428571
sqa,Qwen/Qwen2.5-7B-Instruct,reason.symbolic_op,reason,table.cols_bin=4_6,1633,0.640538885486834,0.6472749540722597,0.006736068585425597,0.015011037527593819,-0.008274968942168223,0.08328230251071647,0.07654623392529088,0.8401714635639926
sqa,Qwen/Qwen2.5-7B-Instruct,reason.symbolic_op,reason,table.cols_bin=7_10,625,0.6528,0.688,0.0352,0.015011037527593819,0.02018896247240618,0.096,0.0608,0.8432
sqa,Qwen/Qwen2.5-7B-Instruct,reason.symbolic_op,reason,table.numeric_cols_bin=0,382,0.6858638743455497,0.675392670157068,-0.010471204188481676,0.015011037527593819,-0.025482241716075493,0.07068062827225131,0.08115183246073299,0.8481675392670157
sqa,Qwen/Qwen2.5-7B-Instruct,reason.symbolic_op,reason,table.numeric_cols_bin=1,930,0.632258064516129,0.6430107526881721,0.010752688172043012,0.015011037527593819,-0.004258349355550807,0.07526881720430108,0.06451612903225806,0.8602150537634409
sqa,Qwen/Qwen2.5-7B-Instruct,reason.symbolic_op,reason,table.numeric_cols_bin=2_3,492,0.6666666666666666,0.6686991869918699,0.0020325203252032522,0.015011037527593819,-0.012978517202390566,0.07926829268292683,0.07723577235772358,0.8434959349593496
sqa,Qwen/Qwen2.5-7B-Instruct,reason.symbolic_op,reason,table.numeric_cols_bin=ge_4,461,0.6052060737527115,0.6637744034707158,0.05856832971800434,0.015011037527593819,0.04355729219041052,0.13232104121475055,0.0737527114967462,0.7939262472885033
sqa,Qwen/Qwen2.5-7B-Instruct,reason.symbolic_op,reason,table.numeric_density_bin=high,470,0.5957446808510638,0.6617021276595745,0.06595744680851064,0.015011037527593819,0.050946409280916816,0.14042553191489363,0.07446808510638298,0.7851063829787234
sqa,Qwen/Qwen2.5-7B-Instruct,reason.symbolic_op,reason,table.numeric_density_bin=low,830,0.6397590361445783,0.653012048192771,0.01325301204819277,0.015011037527593819,-0.0017580254794010482,0.07590361445783132,0.06265060240963856,0.8614457831325302
sqa,Qwen/Qwen2.5-7B-Instruct,reason.symbolic_op,reason,table.numeric_density_bin=mid,583,0.6586620926243568,0.6518010291595198,-0.00686106346483705,0.015011037527593819,-0.02187210099243087,0.07032590051457976,0.07718696397941681,0.8524871355060034
sqa,Qwen/Qwen2.5-7B-Instruct,reason.symbolic_op,reason,table.numeric_density_bin=none,382,0.6858638743455497,0.675392670157068,-0.010471204188481676,0.015011037527593819,-0.025482241716075493,0.07068062827225131,0.08115183246073299,0.8481675392670157
sqa,Qwen/Qwen2.5-7B-Instruct,reason.symbolic_op,reason,table.rows_bin=11_25,1240,0.6346774193548387,0.632258064516129,-0.0024193548387096775,0.015011037527593819,-0.017430392366303497,0.0814516129032258,0.08387096774193549,0.8346774193548387
sqa,Qwen/Qwen2.5-7B-Instruct,reason.symbolic_op,reason,table.rows_bin=26_50,131,0.6259541984732825,0.5954198473282443,-0.030534351145038167,0.015011037527593819,-0.045545388672631984,0.061068702290076333,0.0916030534351145,0.8473282442748091
sqa,Qwen/Qwen2.5-7B-Instruct,reason.symbolic_op,reason,table.rows_bin=6_10,894,0.6577181208053692,0.703579418344519,0.04586129753914989,0.015011037527593819,0.030850260011556066,0.09843400447427293,0.052572706935123045,0.8489932885906041
sqa,Qwen/Qwen2.5-7B-Instruct,reason.symbolic_op,reason,table.shape=balanced,1282,0.641185647425897,0.6271450858034321,-0.014040561622464899,0.015011037527593819,-0.02905159915005872,0.078003120124805,0.09204368174726989,0.8299531981279251
sqa,Qwen/Qwen2.5-7B-Instruct,reason.symbolic_op,reason,table.shape=wide,983,0.6459816887080366,0.698880976602238,0.052899287894201424,0.015011037527593819,0.037888250366607604,0.09867751780264497,0.04577822990844354,0.8555442522889115
sqa,Qwen/Qwen2.5-7B-Instruct,reason.symbolic_op,reason,text.has_number,480,0.5604166666666667,0.5875,0.027083333333333334,0.015011037527593819,0.012072295805739515,0.10625,0.07916666666666666,0.8145833333333333
sqa,Qwen/Qwen2.5-7B-Instruct,reason.symbolic_op,reason,text.has_ordinal,79,0.5569620253164557,0.5569620253164557,0.0,0.015011037527593819,-0.015011037527593819,0.11392405063291139,0.11392405063291139,0.7721518987341772
sqa,Qwen/Qwen2.5-7B-Instruct,reason.symbolic_op,reason,text.has_quoted_span,5,0.8,0.8,0.0,0.015011037527593819,-0.015011037527593819,0.0,0.0,1.0
sqa,Qwen/Qwen2.5-7B-Instruct,reason.symbolic_op,reason,text.has_year,209,0.5645933014354066,0.6267942583732058,0.06220095693779904,0.015011037527593819,0.04718991941020522,0.1339712918660287,0.07177033492822966,0.7942583732057417
sqa,Qwen/Qwen2.5-7B-Instruct,reason.verify,reason,cell.has_comma_number,407,0.687960687960688,0.6855036855036855,-0.002457002457002457,0.0075055187637969095,-0.009962521220799367,0.051597051597051594,0.05405405405405406,0.8943488943488943
sqa,Qwen/Qwen2.5-7B-Instruct,reason.verify,reason,cell.has_currency,27,0.7407407407407407,0.7777777777777778,0.037037037037037035,0.0075055187637969095,0.029531518273240125,0.07407407407407407,0.037037037037037035,0.8888888888888888
sqa,Qwen/Qwen2.5-7B-Instruct,reason.verify,reason,cell.has_date_like,1548,0.6537467700258398,0.6531007751937985,-0.0006459948320413437,0.0075055187637969095,-0.008151513595838253,0.06266149870801034,0.06330749354005168,0.874031007751938
sqa,Qwen/Qwen2.5-7B-Instruct,reason.verify,reason,cell.has_numeric_range,454,0.6563876651982379,0.6519823788546255,-0.004405286343612335,0.0075055187637969095,-0.011910805107409245,0.06167400881057269,0.06607929515418502,0.8722466960352423
sqa,Qwen/Qwen2.5-7B-Instruct,reason.verify,reason,cell.has_percent,78,0.6153846153846154,0.6025641025641025,-0.01282051282051282,0.0075055187637969095,-0.02032603158430973,0.0641025641025641,0.07692307692307693,0.8589743589743589
sqa,Qwen/Qwen2.5-7B-Instruct,reason.verify,reason,cell.has_score_surface,213,0.6009389671361502,0.596244131455399,-0.004694835680751174,0.0075055187637969095,-0.012200354444548082,0.051643192488262914,0.056338028169014086,0.892018779342723
sqa,Qwen/Qwen2.5-7B-Instruct,reason.verify,reason,cell.missing_value_marker,988,0.6204453441295547,0.6356275303643725,0.015182186234817813,0.0075055187637969095,0.007676667471020904,0.0728744939271255,0.057692307692307696,0.8694331983805668
sqa,Qwen/Qwen2.5-7B-Instruct,reason.verify,reason,dialog.has_reference_marker,740,0.6554054054054054,0.6567567567567567,0.0013513513513513514,0.0075055187637969095,-0.006154167412445558,0.07027027027027027,0.06891891891891892,0.8608108108108108
sqa,Qwen/Qwen2.5-7B-Instruct,reason.verify,reason,dialog.turn_bin=early,1297,0.6653816499614496,0.6653816499614496,0.0,0.0075055187637969095,-0.0075055187637969095,0.06630686198920586,0.06630686198920586,0.8673862760215882
sqa,Qwen/Qwen2.5-7B-Instruct,reason.verify,reason,dialog.turn_bin=first,784,0.5931122448979592,0.5994897959183674,0.006377551020408163,0.0075055187637969095,-0.001127967743388746,0.05739795918367347,0.05102040816326531,0.8915816326530612
sqa,Qwen/Qwen2.5-7B-Instruct,reason.verify,reason,dialog.turn_bin=late,184,0.7010869565217391,0.7663043478260869,0.06521739130434782,0.0075055187637969095,0.057711872540550914,0.08695652173913043,0.021739130434782608,0.8913043478260869
sqa,Qwen/Qwen2.5-7B-Instruct,reason.verify,reason,grounding.cell_overlap,1052,0.6444866920152091,0.6444866920152091,0.0,0.0075055187637969095,-0.0075055187637969095,0.05228136882129278,0.05228136882129278,0.8954372623574145
sqa,Qwen/Qwen2.5-7B-Instruct,reason.verify,reason,grounding.header_overlap,1139,0.6646180860403863,0.6611062335381914,-0.003511852502194908,0.0075055187637969095,-0.011017371265991817,0.058823529411764705,0.06233538191395961,0.8788410886742757
sqa,Qwen/Qwen2.5-7B-Instruct,reason.verify,reason,intent.aggregate_noncount,37,0.4594594594594595,0.5135135135135135,0.05405405405405406,0.0075055187637969095,0.04654853529025715,0.05405405405405406,0.0,0.9459459459459459
sqa,Qwen/Qwen2.5-7B-Instruct,reason.verify,reason,intent.arithmetic,22,0.6363636363636364,0.5,-0.13636363636363635,0.0075055187637969095,-0.14386915512743326,0.0,0.13636363636363635,0.8636363636363636
sqa,Qwen/Qwen2.5-7B-Instruct,reason.verify,reason,intent.comparison,53,0.41509433962264153,0.5094339622641509,0.09433962264150944,0.0075055187637969095,0.08683410387771254,0.1509433962264151,0.05660377358490566,0.7924528301886793
sqa,Qwen/Qwen2.5-7B-Instruct,reason.verify,reason,intent.count,168,0.5952380952380952,0.5297619047619048,-0.06547619047619048,0.0075055187637969095,-0.07298170923998738,0.023809523809523808,0.08928571428571429,0.8869047619047619
sqa,Qwen/Qwen2.5-7B-Instruct,reason.verify,reason,intent.negation_marker,91,0.4725274725274725,0.5164835164835165,0.04395604395604396,0.0075055187637969095,0.03645052519224705,0.14285714285714285,0.0989010989010989,0.7582417582417582
sqa,Qwen/Qwen2.5-7B-Instruct,reason.verify,reason,intent.superlative_rank,321,0.6105919003115264,0.6355140186915887,0.024922118380062305,0.0075055187637969095,0.017416599616265394,0.08099688473520249,0.056074766355140186,0.8629283489096573
sqa,Qwen/Qwen2.5-7B-Instruct,reason.verify,reason,intent.temporal,395,0.6177215189873417,0.6025316455696202,-0.015189873417721518,0.0075055187637969095,-0.022695392181518427,0.05063291139240506,0.06582278481012659,0.8835443037974684
sqa,Qwen/Qwen2.5-7B-Instruct,reason.verify,reason,schema.has_date_col,962,0.6444906444906445,0.6372141372141372,-0.007276507276507277,0.0075055187637969095,-0.014782026040304187,0.0550935550935551,0.062370062370062374,0.8825363825363826
sqa,Qwen/Qwen2.5-7B-Instruct,reason.verify,reason,schema.has_rank_col,957,0.6405433646812957,0.644723092998955,0.0041797283176593526,0.0075055187637969095,-0.003325790446137557,0.06165099268547544,0.05747126436781609,0.8808777429467085
sqa,Qwen/Qwen2.5-7B-Instruct,reason.verify,reason,schema.has_score_col,410,0.6390243902439025,0.6292682926829268,-0.00975609756097561,0.0075055187637969095,-0.01726161632477252,0.06097560975609756,0.07073170731707316,0.8682926829268293
sqa,Qwen/Qwen2.5-7B-Instruct,reason.verify,reason,schema.has_unit_col,238,0.6932773109243697,0.680672268907563,-0.012605042016806723,0.0075055187637969095,-0.020110560780603633,0.046218487394957986,0.058823529411764705,0.8949579831932774
sqa,Qwen/Qwen2.5-7B-Instruct,reason.verify,reason,schema.header_repetition_marker,51,0.6274509803921569,0.5882352941176471,-0.0392156862745098,0.0075055187637969095,-0.046721205038306714,0.0392156862745098,0.0784313725490196,0.8823529411764706
sqa,Qwen/Qwen2.5-7B-Instruct,reason.verify,reason,table.cols_bin=0_3,7,0.42857142857142855,0.5714285714285714,0.14285714285714285,0.0075055187637969095,0.13535162409334595,0.14285714285714285,0.0,0.8571428571428571
sqa,Qwen/Qwen2.5-7B-Instruct,reason.verify,reason,table.cols_bin=4_6,1633,0.640538885486834,0.6491120636864667,0.008573178199632579,0.0075055187637969095,0.001067659435835669,0.06736068585425597,0.05878750765462339,0.8738518064911206
sqa,Qwen/Qwen2.5-7B-Instruct,reason.verify,reason,table.cols_bin=7_10,625,0.6528,0.656,0.0032,0.0075055187637969095,-0.004305518763796909,0.0576,0.0544,0.888
sqa,Qwen/Qwen2.5-7B-Instruct,reason.verify,reason,table.numeric_cols_bin=0,382,0.6858638743455497,0.6884816753926701,0.002617801047120419,0.0075055187637969095,-0.0048877177166764905,0.05759162303664921,0.0549738219895288,0.887434554973822
sqa,Qwen/Qwen2.5-7B-Instruct,reason.verify,reason,table.numeric_cols_bin=1,930,0.632258064516129,0.6451612903225806,0.012903225806451613,0.0075055187637969095,0.005397707042654703,0.06451612903225806,0.05161290322580645,0.8838709677419355
sqa,Qwen/Qwen2.5-7B-Instruct,reason.verify,reason,table.numeric_cols_bin=2_3,492,0.6666666666666666,0.6605691056910569,-0.006097560975609756,0.0075055187637969095,-0.013603079739406665,0.06300813008130081,0.06910569105691057,0.8678861788617886
sqa,Qwen/Qwen2.5-7B-Instruct,reason.verify,reason,table.numeric_cols_bin=ge_4,461,0.6052060737527115,0.6203904555314533,0.015184381778741865,0.0075055187637969095,0.007678863014944955,0.0737527114967462,0.05856832971800434,0.8676789587852495
sqa,Qwen/Qwen2.5-7B-Instruct,reason.verify,reason,table.numeric_density_bin=high,470,0.5957446808510638,0.6170212765957447,0.02127659574468085,0.0075055187637969095,0.01377107698088394,0.0851063829787234,0.06382978723404255,0.851063829787234
sqa,Qwen/Qwen2.5-7B-Instruct,reason.verify,reason,table.numeric_density_bin=low,830,0.6397590361445783,0.6506024096385542,0.010843373493975903,0.0075055187637969095,0.003337854730178994,0.06385542168674699,0.05301204819277108,0.8831325301204819
sqa,Qwen/Qwen2.5-7B-Instruct,reason.verify,reason,table.numeric_density_bin=mid,583,0.6586620926243568,0.6535162950257289,-0.005145797598627788,0.0075055187637969095,-0.012651316362424697,0.0548885077186964,0.060034305317324184,0.8850771869639794
sqa,Qwen/Qwen2.5-7B-Instruct,reason.verify,reason,table.numeric_density_bin=none,382,0.6858638743455497,0.6884816753926701,0.002617801047120419,0.0075055187637969095,-0.0048877177166764905,0.05759162303664921,0.0549738219895288,0.887434554973822
sqa,Qwen/Qwen2.5-7B-Instruct,reason.verify,reason,table.rows_bin=11_25,1240,0.6346774193548387,0.6266129032258064,-0.008064516129032258,0.0075055187637969095,-0.015570034892829168,0.05403225806451613,0.062096774193548386,0.8838709677419355
sqa,Qwen/Qwen2.5-7B-Instruct,reason.verify,reason,table.rows_bin=26_50,131,0.6259541984732825,0.6412213740458015,0.015267175572519083,0.0075055187637969095,0.007761656808722174,0.05343511450381679,0.03816793893129771,0.9083969465648855
sqa,Qwen/Qwen2.5-7B-Instruct,reason.verify,reason,table.rows_bin=6_10,894,0.6577181208053692,0.685682326621924,0.02796420581655481,0.0075055187637969095,0.0204586870527579,0.08165548098434004,0.053691275167785234,0.8646532438478747
sqa,Qwen/Qwen2.5-7B-Instruct,reason.verify,reason,table.shape=balanced,1282,0.641185647425897,0.6388455538221529,-0.00234009360374415,0.0075055187637969095,-0.00984561236754106,0.059282371294851796,0.06162246489859594,0.8790951638065523
sqa,Qwen/Qwen2.5-7B-Instruct,reason.verify,reason,table.shape=wide,983,0.6459816887080366,0.6663275686673449,0.02034587995930824,0.0075055187637969095,0.012840361195511331,0.07222787385554426,0.05188199389623601,0.8758901322482198
sqa,Qwen/Qwen2.5-7B-Instruct,reason.verify,reason,text.has_number,480,0.5604166666666667,0.5729166666666666,0.0125,0.0075055187637969095,0.004994481236203091,0.08125,0.06875,0.85
sqa,Qwen/Qwen2.5-7B-Instruct,reason.verify,reason,text.has_ordinal,79,0.5569620253164557,0.5822784810126582,0.02531645569620253,0.0075055187637969095,0.01781093693240562,0.06329113924050633,0.0379746835443038,0.8987341772151899
sqa,Qwen/Qwen2.5-7B-Instruct,reason.verify,reason,text.has_quoted_span,5,0.8,0.8,0.0,0.0075055187637969095,-0.0075055187637969095,0.0,0.0,1.0
sqa,Qwen/Qwen2.5-7B-Instruct,reason.verify,reason,text.has_year,209,0.5645933014354066,0.5645933014354066,0.0,0.0075055187637969095,-0.0075055187637969095,0.07655502392344497,0.07655502392344497,0.84688995215311
sqa,Qwen/Qwen2.5-7B-Instruct,ser.html,ser,cell.has_comma_number,407,0.687960687960688,0.7027027027027027,0.014742014742014743,0.0008830022075055188,0.013859012534509224,0.07125307125307126,0.056511056511056514,0.8722358722358723
sqa,Qwen/Qwen2.5-7B-Instruct,ser.html,ser,cell.has_currency,27,0.7407407407407407,0.7407407407407407,0.0,0.0008830022075055188,-0.0008830022075055188,0.07407407407407407,0.07407407407407407,0.8518518518518519
sqa,Qwen/Qwen2.5-7B-Instruct,ser.html,ser,cell.has_date_like,1548,0.6537467700258398,0.650516795865633,-0.003229974160206718,0.0008830022075055188,-0.0041129763677122365,0.06524547803617571,0.06847545219638243,0.8662790697674418
sqa,Qwen/Qwen2.5-7B-Instruct,ser.html,ser,cell.has_numeric_range,454,0.6563876651982379,0.6145374449339207,-0.04185022026431718,0.0008830022075055188,-0.0427332224718227,0.05506607929515418,0.09691629955947137,0.8480176211453745
sqa,Qwen/Qwen2.5-7B-Instruct,ser.html,ser,cell.has_percent,78,0.6153846153846154,0.6153846153846154,0.0,0.0008830022075055188,-0.0008830022075055188,0.07692307692307693,0.07692307692307693,0.8461538461538461
sqa,Qwen/Qwen2.5-7B-Instruct,ser.html,ser,cell.has_score_surface,213,0.6009389671361502,0.5352112676056338,-0.06572769953051644,0.0008830022075055188,-0.06661070173802196,0.03286384976525822,0.09859154929577464,0.8685446009389671
sqa,Qwen/Qwen2.5-7B-Instruct,ser.html,ser,cell.missing_value_marker,988,0.6204453441295547,0.6265182186234818,0.006072874493927126,0.0008830022075055188,0.005189872286421607,0.06882591093117409,0.06275303643724696,0.868421052631579
sqa,Qwen/Qwen2.5-7B-Instruct,ser.html,ser,dialog.has_reference_marker,740,0.6554054054054054,0.6486486486486487,-0.006756756756756757,0.0008830022075055188,-0.007639758964262276,0.07702702702702703,0.08378378378378379,0.8391891891891892
sqa,Qwen/Qwen2.5-7B-Instruct,ser.html,ser,dialog.turn_bin=early,1297,0.6653816499614496,0.6592135697764071,-0.006168080185042405,0.0008830022075055188,-0.007051082392547924,0.06476484194294525,0.07093292212798766,0.8643022359290671
sqa,Qwen/Qwen2.5-7B-Instruct,ser.html,ser,dialog.turn_bin=first,784,0.5931122448979592,0.6033163265306123,0.01020408163265306,0.0008830022075055188,0.009321079425147542,0.07397959183673469,0.06377551020408163,0.8622448979591837
sqa,Qwen/Qwen2.5-7B-Instruct,ser.html,ser,dialog.turn_bin=late,184,0.7010869565217391,0.7119565217391305,0.010869565217391304,0.0008830022075055188,0.009986563009885785,0.08695652173913043,0.07608695652173914,0.8369565217391305
sqa,Qwen/Qwen2.5-7B-Instruct,ser.html,ser,grounding.cell_overlap,1052,0.6444866920152091,0.6463878326996197,0.0019011406844106464,0.0008830022075055188,0.0010181384769051276,0.058935361216730035,0.057034220532319393,0.8840304182509505
sqa,Qwen/Qwen2.5-7B-Instruct,ser.html,ser,grounding.header_overlap,1139,0.6646180860403863,0.6532045654082529,-0.01141352063213345,0.0008830022075055188,-0.012296522839638968,0.06760316066725197,0.07901668129938542,0.8533801580333626
sqa,Qwen/Qwen2.5-7B-Instruct,ser.html,ser,intent.aggregate_noncount,37,0.4594594594594595,0.4594594594594595,0.0,0.0008830022075055188,-0.0008830022075055188,0.05405405405405406,0.05405405405405406,0.8918918918918919
sqa,Qwen/Qwen2.5-7B-Instruct,ser.html,ser,intent.arithmetic,22,0.6363636363636364,0.5454545454545454,-0.09090909090909091,0.0008830022075055188,-0.09179209311659643,0.0,0.09090909090909091,0.9090909090909091
sqa,Qwen/Qwen2.5-7B-Instruct,ser.html,ser,intent.comparison,53,0.41509433962264153,0.3584905660377358,-0.05660377358490566,0.0008830022075055188,-0.05748677579241118,0.05660377358490566,0.11320754716981132,0.8301886792452831
sqa,Qwen/Qwen2.5-7B-Instruct,ser.html,ser,intent.count,168,0.5952380952380952,0.6130952380952381,0.017857142857142856,0.0008830022075055188,0.016974140649637336,0.041666666666666664,0.023809523809523808,0.9345238095238095
sqa,Qwen/Qwen2.5-7B-Instruct,ser.html,ser,intent.negation_marker,91,0.4725274725274725,0.5164835164835165,0.04395604395604396,0.0008830022075055188,0.04307304174853844,0.10989010989010989,0.06593406593406594,0.8241758241758241
sqa,Qwen/Qwen2.5-7B-Instruct,ser.html,ser,intent.superlative_rank,321,0.6105919003115264,0.616822429906542,0.006230529595015576,0.0008830022075055188,0.005347527387510057,0.09034267912772585,0.08411214953271028,0.8255451713395638
sqa,Qwen/Qwen2.5-7B-Instruct,ser.html,ser,intent.temporal,395,0.6177215189873417,0.640506329113924,0.02278481012658228,0.0008830022075055188,0.02190180791907676,0.07341772151898734,0.05063291139240506,0.8759493670886076
sqa,Qwen/Qwen2.5-7B-Instruct,ser.html,ser,schema.has_date_col,962,0.6444906444906445,0.6496881496881497,0.005197505197505198,0.0008830022075055188,0.004314502989999679,0.07068607068607069,0.06548856548856549,0.8638253638253638
sqa,Qwen/Qwen2.5-7B-Instruct,ser.html,ser,schema.has_rank_col,957,0.6405433646812957,0.6562173458725182,0.01567398119122257,0.0008830022075055188,0.01479097898371705,0.0741901776384535,0.05851619644723093,0.8672936259143156
sqa,Qwen/Qwen2.5-7B-Instruct,ser.html,ser,schema.has_score_col,410,0.6390243902439025,0.6341463414634146,-0.004878048780487805,0.0008830022075055188,-0.005761050987993324,0.06585365853658537,0.07073170731707316,0.8634146341463415
sqa,Qwen/Qwen2.5-7B-Instruct,ser.html,ser,schema.has_unit_col,238,0.6932773109243697,0.6638655462184874,-0.029411764705882353,0.0008830022075055188,-0.030294766913387873,0.0546218487394958,0.08403361344537816,0.8613445378151261
sqa,Qwen/Qwen2.5-7B-Instruct,ser.html,ser,schema.header_repetition_marker,51,0.6274509803921569,0.6078431372549019,-0.0196078431372549,0.0008830022075055188,-0.020490845344760422,0.0392156862745098,0.058823529411764705,0.9019607843137255
sqa,Qwen/Qwen2.5-7B-Instruct,ser.html,ser,table.cols_bin=0_3,7,0.42857142857142855,0.42857142857142855,0.0,0.0008830022075055188,-0.0008830022075055188,0.0,0.0,1.0
sqa,Qwen/Qwen2.5-7B-Instruct,ser.html,ser,table.cols_bin=4_6,1633,0.640538885486834,0.6258420085731782,-0.014696876913655848,0.0008830022075055188,-0.015579879121161367,0.06429883649724434,0.07899571341090018,0.8567054500918555
sqa,Qwen/Qwen2.5-7B-Instruct,ser.html,ser,table.cols_bin=7_10,625,0.6528,0.6944,0.0416,0.0008830022075055188,0.04071699779249448,0.0848,0.0432,0.872
sqa,Qwen/Qwen2.5-7B-Instruct,ser.html,ser,table.numeric_cols_bin=0,382,0.6858638743455497,0.6492146596858639,-0.03664921465968586,0.0008830022075055188,-0.03753221686719138,0.05759162303664921,0.09424083769633508,0.8481675392670157
sqa,Qwen/Qwen2.5-7B-Instruct,ser.html,ser,table.numeric_cols_bin=1,930,0.632258064516129,0.6344086021505376,0.002150537634408602,0.0008830022075055188,0.0012675354269030834,0.06129032258064516,0.05913978494623656,0.8795698924731182
sqa,Qwen/Qwen2.5-7B-Instruct,ser.html,ser,table.numeric_cols_bin=2_3,492,0.6666666666666666,0.6686991869918699,0.0020325203252032522,0.0008830022075055188,0.0011495181176977335,0.06707317073170732,0.06504065040650407,0.8678861788617886
sqa,Qwen/Qwen2.5-7B-Instruct,ser.html,ser,table.numeric_cols_bin=ge_4,461,0.6052060737527115,0.6334056399132321,0.028199566160520606,0.0008830022075055188,0.027316563953015086,0.09978308026030369,0.07158351409978309,0.8286334056399133
sqa,Qwen/Qwen2.5-7B-Instruct,ser.html,ser,table.numeric_density_bin=high,470,0.5957446808510638,0.625531914893617,0.029787234042553193,0.0008830022075055188,0.028904231835047672,0.10212765957446808,0.07234042553191489,0.825531914893617
sqa,Qwen/Qwen2.5-7B-Instruct,ser.html,ser,table.numeric_density_bin=low,830,0.6397590361445783,0.6481927710843374,0.008433734939759036,0.0008830022075055188,0.0075507327322535175,0.06746987951807229,0.05903614457831325,0.8734939759036144
sqa,Qwen/Qwen2.5-7B-Instruct,ser.html,ser,table.numeric_density_bin=mid,583,0.6586620926243568,0.6500857632933105,-0.008576329331046312,0.0008830022075055188,-0.009459331538551831,0.0548885077186964,0.0634648370497427,0.8816466552315609
sqa,Qwen/Qwen2.5-7B-Instruct,ser.html,ser,table.numeric_density_bin=none,382,0.6858638743455497,0.6492146596858639,-0.03664921465968586,0.0008830022075055188,-0.03753221686719138,0.05759162303664921,0.09424083769633508,0.8481675392670157
sqa,Qwen/Qwen2.5-7B-Instruct,ser.html,ser,table.rows_bin=11_25,1240,0.6346774193548387,0.6362903225806451,0.0016129032258064516,0.0008830022075055188,0.0007299010183009328,0.07419354838709677,0.07258064516129033,0.853225806451613
sqa,Qwen/Qwen2.5-7B-Instruct,ser.html,ser,table.rows_bin=26_50,131,0.6259541984732825,0.6183206106870229,-0.007633587786259542,0.0008830022075055188,-0.008516589993765061,0.04580152671755725,0.05343511450381679,0.9007633587786259
sqa,Qwen/Qwen2.5-7B-Instruct,ser.html,ser,table.rows_bin=6_10,894,0.6577181208053692,0.6588366890380313,0.0011185682326621924,0.0008830022075055188,0.0002355660251566736,0.06711409395973154,0.06599552572706935,0.8668903803131991
sqa,Qwen/Qwen2.5-7B-Instruct,ser.html,ser,table.shape=balanced,1282,0.641185647425897,0.6357254290171607,-0.00546021840873635,0.0008830022075055188,-0.006343220616241868,0.0717628705148206,0.07722308892355695,0.8510140405616224
sqa,Qwen/Qwen2.5-7B-Instruct,ser.html,ser,table.shape=wide,983,0.6459816887080366,0.6551373346897253,0.009155645981688708,0.0008830022075055188,0.00827264377418319,0.0671414038657172,0.05798575788402848,0.8748728382502543
sqa,Qwen/Qwen2.5-7B-Instruct,ser.html,ser,text.has_number,480,0.5604166666666667,0.5770833333333333,0.016666666666666666,0.0008830022075055188,0.01578366445916115,0.08333333333333333,0.06666666666666667,0.85
sqa,Qwen/Qwen2.5-7B-Instruct,ser.html,ser,text.has_ordinal,79,0.5569620253164557,0.620253164556962,0.06329113924050633,0.0008830022075055188,0.06240813703300081,0.11392405063291139,0.05063291139240506,0.8354430379746836
sqa,Qwen/Qwen2.5-7B-Instruct,ser.html,ser,text.has_quoted_span,5,0.8,0.8,0.0,0.0008830022075055188,-0.0008830022075055188,0.0,0.0,1.0
sqa,Qwen/Qwen2.5-7B-Instruct,ser.html,ser,text.has_year,209,0.5645933014354066,0.6076555023923444,0.0430622009569378,0.0008830022075055188,0.04217919874943228,0.10047846889952153,0.05741626794258373,0.8421052631578947
sqa,Qwen/Qwen2.5-7B-Instruct,ser.records,ser,cell.has_comma_number,407,0.687960687960688,0.6953316953316954,0.007371007371007371,0.011037527593818985,-0.003666520222811614,0.07616707616707617,0.0687960687960688,0.855036855036855
sqa,Qwen/Qwen2.5-7B-Instruct,ser.records,ser,cell.has_currency,27,0.7407407407407407,0.7777777777777778,0.037037037037037035,0.011037527593818985,0.02599950944321805,0.07407407407407407,0.037037037037037035,0.8888888888888888
sqa,Qwen/Qwen2.5-7B-Instruct,ser.records,ser,cell.has_date_like,1548,0.6537467700258398,0.6602067183462532,0.006459948320413436,0.011037527593818985,-0.004577579273405549,0.07751937984496124,0.0710594315245478,0.851421188630491
sqa,Qwen/Qwen2.5-7B-Instruct,ser.records,ser,cell.has_numeric_range,454,0.6563876651982379,0.6453744493392071,-0.011013215859030838,0.011037527593818985,-0.022050743452849825,0.07268722466960352,0.08370044052863436,0.8436123348017621
sqa,Qwen/Qwen2.5-7B-Instruct,ser.records,ser,cell.has_percent,78,0.6153846153846154,0.6153846153846154,0.0,0.011037527593818985,-0.011037527593818985,0.1282051282051282,0.1282051282051282,0.7435897435897436
sqa,Qwen/Qwen2.5-7B-Instruct,ser.records,ser,cell.has_score_surface,213,0.6009389671361502,0.6009389671361502,0.0,0.011037527593818985,-0.011037527593818985,0.07511737089201878,0.07511737089201878,0.8497652582159625
sqa,Qwen/Qwen2.5-7B-Instruct,ser.records,ser,cell.missing_value_marker,988,0.6204453441295547,0.6558704453441295,0.0354251012145749,0.011037527593818985,0.024387573620755915,0.0931174089068826,0.057692307692307696,0.8491902834008097
sqa,Qwen/Qwen2.5-7B-Instruct,ser.records,ser,dialog.has_reference_marker,740,0.6554054054054054,0.6391891891891892,-0.016216216216216217,0.011037527593818985,-0.027253743810035203,0.07972972972972973,0.09594594594594595,0.8243243243243243
sqa,Qwen/Qwen2.5-7B-Instruct,ser.records,ser,dialog.turn_bin=early,1297,0.6653816499614496,0.6777178103315343,0.01233616037008481,0.011037527593818985,0.0012986327762658251,0.08018504240555127,0.06784888203546646,0.8519660755589823
sqa,Qwen/Qwen2.5-7B-Instruct,ser.records,ser,dialog.turn_bin=first,784,0.5931122448979592,0.6020408163265306,0.008928571428571428,0.011037527593818985,-0.0021089561652475573,0.08035714285714286,0.07142857142857142,0.8482142857142857
sqa,Qwen/Qwen2.5-7B-Instruct,ser.records,ser,dialog.turn_bin=late,184,0.7010869565217391,0.7119565217391305,0.010869565217391304,0.011037527593818985,-0.00016796237642768136,0.09239130434782608,0.08152173913043478,0.8260869565217391
sqa,Qwen/Qwen2.5-7B-Instruct,ser.records,ser,grounding.cell_overlap,1052,0.6444866920152091,0.6482889733840305,0.0038022813688212928,0.011037527593818985,-0.007235246224997693,0.07129277566539924,0.06749049429657794,0.8612167300380228
sqa,Qwen/Qwen2.5-7B-Instruct,ser.records,ser,grounding.header_overlap,1139,0.6646180860403863,0.6795434591747147,0.014925373134328358,0.011037527593818985,0.0038878455405093725,0.08428446005267778,0.06935908691834942,0.8463564530289728
sqa,Qwen/Qwen2.5-7B-Instruct,ser.records,ser,intent.aggregate_noncount,37,0.4594594594594595,0.4594594594594595,0.0,0.011037527593818985,-0.011037527593818985,0.05405405405405406,0.05405405405405406,0.8918918918918919
sqa,Qwen/Qwen2.5-7B-Instruct,ser.records,ser,intent.arithmetic,22,0.6363636363636364,0.5454545454545454,-0.09090909090909091,0.011037527593818985,-0.1019466185029099,0.0,0.09090909090909091,0.9090909090909091
sqa,Qwen/Qwen2.5-7B-Instruct,ser.records,ser,intent.comparison,53,0.41509433962264153,0.41509433962264153,0.0,0.011037527593818985,-0.011037527593818985,0.09433962264150944,0.09433962264150944,0.8113207547169812
sqa,Qwen/Qwen2.5-7B-Instruct,ser.records,ser,intent.count,168,0.5952380952380952,0.6309523809523809,0.03571428571428571,0.011037527593818985,0.024676758120466727,0.06547619047619048,0.02976190476190476,0.9047619047619048
sqa,Qwen/Qwen2.5-7B-Instruct,ser.records,ser,intent.negation_marker,91,0.4725274725274725,0.4725274725274725,0.0,0.011037527593818985,-0.011037527593818985,0.0989010989010989,0.0989010989010989,0.8021978021978022
sqa,Qwen/Qwen2.5-7B-Instruct,ser.records,ser,intent.superlative_rank,321,0.6105919003115264,0.6417445482866043,0.03115264797507788,0.011037527593818985,0.020115120381258896,0.09345794392523364,0.06230529595015576,0.8442367601246106
sqa,Qwen/Qwen2.5-7B-Instruct,ser.records,ser,intent.temporal,395,0.6177215189873417,0.6354430379746835,0.017721518987341773,0.011037527593818985,0.0066839913935227875,0.06329113924050633,0.04556962025316456,0.8911392405063291
sqa,Qwen/Qwen2.5-7B-Instruct,ser.records,ser,schema.has_date_col,962,0.6444906444906445,0.6548856548856549,0.010395010395010396,0.011037527593818985,-0.0006425171988085898,0.08212058212058213,0.07172557172557173,0.8461538461538461
sqa,Qwen/Qwen2.5-7B-Instruct,ser.records,ser,schema.has_rank_col,957,0.6405433646812957,0.6635318704284221,0.022988505747126436,0.011037527593818985,0.011950978153307451,0.08463949843260188,0.06165099268547544,0.8537095088819227
sqa,Qwen/Qwen2.5-7B-Instruct,ser.records,ser,schema.has_score_col,410,0.6390243902439025,0.6634146341463415,0.024390243902439025,0.011037527593818985,0.01335271630862004,0.09268292682926829,0.06829268292682927,0.8390243902439024
sqa,Qwen/Qwen2.5-7B-Instruct,ser.records,ser,schema.has_unit_col,238,0.6932773109243697,0.6428571428571429,-0.05042016806722689,0.011037527593818985,-0.06145769566104588,0.037815126050420166,0.08823529411764706,0.8739495798319328
sqa,Qwen/Qwen2.5-7B-Instruct,ser.records,ser,schema.header_repetition_marker,51,0.6274509803921569,0.5882352941176471,-0.0392156862745098,0.011037527593818985,-0.05025321386832879,0.0196078431372549,0.058823529411764705,0.9215686274509803
sqa,Qwen/Qwen2.5-7B-Instruct,ser.records,ser,table.cols_bin=0_3,7,0.42857142857142855,0.42857142857142855,0.0,0.011037527593818985,-0.011037527593818985,0.14285714285714285,0.14285714285714285,0.7142857142857143
sqa,Qwen/Qwen2.5-7B-Instruct,ser.records,ser,table.cols_bin=4_6,1633,0.640538885486834,0.646050214329455,0.005511328842620943,0.011037527593818985,-0.0055261987511980425,0.08083282302510716,0.07532149418248622,0.8438456827924066
sqa,Qwen/Qwen2.5-7B-Instruct,ser.records,ser,table.cols_bin=7_10,625,0.6528,0.6784,0.0256,0.011037527593818985,0.014562472406181016,0.0816,0.056,0.8624
sqa,Qwen/Qwen2.5-7B-Instruct,ser.records,ser,table.numeric_cols_bin=0,382,0.6858638743455497,0.6544502617801047,-0.031413612565445025,0.011037527593818985,-0.04245114015926401,0.05235602094240838,0.08376963350785341,0.8638743455497382
sqa,Qwen/Qwen2.5-7B-Instruct,ser.records,ser,table.numeric_cols_bin=1,930,0.632258064516129,0.6698924731182796,0.03763440860215054,0.011037527593818985,0.026596881008331553,0.0913978494623656,0.053763440860215055,0.8548387096774194
sqa,Qwen/Qwen2.5-7B-Instruct,ser.records,ser,table.numeric_cols_bin=2_3,492,0.6666666666666666,0.6646341463414634,-0.0020325203252032522,0.011037527593818985,-0.013070047919022238,0.07520325203252033,0.07723577235772358,0.8475609756097561
sqa,Qwen/Qwen2.5-7B-Instruct,ser.records,ser,table.numeric_cols_bin=ge_4,461,0.6052060737527115,0.6117136659436009,0.006507592190889371,0.011037527593818985,-0.004529935402929615,0.0911062906724512,0.08459869848156182,0.824295010845987
sqa,Qwen/Qwen2.5-7B-Instruct,ser.records,ser,table.numeric_density_bin=high,470,0.5957446808510638,0.6085106382978723,0.01276595744680851,0.011037527593818985,0.0017284298529895246,0.09787234042553192,0.0851063829787234,0.8170212765957446
sqa,Qwen/Qwen2.5-7B-Instruct,ser.records,ser,table.numeric_density_bin=low,830,0.6397590361445783,0.6759036144578313,0.03614457831325301,0.011037527593818985,0.025107050719434025,0.09156626506024096,0.05542168674698795,0.8530120481927711
sqa,Qwen/Qwen2.5-7B-Instruct,ser.records,ser,table.numeric_density_bin=mid,583,0.6586620926243568,0.660377358490566,0.0017152658662092624,0.011037527593818985,-0.009322261727609723,0.07204116638078903,0.07032590051457976,0.8576329331046312
sqa,Qwen/Qwen2.5-7B-Instruct,ser.records,ser,table.numeric_density_bin=none,382,0.6858638743455497,0.6544502617801047,-0.031413612565445025,0.011037527593818985,-0.04245114015926401,0.05235602094240838,0.08376963350785341,0.8638743455497382
sqa,Qwen/Qwen2.5-7B-Instruct,ser.records,ser,table.rows_bin=11_25,1240,0.6346774193548387,0.635483870967742,0.0008064516129032258,0.011037527593818985,-0.01023107598091576,0.08629032258064516,0.08548387096774193,0.8282258064516129
sqa,Qwen/Qwen2.5-7B-Instruct,ser.records,ser,table.rows_bin=26_50,131,0.6259541984732825,0.6183206106870229,-0.007633587786259542,0.011037527593818985,-0.018671115380078526,0.03816793893129771,0.04580152671755725,0.916030534351145
sqa,Qwen/Qwen2.5-7B-Instruct,ser.records,ser,table.rows_bin=6_10,894,0.6577181208053692,0.685682326621924,0.02796420581655481,0.011037527593818985,0.016926678222735823,0.08053691275167785,0.052572706935123045,0.8668903803131991
sqa,Qwen/Qwen2.5-7B-Instruct,ser.records,ser,table.shape=balanced,1282,0.641185647425897,0.6357254290171607,-0.00546021840873635,0.011037527593818985,-0.016497746002555335,0.08034321372854915,0.08580343213728549,0.8338533541341654
sqa,Qwen/Qwen2.5-7B-Instruct,ser.records,ser,table.shape=wide,983,0.6459816887080366,0.6785350966429298,0.03255340793489318,0.011037527593818985,0.021515880341074198,0.08240081383519837,0.04984740590030519,0.8677517802644964
sqa,Qwen/Qwen2.5-7B-Instruct,ser.records,ser,text.has_number,480,0.5604166666666667,0.58125,0.020833333333333332,0.011037527593818985,0.009795805739514347,0.075,0.05416666666666667,0.8708333333333333
sqa,Qwen/Qwen2.5-7B-Instruct,ser.records,ser,text.has_ordinal,79,0.5569620253164557,0.6455696202531646,0.08860759493670886,0.011037527593818985,0.07757006734288988,0.12658227848101267,0.0379746835443038,0.8354430379746836
sqa,Qwen/Qwen2.5-7B-Instruct,ser.records,ser,text.has_quoted_span,5,0.8,0.8,0.0,0.011037527593818985,-0.011037527593818985,0.0,0.0,1.0
sqa,Qwen/Qwen2.5-7B-Instruct,ser.records,ser,text.has_year,209,0.5645933014354066,0.6028708133971292,0.03827751196172249,0.011037527593818985,0.0272399843679035,0.0861244019138756,0.04784688995215311,0.8660287081339713
tab_fact,Qwen/Qwen2.5-7B-Instruct,ctx.stats,ctx,cell.has_date_like,10072,0.7901111993645751,0.795373312152502,0.005262112787926926,0.008520950594121326,-0.0032588378061944,0.08627879269261318,0.08101667990468626,0.8327045274027005
tab_fact,Qwen/Qwen2.5-7B-Instruct,ctx.stats,ctx,cell.has_numeric_range,4618,0.7784755305326981,0.7836725855348636,0.00519705500216544,0.008520950594121326,-0.0033238955919558865,0.0887830229536596,0.08358596795149416,0.8276310090948462
tab_fact,Qwen/Qwen2.5-7B-Instruct,ctx.stats,ctx,cell.has_percent,319,0.8432601880877743,0.8557993730407524,0.012539184952978056,0.008520950594121326,0.00401823435885673,0.08150470219435736,0.06896551724137931,0.8495297805642633
tab_fact,Qwen/Qwen2.5-7B-Instruct,ctx.stats,ctx,cell.has_score_surface,4476,0.7801608579088471,0.7828418230563002,0.002680965147453083,0.008520950594121326,-0.005839985446668243,0.08690795352993744,0.08422698838248437,0.8288650580875782
tab_fact,Qwen/Qwen2.5-7B-Instruct,ctx.stats,ctx,cell.missing_value_marker,611,0.7937806873977087,0.7692307692307693,-0.024549918166939442,0.008520950594121326,-0.033070868761060766,0.07855973813420622,0.10310965630114566,0.8183306055646481
tab_fact,Qwen/Qwen2.5-7B-Instruct,ctx.stats,ctx,grounding.cell_overlap,11804,0.796340223652999,0.8086241951880718,0.012283971535072857,0.008520950594121326,0.003763020940951531,0.08742799051169095,0.0751440189766181,0.8374279905116909
tab_fact,Qwen/Qwen2.5-7B-Instruct,ctx.stats,ctx,grounding.header_overlap,9837,0.8007522618684558,0.8105113347565315,0.009759072888075633,0.008520950594121326,0.0012381222939543066,0.08630680085391888,0.07654772796584325,0.8371454711802379
tab_fact,Qwen/Qwen2.5-7B-Instruct,ctx.stats,ctx,intent.aggregate_noncount,674,0.7804154302670623,0.8011869436201781,0.020771513353115726,0.008520950594121326,0.0122505627589944,0.08456973293768547,0.06379821958456973,0.8516320474777448
tab_fact,Qwen/Qwen2.5-7B-Instruct,ctx.stats,ctx,intent.arithmetic,127,0.7244094488188977,0.8031496062992126,0.07874015748031496,0.008520950594121326,0.07021920688619364,0.13385826771653545,0.05511811023622047,0.8110236220472441
tab_fact,Qwen/Qwen2.5-7B-Instruct,ctx.stats,ctx,intent.comparison,891,0.7721661054994389,0.7732884399551067,0.001122334455667789,0.008520950594121326,-0.007398616138453537,0.08529741863075196,0.08417508417508418,0.8305274971941639
tab_fact,Qwen/Qwen2.5-7B-Instruct,ctx.stats,ctx,intent.count,373,0.7587131367292225,0.806970509383378,0.04825737265415549,0.008520950594121326,0.039736422060034166,0.1126005361930295,0.064343163538874,0.8230563002680965
tab_fact,Qwen/Qwen2.5-7B-Instruct,ctx.stats,ctx,intent.negation_marker,785,0.7286624203821656,0.7171974522292993,-0.011464968152866241,0.008520950594121326,-0.019985918746987567,0.11464968152866242,0.12611464968152866,0.759235668789809
tab_fact,Qwen/Qwen2.5-7B-Instruct,ctx.stats,ctx,intent.superlative_rank,2561,0.7582975400234283,0.7828973057399453,0.024599765716516987,0.008520950594121326,0.01607881512239566,0.11206559937524405,0.08746583365872707,0.8004685669660289
tab_fact,Qwen/Qwen2.5-7B-Instruct,ctx.stats,ctx,intent.temporal,5601,0.7784324227816461,0.7886091769326906,0.010176754151044456,0.008520950594121326,0.00165580355692313,0.08873415461524728,0.07855740046420281,0.8327084449205499
tab_fact,Qwen/Qwen2.5-7B-Instruct,ctx.stats,ctx,schema.has_date_col,7357,0.7822481989941552,0.7897240723120837,0.007475873317928503,0.008520950594121326,-0.0010450772761928231,0.08821530515155634,0.08073943183362783,0.8310452630148158
tab_fact,Qwen/Qwen2.5-7B-Instruct,ctx.stats,ctx,schema.has_rank_col,3125,0.80672,0.81312,0.0064,0.008520950594121326,-0.002120950594121326,0.07936,0.07296,0.84768
tab_fact,Qwen/Qwen2.5-7B-Instruct,ctx.stats,ctx,schema.has_score_col,5946,0.7835519677093845,0.7820383451059536,-0.0015136226034308778,0.008520950594121326,-0.010034573197552204,0.08425832492431887,0.08577194752774975,0.8299697275479314
tab_fact,Qwen/Qwen2.5-7B-Instruct,ctx.stats,ctx,schema.has_unit_col,695,0.8129496402877698,0.8287769784172662,0.015827338129496403,0.008520950594121326,0.007306387535375077,0.09496402877697842,0.07913669064748201,0.8258992805755395
tab_fact,Qwen/Qwen2.5-7B-Instruct,ctx.stats,ctx,schema.header_repetition_marker,13,0.5384615384615384,0.9230769230769231,0.38461538461538464,0.008520950594121326,0.3760944340212633,0.38461538461538464,0.0,0.6153846153846154
tab_fact,Qwen/Qwen2.5-7B-Instruct,ctx.stats,ctx,table.cols_bin=4_6,8636,0.7897174617878647,0.7958545622973598,0.0061371005094951366,0.008520950594121326,-0.0023838500846261896,0.0856878184344604,0.07955071792496526,0.8347614636405744
tab_fact,Qwen/Qwen2.5-7B-Instruct,ctx.stats,ctx,table.cols_bin=7_10,3920,0.7966836734693877,0.8063775510204082,0.009693877551020408,0.008520950594121326,0.001172926956899082,0.08852040816326531,0.0788265306122449,0.8326530612244898
tab_fact,Qwen/Qwen2.5-7B-Instruct,ctx.stats,ctx,table.cols_bin=gt_10,236,0.75,0.826271186440678,0.07627118644067797,0.008520950594121326,0.06775023584655665,0.1271186440677966,0.05084745762711865,0.8220338983050848
tab_fact,Qwen/Qwen2.5-7B-Instruct,ctx.stats,ctx,table.numeric_cols_bin=0,2679,0.7719298245614035,0.7775289287047406,0.005599104143337066,0.008520950594121326,-0.0029218464507842603,0.09630459126539753,0.09070548712206047,0.812989921612542
tab_fact,Qwen/Qwen2.5-7B-Instruct,ctx.stats,ctx,table.numeric_cols_bin=1,4940,0.7959514170040486,0.8022267206477732,0.006275303643724696,0.008520950594121326,-0.00224564695039663,0.0860323886639676,0.07975708502024291,0.8342105263157895
tab_fact,Qwen/Qwen2.5-7B-Instruct,ctx.stats,ctx,table.numeric_cols_bin=2_3,3421,0.7991815258696288,0.8091201403098509,0.009938614440222157,0.008520950594121326,0.0014176638461008313,0.07892429114294067,0.0689856767027185,0.8520900321543409
tab_fact,Qwen/Qwen2.5-7B-Instruct,ctx.stats,ctx,table.numeric_cols_bin=ge_4,1752,0.791095890410959,0.807648401826484,0.016552511415525113,0.008520950594121326,0.008031560821403787,0.09360730593607305,0.07705479452054795,0.829337899543379
tab_fact,Qwen/Qwen2.5-7B-Instruct,ctx.stats,ctx,table.numeric_density_bin=high,1884,0.7940552016985138,0.8089171974522293,0.014861995753715499,0.008520950594121326,0.006341045159594173,0.0870488322717622,0.07218683651804671,0.8407643312101911
tab_fact,Qwen/Qwen2.5-7B-Instruct,ctx.stats,ctx,table.numeric_density_bin=low,5002,0.7956817273090764,0.8024790083966413,0.006797281087564974,0.008520950594121326,-0.0017236695065563521,0.08616553378648541,0.07936825269892044,0.8344662135145942
tab_fact,Qwen/Qwen2.5-7B-Instruct,ctx.stats,ctx,table.numeric_density_bin=mid,3227,0.7982646420824295,0.8081809730399752,0.009916330957545709,0.008520950594121326,0.0013953803634243825,0.08180973039975209,0.07189339944220638,0.8462968701580416
tab_fact,Qwen/Qwen2.5-7B-Instruct,ctx.stats,ctx,table.numeric_density_bin=none,2679,0.7719298245614035,0.7775289287047406,0.005599104143337066,0.008520950594121326,-0.0029218464507842603,0.09630459126539753,0.09070548712206047,0.812989921612542
tab_fact,Qwen/Qwen2.5-7B-Instruct,ctx.stats,ctx,table.rows_bin=0_5,1255,0.8270916334661355,0.8087649402390438,-0.018326693227091632,0.008520950594121326,-0.026847643821212956,0.0653386454183267,0.08366533864541832,0.850996015936255
tab_fact,Qwen/Qwen2.5-7B-Instruct,ctx.stats,ctx,table.rows_bin=11_25,5076,0.7901891252955082,0.7990543735224587,0.008865248226950355,0.008520950594121326,0.0003442976328290291,0.08924349881796691,0.08037825059101655,0.8303782505910166
tab_fact,Qwen/Qwen2.5-7B-Instruct,ctx.stats,ctx,table.rows_bin=26_50,1533,0.7455968688845401,0.7619047619047619,0.016307893020221786,0.008520950594121326,0.00778694242610046,0.10371819960861056,0.08741030658838878,0.8088714938030006
tab_fact,Qwen/Qwen2.5-7B-Instruct,ctx.stats,ctx,table.rows_bin=6_10,4928,0.797077922077922,0.8096590909090909,0.012581168831168832,0.008520950594121326,0.004060218237047506,0.08583603896103896,0.07325487012987013,0.8409090909090909
tab_fact,Qwen/Qwen2.5-7B-Instruct,ctx.stats,ctx,table.shape=balanced,5833,0.7731870392593863,0.7884450540030858,0.01525801474369964,0.008520950594121326,0.006737064149578314,0.09600548602777302,0.08074747128407338,0.8232470426881536
tab_fact,Qwen/Qwen2.5-7B-Instruct,ctx.stats,ctx,table.shape=wide,6959,0.8061503089524357,0.8090242850984337,0.0028739761459979883,0.008520950594121326,-0.005646974448123338,0.08004023566604397,0.07716625952004598,0.84279350481391
tab_fact,Qwen/Qwen2.5-7B-Instruct,ctx.stats,ctx,text.has_number,9725,0.7835475578406169,0.795784061696658,0.012236503856041131,0.008520950594121326,0.003715553261919805,0.0902827763496144,0.07804627249357327,0.8316709511568123
tab_fact,Qwen/Qwen2.5-7B-Instruct,ctx.stats,ctx,text.has_ordinal,1318,0.783763277693475,0.7943854324734446,0.010622154779969651,0.008520950594121326,0.002101204185848325,0.09484066767830046,0.08421851289833081,0.8209408194233687
tab_fact,Qwen/Qwen2.5-7B-Instruct,ctx.stats,ctx,text.has_quoted_span,79,0.810126582278481,0.8481012658227848,0.0379746835443038,0.008520950594121326,0.02945373295018247,0.0759493670886076,0.0379746835443038,0.8860759493670886
tab_fact,Qwen/Qwen2.5-7B-Instruct,ctx.stats,ctx,text.has_year,3385,0.7698670605612998,0.7858197932053176,0.015952732644017725,0.008520950594121326,0.007431782049896399,0.0895125553914328,0.07355982274741507,0.8369276218611521
tab_fact,Qwen/Qwen2.5-7B-Instruct,ctx.type,ctx,cell.has_date_like,10072,0.7901111993645751,0.7933876092136616,0.0032764098490865767,0.002892432770481551,0.0003839770786050259,0.057287529785544085,0.054011119936457505,0.8887013502779985
tab_fact,Qwen/Qwen2.5-7B-Instruct,ctx.type,ctx,cell.has_numeric_range,4618,0.7784755305326981,0.7843222174101343,0.00584668687743612,0.002892432770481551,0.002954254106954569,0.058683412732784754,0.05283672585534863,0.8884798614118666
tab_fact,Qwen/Qwen2.5-7B-Instruct,ctx.type,ctx,cell.has_percent,319,0.8432601880877743,0.8714733542319749,0.02821316614420063,0.002892432770481551,0.025320733373719078,0.05329153605015674,0.025078369905956112,0.9216300940438872
tab_fact,Qwen/Qwen2.5-7B-Instruct,ctx.type,ctx,cell.has_score_surface,4476,0.7801608579088471,0.7835120643431636,0.003351206434316354,0.002892432770481551,0.0004587736638348031,0.05719392314566577,0.053842716711349416,0.8889633601429848
tab_fact,Qwen/Qwen2.5-7B-Instruct,ctx.type,ctx,cell.missing_value_marker,611,0.7937806873977087,0.7839607201309329,-0.009819967266775777,0.002892432770481551,-0.012712400037257328,0.0425531914893617,0.05237315875613748,0.9050736497545008
tab_fact,Qwen/Qwen2.5-7B-Instruct,ctx.type,ctx,grounding.cell_overlap,11804,0.796340223652999,0.8007455099966113,0.004405286343612335,0.002892432770481551,0.0015128535731307844,0.05430362588952897,0.04989833954591664,0.8957980345645544
tab_fact,Qwen/Qwen2.5-7B-Instruct,ctx.type,ctx,grounding.header_overlap,9837,0.8007522618684558,0.8038019721459795,0.0030497102775236353,0.002892432770481551,0.00015727750704208447,0.053979871912168347,0.050930161634644706,0.895089966453187
tab_fact,Qwen/Qwen2.5-7B-Instruct,ctx.type,ctx,intent.aggregate_noncount,674,0.7804154302670623,0.7818991097922848,0.001483679525222552,0.002892432770481551,-0.0014087532452589989,0.06231454005934718,0.06083086053412463,0.8768545994065282
tab_fact,Qwen/Qwen2.5-7B-Instruct,ctx.type,ctx,intent.arithmetic,127,0.7244094488188977,0.7086614173228346,-0.015748031496062992,0.002892432770481551,-0.018640464266544542,0.047244094488188976,0.06299212598425197,0.889763779527559
tab_fact,Qwen/Qwen2.5-7B-Instruct,ctx.type,ctx,intent.comparison,891,0.7721661054994389,0.7744107744107744,0.002244668911335578,0.002892432770481551,-0.0006477638591459727,0.05387205387205387,0.051627384960718295,0.8945005611672279
tab_fact,Qwen/Qwen2.5-7B-Instruct,ctx.type,ctx,intent.count,373,0.7587131367292225,0.774798927613941,0.0160857908847185,0.002892432770481551,0.013193358114236949,0.08579088471849866,0.06970509383378017,0.8445040214477212
tab_fact,Qwen/Qwen2.5-7B-Instruct,ctx.type,ctx,intent.negation_marker,785,0.7286624203821656,0.7337579617834394,0.005095541401273885,0.002892432770481551,0.0022031086307923342,0.07006369426751592,0.06496815286624204,0.8649681528662421
tab_fact,Qwen/Qwen2.5-7B-Instruct,ctx.type,ctx,intent.superlative_rank,2561,0.7582975400234283,0.7711831315892229,0.012885591565794611,0.002892432770481551,0.00999315879531306,0.07379929714955095,0.06091370558375635,0.8652869972666927
tab_fact,Qwen/Qwen2.5-7B-Instruct,ctx.type,ctx,intent.temporal,5601,0.7784324227816461,0.788073558293162,0.0096411355115158,0.002892432770481551,0.00674870274103425,0.061774683092304945,0.05213354758078915,0.8860917693269059
tab_fact,Qwen/Qwen2.5-7B-Instruct,ctx.type,ctx,schema.has_date_col,7357,0.7822481989941552,0.7853744732907435,0.003126274296588283,0.002892432770481551,0.00023384152610673222,0.05708848715509039,0.053962212858502105,0.8889492999864075
tab_fact,Qwen/Qwen2.5-7B-Instruct,ctx.type,ctx,schema.has_rank_col,3125,0.80672,0.81344,0.00672,0.002892432770481551,0.0038275672295184494,0.0544,0.04768,0.89792
tab_fact,Qwen/Qwen2.5-7B-Instruct,ctx.type,ctx,schema.has_score_col,5946,0.7835519677093845,0.7855701311806257,0.0020181634712411706,0.002892432770481551,-0.0008742692992403803,0.05617221661621258,0.05415405314497141,0.889673730238816
tab_fact,Qwen/Qwen2.5-7B-Instruct,ctx.type,ctx,schema.has_unit_col,695,0.8129496402877698,0.8100719424460432,-0.0028776978417266188,0.002892432770481551,-0.00577013061220817,0.060431654676258995,0.06330935251798561,0.8762589928057554
tab_fact,Qwen/Qwen2.5-7B-Instruct,ctx.type,ctx,schema.header_repetition_marker,13,0.5384615384615384,0.9230769230769231,0.38461538461538464,0.002892432770481551,0.38172295184490307,0.38461538461538464,0.0,0.6153846153846154
tab_fact,Qwen/Qwen2.5-7B-Instruct,ctx.type,ctx,table.cols_bin=4_6,8636,0.7897174617878647,0.7905280222325151,0.000810560444650301,0.002892432770481551,-0.00208187232583125,0.053381194997684116,0.05257063455303381,0.8940481704492821
tab_fact,Qwen/Qwen2.5-7B-Instruct,ctx.type,ctx,table.cols_bin=7_10,3920,0.7966836734693877,0.8020408163265306,0.005357142857142857,0.002892432770481551,0.0024647100866613063,0.05790816326530612,0.052551020408163264,0.8895408163265306
tab_fact,Qwen/Qwen2.5-7B-Instruct,ctx.type,ctx,table.cols_bin=gt_10,236,0.75,0.788135593220339,0.038135593220338986,0.002892432770481551,0.03524316044985743,0.0847457627118644,0.046610169491525424,0.8686440677966102
tab_fact,Qwen/Qwen2.5-7B-Instruct,ctx.type,ctx,table.numeric_cols_bin=0,2679,0.7719298245614035,0.7708100037327361,-0.0011198208286674132,0.002892432770481551,-0.004012253599148964,0.04180664427025009,0.0429264650989175,0.9152668906308324
tab_fact,Qwen/Qwen2.5-7B-Instruct,ctx.type,ctx,table.numeric_cols_bin=1,4940,0.7959514170040486,0.7910931174089069,-0.004858299595141701,0.002892432770481551,-0.007750732365623252,0.053643724696356275,0.05850202429149798,0.8878542510121458
tab_fact,Qwen/Qwen2.5-7B-Instruct,ctx.type,ctx,table.numeric_cols_bin=2_3,3421,0.7991815258696288,0.8076585793627594,0.008477053493130663,0.002892432770481551,0.005584620722649113,0.05817012569424145,0.049693072201110786,0.8921368021046477
tab_fact,Qwen/Qwen2.5-7B-Instruct,ctx.type,ctx,table.numeric_cols_bin=ge_4,1752,0.791095890410959,0.8110730593607306,0.01997716894977169,0.002892432770481551,0.017084736179290138,0.07534246575342465,0.055365296803652965,0.8692922374429224
tab_fact,Qwen/Qwen2.5-7B-Instruct,ctx.type,ctx,table.numeric_density_bin=high,1884,0.7940552016985138,0.8073248407643312,0.01326963906581741,0.002892432770481551,0.01037720629533586,0.06794055201698514,0.05467091295116773,0.8773885350318471
tab_fact,Qwen/Qwen2.5-7B-Instruct,ctx.type,ctx,table.numeric_density_bin=low,5002,0.7956817273090764,0.7912834866053579,-0.004398240703718513,0.002892432770481551,-0.007290673474200064,0.05357856857257097,0.05797680927628948,0.8884446221511395
tab_fact,Qwen/Qwen2.5-7B-Instruct,ctx.type,ctx,table.numeric_density_bin=mid,3227,0.7982646420824295,0.8097303997520917,0.011465757669662225,0.002892432770481551,0.008573324899180675,0.061977068484660676,0.05051131081499845,0.8875116207003408
tab_fact,Qwen/Qwen2.5-7B-Instruct,ctx.type,ctx,table.numeric_density_bin=none,2679,0.7719298245614035,0.7708100037327361,-0.0011198208286674132,0.002892432770481551,-0.004012253599148964,0.04180664427025009,0.0429264650989175,0.9152668906308324
tab_fact,Qwen/Qwen2.5-7B-Instruct,ctx.type,ctx,table.rows_bin=0_5,1255,0.8270916334661355,0.8270916334661355,0.0,0.002892432770481551,-0.002892432770481551,0.03266932270916335,0.03266932270916335,0.9346613545816733
tab_fact,Qwen/Qwen2.5-7B-Instruct,ctx.type,ctx,table.rows_bin=11_25,5076,0.7901891252955082,0.7947202521670607,0.004531126871552403,0.002892432770481551,0.0016386941010708522,0.06126871552403467,0.05673758865248227,0.8819936958234831
tab_fact,Qwen/Qwen2.5-7B-Instruct,ctx.type,ctx,table.rows_bin=26_50,1533,0.7455968688845401,0.7397260273972602,-0.005870841487279843,0.002892432770481551,-0.008763274257761394,0.06523157208088715,0.07110241356816699,0.8636660143509458
tab_fact,Qwen/Qwen2.5-7B-Instruct,ctx.type,ctx,table.rows_bin=6_10,4928,0.797077922077922,0.8017451298701299,0.004667207792207792,0.002892432770481551,0.0017747750217262412,0.05194805194805195,0.04728084415584415,0.9007711038961039
tab_fact,Qwen/Qwen2.5-7B-Instruct,ctx.type,ctx,table.shape=balanced,5833,0.7731870392593863,0.7797016972398423,0.006514657980456026,0.002892432770481551,0.0036222252099744755,0.06377507286130636,0.05726041488085033,0.8789645122578433
tab_fact,Qwen/Qwen2.5-7B-Instruct,ctx.type,ctx,table.shape=wide,6959,0.8061503089524357,0.8060066101451357,-0.00014369880729989942,0.002892432770481551,-0.0030361315777814504,0.048282799252766205,0.0484264980600661,0.9032907026871677
tab_fact,Qwen/Qwen2.5-7B-Instruct,ctx.type,ctx,text.has_number,9725,0.7835475578406169,0.7884832904884319,0.00493573264781491,0.002892432770481551,0.0020432998773333593,0.05820051413881748,0.05326478149100257,0.8885347043701799
tab_fact,Qwen/Qwen2.5-7B-Instruct,ctx.type,ctx,text.has_ordinal,1318,0.783763277693475,0.7928679817905918,0.009104704097116844,0.002892432770481551,0.006212271326635294,0.06449165402124431,0.05538694992412747,0.8801213960546282
tab_fact,Qwen/Qwen2.5-7B-Instruct,ctx.type,ctx,text.has_quoted_span,79,0.810126582278481,0.8481012658227848,0.0379746835443038,0.002892432770481551,0.035082250773822245,0.0379746835443038,0.0,0.9620253164556962
tab_fact,Qwen/Qwen2.5-7B-Instruct,ctx.type,ctx,text.has_year,3385,0.7698670605612998,0.7884785819793205,0.01861152141802068,0.002892432770481551,0.01571908864753913,0.06853766617429838,0.0499261447562777,0.8815361890694239
tab_fact,Qwen/Qwen2.5-7B-Instruct,format.json,format,cell.has_date_like,10072,0.7901111993645751,0.7803812549642574,-0.009729944400317712,-0.00398686679174484,-0.005743077608572872,0.08697378872120731,0.09670373312152503,0.8163224781572677
tab_fact,Qwen/Qwen2.5-7B-Instruct,format.json,format,cell.has_numeric_range,4618,0.7784755305326981,0.7719792117799913,-0.0064963187527068,-0.00398686679174484,-0.0025094519609619595,0.09549588566478995,0.10199220441749675,0.8025119099177133
tab_fact,Qwen/Qwen2.5-7B-Instruct,format.json,format,cell.has_percent,319,0.8432601880877743,0.8557993730407524,0.012539184952978056,-0.00398686679174484,0.016526051744722894,0.07523510971786834,0.06269592476489028,0.8620689655172413
tab_fact,Qwen/Qwen2.5-7B-Instruct,format.json,format,cell.has_score_surface,4476,0.7801608579088471,0.7734584450402144,-0.006702412868632708,-0.00398686679174484,-0.0027155460768878677,0.09159964253798034,0.09830205540661305,0.8100983020554066
tab_fact,Qwen/Qwen2.5-7B-Instruct,format.json,format,cell.missing_value_marker,611,0.7937806873977087,0.7463175122749591,-0.04746317512274959,-0.00398686679174484,-0.04347630833100475,0.07201309328968904,0.11947626841243862,0.8085106382978723
tab_fact,Qwen/Qwen2.5-7B-Instruct,format.json,format,grounding.cell_overlap,11804,0.796340223652999,0.7951541850220264,-0.0011860386309725517,-0.00398686679174484,0.0028008281607722887,0.08869874618773298,0.08988478481870553,0.8214164689935615
tab_fact,Qwen/Qwen2.5-7B-Instruct,format.json,format,grounding.header_overlap,9837,0.8007522618684558,0.796381010470672,-0.0043712513977838775,-0.00398686679174484,-0.0003843846060390373,0.08742502795567754,0.09179627935346142,0.820778692690861
tab_fact,Qwen/Qwen2.5-7B-Instruct,format.json,format,intent.aggregate_noncount,674,0.7804154302670623,0.7848664688427299,0.004451038575667656,-0.00398686679174484,0.008437905367412495,0.10534124629080119,0.10089020771513353,0.7937685459940653
tab_fact,Qwen/Qwen2.5-7B-Instruct,format.json,format,intent.arithmetic,127,0.7244094488188977,0.8110236220472441,0.08661417322834646,-0.00398686679174484,0.0906010400200913,0.16535433070866143,0.07874015748031496,0.7559055118110236
tab_fact,Qwen/Qwen2.5-7B-Instruct,format.json,format,intent.comparison,891,0.7721661054994389,0.7620650953984287,-0.010101010101010102,-0.00398686679174484,-0.006114143309265262,0.10437710437710437,0.11447811447811448,0.7811447811447811
tab_fact,Qwen/Qwen2.5-7B-Instruct,format.json,format,intent.count,373,0.7587131367292225,0.7587131367292225,0.0,-0.00398686679174484,0.00398686679174484,0.10455764075067024,0.10455764075067024,0.7908847184986595
tab_fact,Qwen/Qwen2.5-7B-Instruct,format.json,format,intent.negation_marker,785,0.7286624203821656,0.7312101910828025,0.0025477707006369425,-0.00398686679174484,0.006534637492381782,0.12738853503184713,0.12484076433121019,0.7477707006369426
tab_fact,Qwen/Qwen2.5-7B-Instruct,format.json,format,intent.superlative_rank,2561,0.7582975400234283,0.7547832877782117,-0.003514252245216712,-0.00398686679174484,0.000472614546528128,0.10464662241311988,0.10816087465833658,0.7871925029285436
tab_fact,Qwen/Qwen2.5-7B-Instruct,format.json,format,intent.temporal,5601,0.7784324227816461,0.7746830923049456,-0.003749330476700589,-0.00398686679174484,0.0002375363150442511,0.09230494554543832,0.09605427602213891,0.8116407784324228
tab_fact,Qwen/Qwen2.5-7B-Instruct,format.json,format,schema.has_date_col,7357,0.7822481989941552,0.7743645507679761,-0.007883648226179148,-0.00398686679174484,-0.003896781434434308,0.08943862987630828,0.09732227810248743,0.8132390920212043
tab_fact,Qwen/Qwen2.5-7B-Instruct,format.json,format,schema.has_rank_col,3125,0.80672,0.79264,-0.01408,-0.00398686679174484,-0.01009313320825516,0.07744,0.09152,0.83104
tab_fact,Qwen/Qwen2.5-7B-Instruct,format.json,format,schema.has_score_col,5946,0.7835519677093845,0.7749747729566094,-0.008577194752774974,-0.00398686679174484,-0.004590327961030134,0.08728557013118063,0.0958627648839556,0.8168516649848637
tab_fact,Qwen/Qwen2.5-7B-Instruct,format.json,format,schema.has_unit_col,695,0.8129496402877698,0.8215827338129497,0.008633093525179856,-0.00398686679174484,0.012619960316924696,0.08345323741007195,0.07482014388489208,0.841726618705036
tab_fact,Qwen/Qwen2.5-7B-Instruct,format.json,format,schema.header_repetition_marker,13,0.5384615384615384,0.6923076923076923,0.15384615384615385,-0.00398686679174484,0.1578330206378987,0.23076923076923078,0.07692307692307693,0.6923076923076923
tab_fact,Qwen/Qwen2.5-7B-Instruct,format.json,format,table.cols_bin=4_6,8636,0.7897174617878647,0.784854099119963,-0.004863362667901806,-0.00398686679174484,-0.0008764958761569661,0.08823529411764706,0.09309865678554886,0.8186660490968041
tab_fact,Qwen/Qwen2.5-7B-Instruct,format.json,format,table.cols_bin=7_10,3920,0.7966836734693877,0.7954081632653062,-0.0012755102040816326,-0.00398686679174484,0.002711356587663208,0.0913265306122449,0.09260204081632653,0.8160714285714286
tab_fact,Qwen/Qwen2.5-7B-Instruct,format.json,format,table.cols_bin=gt_10,236,0.75,0.7330508474576272,-0.01694915254237288,-0.00398686679174484,-0.012962285750628041,0.11016949152542373,0.1271186440677966,0.7627118644067796
tab_fact,Qwen/Qwen2.5-7B-Instruct,format.json,format,table.numeric_cols_bin=0,2679,0.7719298245614035,0.7752892870474057,0.0033594624860022394,-0.00398686679174484,0.007346329277747079,0.1022769690182904,0.09891750653228817,0.7988055244494214
tab_fact,Qwen/Qwen2.5-7B-Instruct,format.json,format,table.numeric_cols_bin=1,4940,0.7959514170040486,0.7829959514170041,-0.012955465587044534,-0.00398686679174484,-0.008968598795299694,0.08137651821862348,0.09433198380566801,0.8242914979757086
tab_fact,Qwen/Qwen2.5-7B-Instruct,format.json,format,table.numeric_cols_bin=2_3,3421,0.7991815258696288,0.7991815258696288,0.0,-0.00398686679174484,0.00398686679174484,0.08535515931014323,0.08535515931014323,0.8292896813797135
tab_fact,Qwen/Qwen2.5-7B-Instruct,format.json,format,table.numeric_cols_bin=ge_4,1752,0.791095890410959,0.79337899543379,0.00228310502283105,-0.00398686679174484,0.00626997181457589,0.10159817351598173,0.09931506849315068,0.7990867579908676
tab_fact,Qwen/Qwen2.5-7B-Instruct,format.json,format,table.numeric_density_bin=high,1884,0.7940552016985138,0.8020169851380042,0.007961783439490446,-0.00398686679174484,0.011948650231235286,0.09819532908704884,0.09023354564755838,0.8115711252653928
tab_fact,Qwen/Qwen2.5-7B-Instruct,format.json,format,table.numeric_density_bin=low,5002,0.7956817273090764,0.7832866853258696,-0.012395041983206718,-0.00398686679174484,-0.008408175191461878,0.08136745301879249,0.0937624950019992,0.8248700519792083
tab_fact,Qwen/Qwen2.5-7B-Instruct,format.json,format,table.numeric_density_bin=mid,3227,0.7982646420824295,0.7942361326309265,-0.004028509451502944,-0.00398686679174484,-4.164265975810377e-05,0.08676789587852494,0.09079640533002789,0.8224356987914472
tab_fact,Qwen/Qwen2.5-7B-Instruct,format.json,format,table.numeric_density_bin=none,2679,0.7719298245614035,0.7752892870474057,0.0033594624860022394,-0.00398686679174484,0.007346329277747079,0.1022769690182904,0.09891750653228817,0.7988055244494214
tab_fact,Qwen/Qwen2.5-7B-Instruct,format.json,format,table.rows_bin=0_5,1255,0.8270916334661355,0.8262948207171315,-0.0007968127490039841,-0.00398686679174484,0.0031900540427408563,0.062151394422310755,0.06294820717131475,0.8749003984063745
tab_fact,Qwen/Qwen2.5-7B-Instruct,format.json,format,table.rows_bin=11_25,5076,0.7901891252955082,0.77876280535855,-0.011426319936958234,-0.00398686679174484,-0.007439453145213394,0.09594168636721828,0.10736800630417652,0.7966903073286052
tab_fact,Qwen/Qwen2.5-7B-Instruct,format.json,format,table.rows_bin=26_50,1533,0.7455968688845401,0.7266797129810828,-0.018917155903457272,-0.00398686679174484,-0.014930289111712432,0.10176125244618395,0.12067840834964122,0.7775603392041748
tab_fact,Qwen/Qwen2.5-7B-Instruct,format.json,format,table.rows_bin=6_10,4928,0.797077922077922,0.804586038961039,0.007508116883116883,-0.00398686679174484,0.011494983674861722,0.08624188311688312,0.07873376623376624,0.8350243506493507
tab_fact,Qwen/Qwen2.5-7B-Instruct,format.json,format,table.shape=balanced,5833,0.7731870392593863,0.7632436139207954,-0.009943425338590777,-0.00398686679174484,-0.005956558546845937,0.09737699297102692,0.1073204183096177,0.7953025887193554
tab_fact,Qwen/Qwen2.5-7B-Instruct,format.json,format,table.shape=wide,6959,0.8061503089524357,0.807156200603535,0.0010058916510992959,-0.00398686679174484,0.004992758442844136,0.08305791061934185,0.08205201896824256,0.8348900704124156
tab_fact,Qwen/Qwen2.5-7B-Instruct,format.json,format,text.has_number,9725,0.7835475578406169,0.7835475578406169,0.0,-0.00398686679174484,0.00398686679174484,0.09213367609254498,0.09213367609254498,0.8157326478149101
tab_fact,Qwen/Qwen2.5-7B-Instruct,format.json,format,text.has_ordinal,1318,0.783763277693475,0.7845220030349014,0.0007587253414264037,-0.00398686679174484,0.004745592133171244,0.09711684370257967,0.09635811836115327,0.8065250379362671
tab_fact,Qwen/Qwen2.5-7B-Instruct,format.json,format,text.has_quoted_span,79,0.810126582278481,0.8227848101265823,0.012658227848101266,-0.00398686679174484,0.016645094639846106,0.08860759493670886,0.0759493670886076,0.8354430379746836
tab_fact,Qwen/Qwen2.5-7B-Instruct,format.json,format,text.has_year,3385,0.7698670605612998,0.7751846381093057,0.005317577548005908,-0.00398686679174484,0.009304444339750749,0.096602658788774,0.09128508124076809,0.8121122599704579
tab_fact,Qwen/Qwen2.5-7B-Instruct,reason.critique_revise,reason,cell.has_date_like,10072,0.7901111993645751,0.8002382843526609,0.010127084988085783,0.010944340212632896,-0.0008172552245471129,0.07962668784749802,0.06949960285941223,0.8508737092930898
tab_fact,Qwen/Qwen2.5-7B-Instruct,reason.critique_revise,reason,cell.has_numeric_range,4618,0.7784755305326981,0.7873538328280641,0.008878302295365958,0.010944340212632896,-0.0020660379172669375,0.08250324815937635,0.07362494586401039,0.8438718059766133
tab_fact,Qwen/Qwen2.5-7B-Instruct,reason.critique_revise,reason,cell.has_percent,319,0.8432601880877743,0.8401253918495298,-0.003134796238244514,0.010944340212632896,-0.01407913645087741,0.06269592476489028,0.06583072100313479,0.8714733542319749
tab_fact,Qwen/Qwen2.5-7B-Instruct,reason.critique_revise,reason,cell.has_score_surface,4476,0.7801608579088471,0.7890974084003575,0.008936550491510277,0.010944340212632896,-0.0020077897211226194,0.07975871313672922,0.07082216264521894,0.8494191242180519
tab_fact,Qwen/Qwen2.5-7B-Instruct,reason.critique_revise,reason,cell.missing_value_marker,611,0.7937806873977087,0.795417348608838,0.0016366612111292963,0.010944340212632896,-0.0093076790015036,0.07037643207855974,0.06873977086743044,0.8608837970540099
tab_fact,Qwen/Qwen2.5-7B-Instruct,reason.critique_revise,reason,grounding.cell_overlap,11804,0.796340223652999,0.8078617417824466,0.011521518129447645,0.010944340212632896,0.000577177916814749,0.0777702473737716,0.06624872924432396,0.8559810233819044
tab_fact,Qwen/Qwen2.5-7B-Instruct,reason.critique_revise,reason,grounding.header_overlap,9837,0.8007522618684558,0.8132560740063027,0.012503812137846905,0.010944340212632896,0.0015594719252140093,0.07817424011385585,0.06567042797600894,0.8561553319101352
tab_fact,Qwen/Qwen2.5-7B-Instruct,reason.critique_revise,reason,intent.aggregate_noncount,674,0.7804154302670623,0.7863501483679525,0.005934718100890208,0.010944340212632896,-0.005009622111742688,0.07863501483679525,0.07270029673590504,0.8486646884272997
tab_fact,Qwen/Qwen2.5-7B-Instruct,reason.critique_revise,reason,intent.arithmetic,127,0.7244094488188977,0.7559055118110236,0.031496062992125984,0.010944340212632896,0.02055172277949309,0.10236220472440945,0.07086614173228346,0.8267716535433071
tab_fact,Qwen/Qwen2.5-7B-Instruct,reason.critique_revise,reason,intent.comparison,891,0.7721661054994389,0.7833894500561167,0.01122334455667789,0.010944340212632896,0.00027900434404499325,0.09427609427609428,0.08305274971941638,0.8226711560044894
tab_fact,Qwen/Qwen2.5-7B-Instruct,reason.critique_revise,reason,intent.count,373,0.7587131367292225,0.7828418230563002,0.024128686327077747,0.010944340212632896,0.01318434611444485,0.0938337801608579,0.06970509383378017,0.8364611260053619
tab_fact,Qwen/Qwen2.5-7B-Instruct,reason.critique_revise,reason,intent.negation_marker,785,0.7286624203821656,0.7528662420382166,0.024203821656050957,0.010944340212632896,0.013259481443418061,0.1197452229299363,0.09554140127388536,0.7847133757961784
tab_fact,Qwen/Qwen2.5-7B-Instruct,reason.critique_revise,reason,intent.superlative_rank,2561,0.7582975400234283,0.7782116360796564,0.019914096056228035,0.010944340212632896,0.00896975584359514,0.09800859039437719,0.07809449433814916,0.8238969152674737
tab_fact,Qwen/Qwen2.5-7B-Instruct,reason.critique_revise,reason,intent.temporal,5601,0.7784324227816461,0.7927155865024103,0.01428316372076415,0.010944340212632896,0.0033388235081312535,0.0856989823245849,0.07141581860382075,0.8428851990715943
tab_fact,Qwen/Qwen2.5-7B-Instruct,reason.critique_revise,reason,schema.has_date_col,7357,0.7822481989941552,0.7943455212722577,0.012097322278102488,0.010944340212632896,0.0011529820654695919,0.08073943183362783,0.06864210955552535,0.8506184586108468
tab_fact,Qwen/Qwen2.5-7B-Instruct,reason.critique_revise,reason,schema.has_rank_col,3125,0.80672,0.8208,0.01408,0.010944340212632896,0.0031356597873671045,0.07552,0.06144,0.86304
tab_fact,Qwen/Qwen2.5-7B-Instruct,reason.critique_revise,reason,schema.has_score_col,5946,0.7835519677093845,0.7919609821728893,0.008409014463504878,0.010944340212632896,-0.002535325749128018,0.07769929364278506,0.06929027917928018,0.8530104271779347
tab_fact,Qwen/Qwen2.5-7B-Instruct,reason.critique_revise,reason,schema.has_unit_col,695,0.8129496402877698,0.814388489208633,0.0014388489208633094,0.010944340212632896,-0.009505491291769587,0.07050359712230216,0.06906474820143885,0.860431654676259
tab_fact,Qwen/Qwen2.5-7B-Instruct,reason.critique_revise,reason,schema.header_repetition_marker,13,0.5384615384615384,0.8461538461538461,0.3076923076923077,0.010944340212632896,0.2967479674796748,0.3076923076923077,0.0,0.6923076923076923
tab_fact,Qwen/Qwen2.5-7B-Instruct,reason.critique_revise,reason,table.cols_bin=4_6,8636,0.7897174617878647,0.798633626679018,0.008916164891153312,0.010944340212632896,-0.0020281753214795844,0.0778138026864289,0.0688976377952756,0.8532885595182955
tab_fact,Qwen/Qwen2.5-7B-Instruct,reason.critique_revise,reason,table.cols_bin=7_10,3920,0.7966836734693877,0.8096938775510204,0.013010204081632653,0.010944340212632896,0.002065863868999757,0.08214285714285714,0.06913265306122449,0.8487244897959184
tab_fact,Qwen/Qwen2.5-7B-Instruct,reason.critique_revise,reason,table.cols_bin=gt_10,236,0.75,0.8008474576271186,0.05084745762711865,0.010944340212632896,0.03990311741448575,0.1016949152542373,0.05084745762711865,0.847457627118644
tab_fact,Qwen/Qwen2.5-7B-Instruct,reason.critique_revise,reason,table.numeric_cols_bin=0,2679,0.7719298245614035,0.7760358342665173,0.004106009705113848,0.010944340212632896,-0.006838330507519048,0.08734602463605823,0.08324001493094438,0.8294139604329974
tab_fact,Qwen/Qwen2.5-7B-Instruct,reason.critique_revise,reason,table.numeric_cols_bin=1,4940,0.7959514170040486,0.8068825910931174,0.010931174089068825,0.010944340212632896,-1.3166123564070653e-05,0.07591093117408906,0.06497975708502024,0.8591093117408907
tab_fact,Qwen/Qwen2.5-7B-Instruct,reason.critique_revise,reason,table.numeric_cols_bin=2_3,3421,0.7991815258696288,0.8076585793627594,0.008477053493130663,0.010944340212632896,-0.002467286719502233,0.07307804735457468,0.06460099386144402,0.8623209587839813
tab_fact,Qwen/Qwen2.5-7B-Instruct,reason.critique_revise,reason,table.numeric_cols_bin=ge_4,1752,0.791095890410959,0.817351598173516,0.026255707762557076,0.010944340212632896,0.01531136754992418,0.09075342465753425,0.06449771689497717,0.8447488584474886
tab_fact,Qwen/Qwen2.5-7B-Instruct,reason.critique_revise,reason,table.numeric_density_bin=high,1884,0.7940552016985138,0.8168789808917197,0.022823779193205943,0.010944340212632896,0.011879438980573047,0.08386411889596602,0.061040339702760085,0.8550955414012739
tab_fact,Qwen/Qwen2.5-7B-Instruct,reason.critique_revise,reason,table.numeric_density_bin=low,5002,0.7956817273090764,0.8066773290683726,0.010995601759296281,0.010944340212632896,5.126154666338506e-05,0.07596961215513795,0.06497401039584166,0.8590563774490204
tab_fact,Qwen/Qwen2.5-7B-Instruct,reason.critique_revise,reason,table.numeric_density_bin=mid,3227,0.7982646420824295,0.8078710876975519,0.009606445615122404,0.010944340212632896,-0.0013378945975104917,0.07623179423613263,0.06662534862101023,0.8571428571428571
tab_fact,Qwen/Qwen2.5-7B-Instruct,reason.critique_revise,reason,table.numeric_density_bin=none,2679,0.7719298245614035,0.7760358342665173,0.004106009705113848,0.010944340212632896,-0.006838330507519048,0.08734602463605823,0.08324001493094438,0.8294139604329974
tab_fact,Qwen/Qwen2.5-7B-Instruct,reason.critique_revise,reason,table.rows_bin=0_5,1255,0.8270916334661355,0.8294820717131474,0.002390438247011952,0.010944340212632896,-0.008553901965620943,0.06135458167330677,0.05896414342629482,0.8796812749003984
tab_fact,Qwen/Qwen2.5-7B-Instruct,reason.critique_revise,reason,table.rows_bin=11_25,5076,0.7901891252955082,0.7992513790386131,0.009062253743104806,0.010944340212632896,-0.0018820864695280898,0.08490937746256895,0.07584712371946414,0.8392434988179669
tab_fact,Qwen/Qwen2.5-7B-Instruct,reason.critique_revise,reason,table.rows_bin=26_50,1533,0.7455968688845401,0.7566862361382909,0.011089367253750815,0.010944340212632896,0.0001450270411179188,0.09067188519243313,0.07958251793868232,0.8297455968688845
tab_fact,Qwen/Qwen2.5-7B-Instruct,reason.critique_revise,reason,table.rows_bin=6_10,4928,0.797077922077922,0.8120941558441559,0.015016233766233766,0.010944340212632896,0.00407189355360087,0.07528409090909091,0.060267857142857144,0.864448051948052
tab_fact,Qwen/Qwen2.5-7B-Instruct,reason.critique_revise,reason,table.shape=balanced,5833,0.7731870392593863,0.7841590948054175,0.010972055546031203,0.010944340212632896,2.7715333398306563e-05,0.08811932110406309,0.07714726555803189,0.8347334133379051
tab_fact,Qwen/Qwen2.5-7B-Instruct,reason.critique_revise,reason,table.shape=wide,6959,0.8061503089524357,0.8170714183072281,0.010921109354792355,0.010944340212632896,-2.3230857840540742e-05,0.0724241988791493,0.06150308952435695,0.8660727115964938
tab_fact,Qwen/Qwen2.5-7B-Instruct,reason.critique_revise,reason,text.has_number,9725,0.7835475578406169,0.7955784061696658,0.012030848329048844,0.010944340212632896,0.001086508116415948,0.0809254498714653,0.06889460154241646,0.8501799485861182
tab_fact,Qwen/Qwen2.5-7B-Instruct,reason.critique_revise,reason,text.has_ordinal,1318,0.783763277693475,0.7981790591805766,0.014415781487101669,0.010944340212632896,0.003471441274468773,0.09180576631259484,0.07738998482549317,0.830804248861912
tab_fact,Qwen/Qwen2.5-7B-Instruct,reason.critique_revise,reason,text.has_quoted_span,79,0.810126582278481,0.7848101265822784,-0.02531645569620253,0.010944340212632896,-0.03626079590883543,0.05063291139240506,0.0759493670886076,0.8734177215189873
tab_fact,Qwen/Qwen2.5-7B-Instruct,reason.critique_revise,reason,text.has_year,3385,0.7698670605612998,0.7867060561299852,0.016838995568685376,0.010944340212632896,0.0058946553560524795,0.08389955686853767,0.06706056129985229,0.84903988183161
tab_fact,Qwen/Qwen2.5-7B-Instruct,reason.decompose,reason,cell.has_date_like,10072,0.7901111993645751,0.7960683081810961,0.005957108816521049,0.010318949343339587,-0.004361840526818538,0.08091739475774425,0.0749602859412232,0.8441223193010325
tab_fact,Qwen/Qwen2.5-7B-Instruct,reason.decompose,reason,cell.has_numeric_range,4618,0.7784755305326981,0.7955825032481594,0.017106972715461237,0.010318949343339587,0.00678802337212165,0.08596795149415332,0.06886097877869207,0.8451710697271546
tab_fact,Qwen/Qwen2.5-7B-Instruct,reason.decompose,reason,cell.has_percent,319,0.8432601880877743,0.8307210031347962,-0.012539184952978056,0.010318949343339587,-0.022858134296317643,0.05642633228840126,0.06896551724137931,0.8746081504702194
tab_fact,Qwen/Qwen2.5-7B-Instruct,reason.decompose,reason,cell.has_score_surface,4476,0.7801608579088471,0.7949061662198391,0.014745308310991957,0.010318949343339587,0.00442635896765237,0.08668453976764968,0.07193923145665773,0.8413762287756926
tab_fact,Qwen/Qwen2.5-7B-Instruct,reason.decompose,reason,cell.missing_value_marker,611,0.7937806873977087,0.7708674304418985,-0.022913256955810146,0.010318949343339587,-0.03323220629914973,0.062193126022913256,0.0851063829787234,0.8527004909983633
tab_fact,Qwen/Qwen2.5-7B-Instruct,reason.decompose,reason,grounding.cell_overlap,11804,0.796340223652999,0.8062521179261267,0.009911894273127754,0.010318949343339587,-0.0004070550702118328,0.0801423246357167,0.07023043036258896,0.8496272450016943
tab_fact,Qwen/Qwen2.5-7B-Instruct,reason.decompose,reason,grounding.header_overlap,9837,0.8007522618684558,0.814069330080309,0.013317068211853206,0.010318949343339587,0.0029981188685136197,0.08091897936362712,0.06760191115177391,0.8514791094845989
tab_fact,Qwen/Qwen2.5-7B-Instruct,reason.decompose,reason,intent.aggregate_noncount,674,0.7804154302670623,0.787833827893175,0.00741839762611276,0.010318949343339587,-0.002900551717226827,0.07418397626112759,0.06676557863501484,0.8590504451038575
tab_fact,Qwen/Qwen2.5-7B-Instruct,reason.decompose,reason,intent.arithmetic,127,0.7244094488188977,0.7874015748031497,0.06299212598425197,0.010318949343339587,0.05267317664091238,0.11811023622047244,0.05511811023622047,0.8267716535433071
tab_fact,Qwen/Qwen2.5-7B-Instruct,reason.decompose,reason,intent.comparison,891,0.7721661054994389,0.7856341189674523,0.013468013468013467,0.010318949343339587,0.0031490641246738806,0.08866442199775533,0.07519640852974187,0.8361391694725028
tab_fact,Qwen/Qwen2.5-7B-Instruct,reason.decompose,reason,intent.count,373,0.7587131367292225,0.7801608579088471,0.021447721179624665,0.010318949343339587,0.011128771836285078,0.0938337801608579,0.07238605898123325,0.8337801608579088
tab_fact,Qwen/Qwen2.5-7B-Instruct,reason.decompose,reason,intent.negation_marker,785,0.7286624203821656,0.7248407643312101,-0.003821656050955414,0.010318949343339587,-0.014140605394295,0.10063694267515924,0.10445859872611465,0.7949044585987262
tab_fact,Qwen/Qwen2.5-7B-Instruct,reason.decompose,reason,intent.superlative_rank,2561,0.7582975400234283,0.7754783287778212,0.017180788754392814,0.010318949343339587,0.006861839411053228,0.09996095275283093,0.08278016399843811,0.817258883248731
tab_fact,Qwen/Qwen2.5-7B-Instruct,reason.decompose,reason,intent.temporal,5601,0.7784324227816461,0.7927155865024103,0.01428316372076415,0.010318949343339587,0.003964214377424563,0.08694875915015175,0.07266559542938761,0.8403856454204607
tab_fact,Qwen/Qwen2.5-7B-Instruct,reason.decompose,reason,schema.has_date_col,7357,0.7822481989941552,0.7946173712110914,0.012369172216936251,0.010318949343339587,0.0020502228735966646,0.08454533097730053,0.07217615876036428,0.8432785102623352
tab_fact,Qwen/Qwen2.5-7B-Instruct,reason.decompose,reason,schema.has_rank_col,3125,0.80672,0.80832,0.0016,0.010318949343339587,-0.008718949343339586,0.072,0.0704,0.8576
tab_fact,Qwen/Qwen2.5-7B-Instruct,reason.decompose,reason,schema.has_score_col,5946,0.7835519677093845,0.7938109653548604,0.010258997645475951,0.010318949343339587,-5.995169786363573e-05,0.08324924318869828,0.07299024554322234,0.8437605112680794
tab_fact,Qwen/Qwen2.5-7B-Instruct,reason.decompose,reason,schema.has_unit_col,695,0.8129496402877698,0.8215827338129497,0.008633093525179856,0.010318949343339587,-0.001685855818159731,0.07338129496402877,0.06474820143884892,0.8618705035971223
tab_fact,Qwen/Qwen2.5-7B-Instruct,reason.decompose,reason,schema.header_repetition_marker,13,0.5384615384615384,0.7692307692307693,0.23076923076923078,0.010318949343339587,0.22045028142589118,0.23076923076923078,0.0,0.7692307692307693
tab_fact,Qwen/Qwen2.5-7B-Instruct,reason.decompose,reason,table.cols_bin=4_6,8636,0.7897174617878647,0.7960861509958314,0.006368689207966651,0.010318949343339587,-0.003950260135372936,0.07827698008337193,0.07190829087540528,0.8498147290412228
tab_fact,Qwen/Qwen2.5-7B-Instruct,reason.decompose,reason,table.cols_bin=7_10,3920,0.7966836734693877,0.8142857142857143,0.01760204081632653,0.010318949343339587,0.007283091472986943,0.08647959183673469,0.06887755102040816,0.8446428571428571
tab_fact,Qwen/Qwen2.5-7B-Instruct,reason.decompose,reason,table.cols_bin=gt_10,236,0.75,0.7838983050847458,0.03389830508474576,0.010318949343339587,0.023579355741406176,0.1059322033898305,0.07203389830508475,0.8220338983050848
tab_fact,Qwen/Qwen2.5-7B-Instruct,reason.decompose,reason,table.numeric_cols_bin=0,2679,0.7719298245614035,0.7741694662187384,0.0022396416573348264,0.010318949343339587,-0.00807930768600476,0.08100037327360955,0.07876073161627473,0.8402388951101157
tab_fact,Qwen/Qwen2.5-7B-Instruct,reason.decompose,reason,table.numeric_cols_bin=1,4940,0.7959514170040486,0.8072874493927126,0.011336032388663968,0.010318949343339587,0.0010170830453243816,0.08218623481781377,0.0708502024291498,0.8469635627530364
tab_fact,Qwen/Qwen2.5-7B-Instruct,reason.decompose,reason,table.numeric_cols_bin=2_3,3421,0.7991815258696288,0.8085355159310144,0.00935399006138556,0.010318949343339587,-0.0009649592819540274,0.07453960830166619,0.06518561824028062,0.8602747734580533
tab_fact,Qwen/Qwen2.5-7B-Instruct,reason.decompose,reason,table.numeric_cols_bin=ge_4,1752,0.791095890410959,0.8127853881278538,0.021689497716894976,0.010318949343339587,0.01137054837355539,0.09246575342465753,0.07077625570776255,0.83675799086758
tab_fact,Qwen/Qwen2.5-7B-Instruct,reason.decompose,reason,table.numeric_density_bin=high,1884,0.7940552016985138,0.8083864118895966,0.014331210191082803,0.010318949343339587,0.004012260847743216,0.08333333333333333,0.06900212314225053,0.8476645435244161
tab_fact,Qwen/Qwen2.5-7B-Instruct,reason.decompose,reason,table.numeric_density_bin=low,5002,0.7956817273090764,0.8078768492602959,0.012195121951219513,0.010318949343339587,0.0018761726078799258,0.08236705317872851,0.07017193122750899,0.8474610155937625
tab_fact,Qwen/Qwen2.5-7B-Instruct,reason.decompose,reason,table.numeric_density_bin=mid,3227,0.7982646420824295,0.810040285094515,0.011775643012085528,0.010318949343339587,0.0014566936687459408,0.07871087697551905,0.06693523396343352,0.8543538890610474
tab_fact,Qwen/Qwen2.5-7B-Instruct,reason.decompose,reason,table.numeric_density_bin=none,2679,0.7719298245614035,0.7741694662187384,0.0022396416573348264,0.010318949343339587,-0.00807930768600476,0.08100037327360955,0.07876073161627473,0.8402388951101157
tab_fact,Qwen/Qwen2.5-7B-Instruct,reason.decompose,reason,table.rows_bin=0_5,1255,0.8270916334661355,0.8334661354581673,0.006374501992031873,0.010318949343339587,-0.003944447351307714,0.05657370517928287,0.050199203187251,0.8932270916334661
tab_fact,Qwen/Qwen2.5-7B-Instruct,reason.decompose,reason,table.rows_bin=11_25,5076,0.7901891252955082,0.7992513790386131,0.009062253743104806,0.010318949343339587,-0.0012566956002347807,0.08727344365642238,0.07821118991331757,0.83451536643026
tab_fact,Qwen/Qwen2.5-7B-Instruct,reason.decompose,reason,table.rows_bin=26_50,1533,0.7455968688845401,0.7455968688845401,0.0,0.010318949343339587,-0.010318949343339587,0.09393346379647749,0.09393346379647749,0.812133072407045
tab_fact,Qwen/Qwen2.5-7B-Instruct,reason.decompose,reason,table.rows_bin=6_10,4928,0.797077922077922,0.8129058441558441,0.015827922077922076,0.010318949343339587,0.0055089727345824895,0.07751623376623376,0.06168831168831169,0.8607954545454546
tab_fact,Qwen/Qwen2.5-7B-Instruct,reason.decompose,reason,table.shape=balanced,5833,0.7731870392593863,0.783130464597977,0.009943425338590777,0.010318949343339587,-0.00037552400474880933,0.09103377335847762,0.08109034801988685,0.8278758786216355
tab_fact,Qwen/Qwen2.5-7B-Instruct,reason.decompose,reason,table.shape=wide,6959,0.8061503089524357,0.8167840206926282,0.010633711740192557,0.010318949343339587,0.0003147623968529703,0.0731426929156488,0.06250898117545624,0.864348325908895
tab_fact,Qwen/Qwen2.5-7B-Instruct,reason.decompose,reason,text.has_number,9725,0.7835475578406169,0.7989717223650386,0.015424164524421594,0.010318949343339587,0.005105215181082007,0.08431876606683805,0.06889460154241646,0.8467866323907455
tab_fact,Qwen/Qwen2.5-7B-Instruct,reason.decompose,reason,text.has_ordinal,1318,0.783763277693475,0.7890743550834598,0.005311077389984826,0.010318949343339587,-0.005007871953354761,0.08042488619119878,0.07511380880121396,0.8444613050075872
tab_fact,Qwen/Qwen2.5-7B-Instruct,reason.decompose,reason,text.has_quoted_span,79,0.810126582278481,0.810126582278481,0.0,0.010318949343339587,-0.010318949343339587,0.0759493670886076,0.0759493670886076,0.8481012658227848
tab_fact,Qwen/Qwen2.5-7B-Instruct,reason.decompose,reason,text.has_year,3385,0.7698670605612998,0.7867060561299852,0.016838995568685376,0.010318949343339587,0.006520046225345789,0.08655834564254063,0.06971935007385524,0.8437223042836042
tab_fact,Qwen/Qwen2.5-7B-Instruct,reason.enumerate,reason,cell.has_date_like,10072,0.7901111993645751,0.7962668784749801,0.006155679110405083,0.00992808005003127,-0.0037724009396261863,0.08389594916600476,0.07774027005559968,0.8383637807783956
tab_fact,Qwen/Qwen2.5-7B-Instruct,reason.enumerate,reason,cell.has_numeric_range,4618,0.7784755305326981,0.7893027284538762,0.010827197921177999,0.00992808005003127,0.000899117871146729,0.09203118233001299,0.08120398440883499,0.826764833261152
tab_fact,Qwen/Qwen2.5-7B-Instruct,reason.enumerate,reason,cell.has_percent,319,0.8432601880877743,0.8526645768025078,0.009404388714733543,0.00992808005003127,-0.0005236913352977268,0.06583072100313479,0.05642633228840126,0.877742946708464
tab_fact,Qwen/Qwen2.5-7B-Instruct,reason.enumerate,reason,cell.has_score_surface,4476,0.7801608579088471,0.7953529937444147,0.01519213583556747,0.00992808005003127,0.0052640557855362004,0.09115281501340483,0.07596067917783736,0.8328865058087578
tab_fact,Qwen/Qwen2.5-7B-Instruct,reason.enumerate,reason,cell.missing_value_marker,611,0.7937806873977087,0.8003273322422259,0.006546644844517185,0.00992808005003127,-0.0033814352055140844,0.08183306055646482,0.07528641571194762,0.8428805237315876
tab_fact,Qwen/Qwen2.5-7B-Instruct,reason.enumerate,reason,grounding.cell_overlap,11804,0.796340223652999,0.8072687224669604,0.010928498813961369,0.00992808005003127,0.0010004187639300992,0.08276855303287022,0.07184005421890885,0.845391392748221
tab_fact,Qwen/Qwen2.5-7B-Instruct,reason.enumerate,reason,grounding.header_overlap,9837,0.8007522618684558,0.8091897936362712,0.008437531767815391,0.00992808005003127,-0.0014905482822158787,0.08102063637287792,0.07258310460506252,0.8463962590220596
tab_fact,Qwen/Qwen2.5-7B-Instruct,reason.enumerate,reason,intent.aggregate_noncount,674,0.7804154302670623,0.7937685459940653,0.013353115727002967,0.00992808005003127,0.0034250356769716973,0.08605341246290801,0.07270029673590504,0.841246290801187
tab_fact,Qwen/Qwen2.5-7B-Instruct,reason.enumerate,reason,intent.arithmetic,127,0.7244094488188977,0.84251968503937,0.11811023622047244,0.00992808005003127,0.10818215617044116,0.18110236220472442,0.06299212598425197,0.7559055118110236
tab_fact,Qwen/Qwen2.5-7B-Instruct,reason.enumerate,reason,intent.comparison,891,0.7721661054994389,0.7744107744107744,0.002244668911335578,0.00992808005003127,-0.0076834111386956915,0.0819304152637486,0.07968574635241302,0.8383838383838383
tab_fact,Qwen/Qwen2.5-7B-Instruct,reason.enumerate,reason,intent.count,373,0.7587131367292225,0.7640750670241286,0.005361930294906166,0.00992808005003127,-0.004566149755125103,0.09919571045576407,0.0938337801608579,0.806970509383378
tab_fact,Qwen/Qwen2.5-7B-Instruct,reason.enumerate,reason,intent.negation_marker,785,0.7286624203821656,0.7452229299363057,0.016560509554140127,0.00992808005003127,0.0066324295041088575,0.11082802547770701,0.09426751592356689,0.7949044585987262
tab_fact,Qwen/Qwen2.5-7B-Instruct,reason.enumerate,reason,intent.superlative_rank,2561,0.7582975400234283,0.7891448652869972,0.03084732526356892,0.00992808005003127,0.02091924521353765,0.1065989847715736,0.07575165950800468,0.8176493557204217
tab_fact,Qwen/Qwen2.5-7B-Instruct,reason.enumerate,reason,intent.temporal,5601,0.7784324227816461,0.800392787002321,0.02196036422067488,0.00992808005003127,0.012032284170643611,0.09176932690590967,0.06980896268523477,0.8384217104088556
tab_fact,Qwen/Qwen2.5-7B-Instruct,reason.enumerate,reason,schema.has_date_col,7357,0.7822481989941552,0.790539622128585,0.008291423134429795,0.00992808005003127,-0.001636656915601475,0.08617643061030311,0.07788500747587332,0.8359385619138235
tab_fact,Qwen/Qwen2.5-7B-Instruct,reason.enumerate,reason,schema.has_rank_col,3125,0.80672,0.82144,0.01472,0.00992808005003127,0.004791919949968731,0.0816,0.06688,0.85152
tab_fact,Qwen/Qwen2.5-7B-Instruct,reason.enumerate,reason,schema.has_score_col,5946,0.7835519677093845,0.794820047090481,0.011268079381096535,0.00992808005003127,0.0013399993310652652,0.08543558694920955,0.07416750756811302,0.8403969054826774
tab_fact,Qwen/Qwen2.5-7B-Instruct,reason.enumerate,reason,schema.has_unit_col,695,0.8129496402877698,0.841726618705036,0.02877697841726619,0.00992808005003127,0.01884889836723492,0.08776978417266187,0.058992805755395686,0.8532374100719424
tab_fact,Qwen/Qwen2.5-7B-Instruct,reason.enumerate,reason,schema.header_repetition_marker,13,0.5384615384615384,0.7692307692307693,0.23076923076923078,0.00992808005003127,0.22084115071919952,0.3076923076923077,0.07692307692307693,0.6153846153846154
tab_fact,Qwen/Qwen2.5-7B-Instruct,reason.enumerate,reason,table.cols_bin=4_6,8636,0.7897174617878647,0.797244094488189,0.007526632700324224,0.00992808005003127,-0.0024014473497070456,0.0810560444650301,0.07352941176470588,0.845414543770264
tab_fact,Qwen/Qwen2.5-7B-Instruct,reason.enumerate,reason,table.cols_bin=7_10,3920,0.7966836734693877,0.8086734693877551,0.011989795918367347,0.00992808005003127,0.002061715868336077,0.08801020408163265,0.0760204081632653,0.835969387755102
tab_fact,Qwen/Qwen2.5-7B-Instruct,reason.enumerate,reason,table.cols_bin=gt_10,236,0.75,0.8135593220338984,0.0635593220338983,0.00992808005003127,0.05363124198386703,0.13135593220338984,0.06779661016949153,0.8008474576271186
tab_fact,Qwen/Qwen2.5-7B-Instruct,reason.enumerate,reason,table.numeric_cols_bin=0,2679,0.7719298245614035,0.7723030981709593,0.0003732736095558044,0.00992808005003127,-0.009554806440475466,0.08883911907428145,0.08846584546472565,0.8226950354609929
tab_fact,Qwen/Qwen2.5-7B-Instruct,reason.enumerate,reason,table.numeric_cols_bin=1,4940,0.7959514170040486,0.8044534412955465,0.008502024291497975,0.00992808005003127,-0.0014260557585332942,0.08218623481781377,0.07368421052631578,0.8441295546558705
tab_fact,Qwen/Qwen2.5-7B-Instruct,reason.enumerate,reason,table.numeric_cols_bin=2_3,3421,0.7991815258696288,0.8056123940368314,0.006430868167202572,0.00992808005003127,-0.0034972118828286974,0.07892429114294067,0.07249342297573809,0.8485822858813212
tab_fact,Qwen/Qwen2.5-7B-Instruct,reason.enumerate,reason,table.numeric_cols_bin=ge_4,1752,0.791095890410959,0.8264840182648402,0.03538812785388128,0.00992808005003127,0.025460047803850007,0.09246575342465753,0.05707762557077625,0.8504566210045662
tab_fact,Qwen/Qwen2.5-7B-Instruct,reason.enumerate,reason,table.numeric_density_bin=high,1884,0.7940552016985138,0.8248407643312102,0.03078556263269639,0.00992808005003127,0.02085748258266512,0.08598726114649681,0.055201698513800426,0.8588110403397028
tab_fact,Qwen/Qwen2.5-7B-Instruct,reason.enumerate,reason,table.numeric_density_bin=low,5002,0.7956817273090764,0.8050779688124751,0.00939624150339864,0.00992808005003127,-0.0005318385466326295,0.08276689324270292,0.07337065173930428,0.8438624550179928
tab_fact,Qwen/Qwen2.5-7B-Instruct,reason.enumerate,reason,table.numeric_density_bin=mid,3227,0.7982646420824295,0.8047722342733189,0.006507592190889371,0.00992808005003127,-0.003420487859141899,0.08118995971490549,0.07468236752401611,0.8441276727610784
tab_fact,Qwen/Qwen2.5-7B-Instruct,reason.enumerate,reason,table.numeric_density_bin=none,2679,0.7719298245614035,0.7723030981709593,0.0003732736095558044,0.00992808005003127,-0.009554806440475466,0.08883911907428145,0.08846584546472565,0.8226950354609929
tab_fact,Qwen/Qwen2.5-7B-Instruct,reason.enumerate,reason,table.rows_bin=0_5,1255,0.8270916334661355,0.8294820717131474,0.002390438247011952,0.00992808005003127,-0.007537641803019317,0.06294820717131475,0.06055776892430279,0.8764940239043825
tab_fact,Qwen/Qwen2.5-7B-Instruct,reason.enumerate,reason,table.rows_bin=11_25,5076,0.7901891252955082,0.7968873128447597,0.006698187549251379,0.00992808005003127,-0.0032298925007798905,0.08904649330181245,0.08234830575256107,0.8286052009456265
tab_fact,Qwen/Qwen2.5-7B-Instruct,reason.enumerate,reason,table.rows_bin=26_50,1533,0.7455968688845401,0.7429876060013046,-0.002609262883235486,0.00992808005003127,-0.012537342933266755,0.09262883235485975,0.09523809523809523,0.812133072407045
tab_fact,Qwen/Qwen2.5-7B-Instruct,reason.enumerate,reason,table.rows_bin=6_10,4928,0.797077922077922,0.8161525974025974,0.019074675324675324,0.00992808005003127,0.009146595274644054,0.08177759740259741,0.06270292207792208,0.8555194805194806
tab_fact,Qwen/Qwen2.5-7B-Instruct,reason.enumerate,reason,table.shape=balanced,5833,0.7731870392593863,0.7809017658151894,0.007714726555803189,0.00992808005003127,-0.0022133534942280807,0.0913766500942911,0.08366192353848792,0.824961426367221
tab_fact,Qwen/Qwen2.5-7B-Instruct,reason.enumerate,reason,table.shape=wide,6959,0.8061503089524357,0.8179336111510275,0.011783302198591751,0.00992808005003127,0.0018552221485604817,0.07802845236384538,0.06624515016525363,0.855726397470901
tab_fact,Qwen/Qwen2.5-7B-Instruct,reason.enumerate,reason,text.has_number,9725,0.7835475578406169,0.7971208226221079,0.013573264781491002,0.00992808005003127,0.0036451847314597323,0.08781491002570695,0.07424164524421593,0.8379434447300771
tab_fact,Qwen/Qwen2.5-7B-Instruct,reason.enumerate,reason,text.has_ordinal,1318,0.783763277693475,0.7959028831562974,0.012139605462822459,0.00992808005003127,0.002211525412791189,0.08952959028831563,0.07738998482549317,0.8330804248861912
tab_fact,Qwen/Qwen2.5-7B-Instruct,reason.enumerate,reason,text.has_quoted_span,79,0.810126582278481,0.8354430379746836,0.02531645569620253,0.00992808005003127,0.015388375646171262,0.08860759493670886,0.06329113924050633,0.8481012658227848
tab_fact,Qwen/Qwen2.5-7B-Instruct,reason.enumerate,reason,text.has_year,3385,0.7698670605612998,0.8020679468242246,0.032200886262924666,0.00992808005003127,0.022272806212893397,0.0948301329394387,0.06262924667651404,0.8425406203840473
tab_fact,Qwen/Qwen2.5-7B-Instruct,reason.evidence_localize,reason,cell.has_date_like,10072,0.7901111993645751,0.7961675933280381,0.006056393963463066,0.006801125703564728,-0.0007447317401016625,0.0772438443208896,0.07118745035742653,0.8515687053216838
tab_fact,Qwen/Qwen2.5-7B-Instruct,reason.evidence_localize,reason,cell.has_numeric_range,4618,0.7784755305326981,0.7804244261585102,0.0019488956258120397,0.006801125703564728,-0.004852230077752689,0.07860545690775228,0.07665656128194023,0.8447379818103075
tab_fact,Qwen/Qwen2.5-7B-Instruct,reason.evidence_localize,reason,cell.has_percent,319,0.8432601880877743,0.8369905956112853,-0.006269592476489028,0.006801125703564728,-0.013070718180053755,0.06583072100313479,0.07210031347962383,0.8620689655172413
tab_fact,Qwen/Qwen2.5-7B-Instruct,reason.evidence_localize,reason,cell.has_score_surface,4476,0.7801608579088471,0.7848525469168901,0.004691689008042895,0.006801125703564728,-0.002109436695521833,0.07707774798927614,0.07238605898123325,0.8505361930294906
tab_fact,Qwen/Qwen2.5-7B-Instruct,reason.evidence_localize,reason,cell.missing_value_marker,611,0.7937806873977087,0.7872340425531915,-0.006546644844517185,0.006801125703564728,-0.013347770548081913,0.0851063829787234,0.09165302782324058,0.823240589198036
tab_fact,Qwen/Qwen2.5-7B-Instruct,reason.evidence_localize,reason,grounding.cell_overlap,11804,0.796340223652999,0.8037953236191122,0.007455099966113182,0.006801125703564728,0.0006539742625484542,0.07666892578786852,0.06921382582175534,0.8541172483903762
tab_fact,Qwen/Qwen2.5-7B-Instruct,reason.evidence_localize,reason,grounding.header_overlap,9837,0.8007522618684558,0.8087831655992681,0.00803090373081224,0.006801125703564728,0.0012297780272475115,0.07644607095659246,0.06841516722578021,0.8551387618176274
tab_fact,Qwen/Qwen2.5-7B-Instruct,reason.evidence_localize,reason,intent.aggregate_noncount,674,0.7804154302670623,0.7833827893175074,0.002967359050445104,0.006801125703564728,-0.003833766653119624,0.06824925816023739,0.06528189910979229,0.8664688427299704
tab_fact,Qwen/Qwen2.5-7B-Instruct,reason.evidence_localize,reason,intent.arithmetic,127,0.7244094488188977,0.8031496062992126,0.07874015748031496,0.006801125703564728,0.07193903177675023,0.13385826771653545,0.05511811023622047,0.8110236220472441
tab_fact,Qwen/Qwen2.5-7B-Instruct,reason.evidence_localize,reason,intent.comparison,891,0.7721661054994389,0.7631874298540965,-0.008978675645342313,0.006801125703564728,-0.01577980134890704,0.08754208754208755,0.09652076318742986,0.8159371492704826
tab_fact,Qwen/Qwen2.5-7B-Instruct,reason.evidence_localize,reason,intent.count,373,0.7587131367292225,0.7908847184986595,0.032171581769437,0.006801125703564728,0.02537045606587227,0.09919571045576407,0.06702412868632708,0.8337801608579088
tab_fact,Qwen/Qwen2.5-7B-Instruct,reason.evidence_localize,reason,intent.negation_marker,785,0.7286624203821656,0.759235668789809,0.030573248407643312,0.006801125703564728,0.023772122704078583,0.11337579617834395,0.08280254777070063,0.8038216560509555
tab_fact,Qwen/Qwen2.5-7B-Instruct,reason.evidence_localize,reason,intent.superlative_rank,2561,0.7582975400234283,0.7762592737212026,0.017961733697774308,0.006801125703564728,0.011160607994209579,0.09644670050761421,0.0784849668098399,0.8250683326825459
tab_fact,Qwen/Qwen2.5-7B-Instruct,reason.evidence_localize,reason,intent.temporal,5601,0.7784324227816461,0.7853954650955186,0.006963042313872523,0.006801125703564728,0.00016191661030779455,0.080878414568827,0.07391537225495447,0.8452062131762186
tab_fact,Qwen/Qwen2.5-7B-Instruct,reason.evidence_localize,reason,schema.has_date_col,7357,0.7822481989941552,0.7924425717004213,0.010194372706266141,0.006801125703564728,0.003393247002701413,0.08005980698654343,0.06986543428027729,0.8500747587331793
tab_fact,Qwen/Qwen2.5-7B-Instruct,reason.evidence_localize,reason,schema.has_rank_col,3125,0.80672,0.8016,-0.00512,0.006801125703564728,-0.011921125703564728,0.06656,0.07168,0.86176
tab_fact,Qwen/Qwen2.5-7B-Instruct,reason.evidence_localize,reason,schema.has_score_col,5946,0.7835519677093845,0.7865792129162462,0.0030272452068617556,0.006801125703564728,-0.0037738804967029724,0.07635385132862428,0.07332660612176253,0.8503195425496132
tab_fact,Qwen/Qwen2.5-7B-Instruct,reason.evidence_localize,reason,schema.has_unit_col,695,0.8129496402877698,0.818705035971223,0.0057553956834532375,0.006801125703564728,-0.0010457300201114905,0.06762589928057554,0.0618705035971223,0.8705035971223022
tab_fact,Qwen/Qwen2.5-7B-Instruct,reason.evidence_localize,reason,schema.header_repetition_marker,13,0.5384615384615384,0.6923076923076923,0.15384615384615385,0.006801125703564728,0.14704502814258913,0.15384615384615385,0.0,0.8461538461538461
tab_fact,Qwen/Qwen2.5-7B-Instruct,reason.evidence_localize,reason,table.cols_bin=4_6,8636,0.7897174617878647,0.7936544696618805,0.003937007874015748,0.006801125703564728,-0.00286411782954898,0.07607688744789254,0.0721398795738768,0.8517832329782307
tab_fact,Qwen/Qwen2.5-7B-Instruct,reason.evidence_localize,reason,table.cols_bin=7_10,3920,0.7966836734693877,0.8068877551020408,0.01020408163265306,0.006801125703564728,0.0034029559290883324,0.07933673469387754,0.06913265306122449,0.851530612244898
tab_fact,Qwen/Qwen2.5-7B-Instruct,reason.evidence_localize,reason,table.cols_bin=gt_10,236,0.75,0.8050847457627118,0.05508474576271186,0.006801125703564728,0.04828362005914714,0.11864406779661017,0.0635593220338983,0.8177966101694916
tab_fact,Qwen/Qwen2.5-7B-Instruct,reason.evidence_localize,reason,table.numeric_cols_bin=0,2679,0.7719298245614035,0.7842478536767451,0.012318029115341545,0.006801125703564728,0.005516903411776817,0.0854796565882792,0.07316162747293767,0.8413587159387831
tab_fact,Qwen/Qwen2.5-7B-Instruct,reason.evidence_localize,reason,table.numeric_cols_bin=1,4940,0.7959514170040486,0.8008097165991903,0.004858299595141701,0.006801125703564728,-0.0019428261084230274,0.07206477732793522,0.06720647773279352,0.8607287449392712
tab_fact,Qwen/Qwen2.5-7B-Instruct,reason.evidence_localize,reason,table.numeric_cols_bin=2_3,3421,0.7991815258696288,0.8009353990061385,0.0017538731365097924,0.006801125703564728,-0.0050472525670549355,0.07600116924875767,0.07424729611224788,0.8497515346389944
tab_fact,Qwen/Qwen2.5-7B-Instruct,reason.evidence_localize,reason,table.numeric_cols_bin=ge_4,1752,0.791095890410959,0.8047945205479452,0.0136986301369863,0.006801125703564728,0.0068975044334215726,0.08618721461187215,0.07248858447488585,0.841324200913242
tab_fact,Qwen/Qwen2.5-7B-Instruct,reason.evidence_localize,reason,table.numeric_density_bin=high,1884,0.7940552016985138,0.8052016985138004,0.011146496815286623,0.006801125703564728,0.004345371111721895,0.07855626326963906,0.06740976645435244,0.8540339702760085
tab_fact,Qwen/Qwen2.5-7B-Instruct,reason.evidence_localize,reason,table.numeric_density_bin=low,5002,0.7956817273090764,0.801079568172731,0.005397840863654539,0.006801125703564728,-0.0014032848399101894,0.07217113154738104,0.0667732906837265,0.8610555777688924
tab_fact,Qwen/Qwen2.5-7B-Instruct,reason.evidence_localize,reason,table.numeric_density_bin=mid,3227,0.7982646420824295,0.8001239541369694,0.0018593120545398203,0.006801125703564728,-0.004941813649024908,0.07995041834521227,0.07809110629067245,0.8419584753641153
tab_fact,Qwen/Qwen2.5-7B-Instruct,reason.evidence_localize,reason,table.numeric_density_bin=none,2679,0.7719298245614035,0.7842478536767451,0.012318029115341545,0.006801125703564728,0.005516903411776817,0.0854796565882792,0.07316162747293767,0.8413587159387831
tab_fact,Qwen/Qwen2.5-7B-Instruct,reason.evidence_localize,reason,table.rows_bin=0_5,1255,0.8270916334661355,0.8318725099601594,0.004780876494023904,0.006801125703564728,-0.002020249209540824,0.05896414342629482,0.054183266932270914,0.8868525896414342
tab_fact,Qwen/Qwen2.5-7B-Instruct,reason.evidence_localize,reason,table.rows_bin=11_25,5076,0.7901891252955082,0.7980693459416863,0.007880220646178092,0.006801125703564728,0.0010790949426133642,0.08372734436564223,0.07584712371946414,0.8404255319148937
tab_fact,Qwen/Qwen2.5-7B-Instruct,reason.evidence_localize,reason,table.rows_bin=26_50,1533,0.7455968688845401,0.7371167645140247,-0.008480104370515329,0.006801125703564728,-0.015281230074080058,0.08349641226353555,0.09197651663405088,0.8245270711024135
tab_fact,Qwen/Qwen2.5-7B-Instruct,reason.evidence_localize,reason,table.rows_bin=6_10,4928,0.797077922077922,0.8080357142857143,0.010957792207792208,0.006801125703564728,0.00415666650422748,0.07487824675324675,0.06392045454545454,0.8612012987012987
tab_fact,Qwen/Qwen2.5-7B-Instruct,reason.evidence_localize,reason,table.shape=balanced,5833,0.7731870392593863,0.7755871764100806,0.002400137150694325,0.006801125703564728,-0.004400988552870403,0.08434767701011486,0.08194753985942053,0.8337047831304646
tab_fact,Qwen/Qwen2.5-7B-Instruct,reason.evidence_localize,reason,table.shape=wide,6959,0.8061503089524357,0.8166403218853283,0.010490012932892657,0.006801125703564728,0.003688887229327929,0.0724241988791493,0.061934185946256645,0.865641615174594
tab_fact,Qwen/Qwen2.5-7B-Instruct,reason.evidence_localize,reason,text.has_number,9725,0.7835475578406169,0.7913624678663239,0.007814910025706941,0.006801125703564728,0.0010137843221422133,0.07897172236503856,0.07115681233933162,0.8498714652956298
tab_fact,Qwen/Qwen2.5-7B-Instruct,reason.evidence_localize,reason,text.has_ordinal,1318,0.783763277693475,0.7981790591805766,0.014415781487101669,0.006801125703564728,0.007614655783536941,0.08573596358118361,0.07132018209408195,0.8429438543247344
tab_fact,Qwen/Qwen2.5-7B-Instruct,reason.evidence_localize,reason,text.has_quoted_span,79,0.810126582278481,0.810126582278481,0.0,0.006801125703564728,-0.006801125703564728,0.06329113924050633,0.06329113924050633,0.8734177215189873
tab_fact,Qwen/Qwen2.5-7B-Instruct,reason.evidence_localize,reason,text.has_year,3385,0.7698670605612998,0.7837518463810931,0.013884785819793206,0.006801125703564728,0.007083660116228478,0.0827178729689808,0.0688330871491876,0.8484490398818316
tab_fact,Qwen/Qwen2.5-7B-Instruct,reason.evidence_table,reason,cell.has_date_like,10072,0.7901111993645751,0.7914019062748213,0.001290706910246227,0.0021106941838649157,-0.0008199872736186886,0.09054805401111994,0.08925734710087371,0.8201945988880064
tab_fact,Qwen/Qwen2.5-7B-Instruct,reason.evidence_table,reason,cell.has_numeric_range,4618,0.7784755305326981,0.7771762667821568,-0.00129926375054136,0.0021106941838649157,-0.0034099579344062754,0.09506279774794284,0.0963620614984842,0.808575140753573
tab_fact,Qwen/Qwen2.5-7B-Instruct,reason.evidence_table,reason,cell.has_percent,319,0.8432601880877743,0.8652037617554859,0.0219435736677116,0.0021106941838649157,0.019832879483846683,0.08150470219435736,0.05956112852664577,0.8589341692789969
tab_fact,Qwen/Qwen2.5-7B-Instruct,reason.evidence_table,reason,cell.has_score_surface,4476,0.7801608579088471,0.7808310991957105,0.0006702412868632708,0.0021106941838649157,-0.0014404528970016449,0.09673815907059875,0.09606791778373548,0.8071939231456657
tab_fact,Qwen/Qwen2.5-7B-Instruct,reason.evidence_table,reason,cell.missing_value_marker,611,0.7937806873977087,0.7659574468085106,-0.027823240589198037,0.0021106941838649157,-0.029933934773062953,0.08346972176759411,0.11129296235679215,0.8052373158756138
tab_fact,Qwen/Qwen2.5-7B-Instruct,reason.evidence_table,reason,grounding.cell_overlap,11804,0.796340223652999,0.8004913588614029,0.004151135208403931,0.0021106941838649157,0.002040441024539015,0.08929176550321925,0.08514063029481532,0.8255676042019654
tab_fact,Qwen/Qwen2.5-7B-Instruct,reason.evidence_table,reason,grounding.header_overlap,9837,0.8007522618684558,0.8026837450442208,0.001931483175764969,0.0021106941838649157,-0.00017921100809994658,0.08752668496492833,0.08559520178916337,0.8268781132459083
tab_fact,Qwen/Qwen2.5-7B-Instruct,reason.evidence_table,reason,intent.aggregate_noncount,674,0.7804154302670623,0.8086053412462908,0.028189910979228485,0.0021106941838649157,0.02607921679536357,0.09347181008902077,0.06528189910979229,0.841246290801187
tab_fact,Qwen/Qwen2.5-7B-Instruct,reason.evidence_table,reason,intent.arithmetic,127,0.7244094488188977,0.7559055118110236,0.031496062992125984,0.0021106941838649157,0.029385368808261068,0.10236220472440945,0.07086614173228346,0.8267716535433071
tab_fact,Qwen/Qwen2.5-7B-Instruct,reason.evidence_table,reason,intent.comparison,891,0.7721661054994389,0.7687991021324355,-0.003367003367003367,0.0021106941838649157,-0.0054776975508682825,0.08978675645342311,0.0931537598204265,0.8170594837261503
tab_fact,Qwen/Qwen2.5-7B-Instruct,reason.evidence_table,reason,intent.count,373,0.7587131367292225,0.7694369973190348,0.010723860589812333,0.0021106941838649157,0.008613166405947417,0.12064343163538874,0.10991957104557641,0.7694369973190348
tab_fact,Qwen/Qwen2.5-7B-Instruct,reason.evidence_table,reason,intent.negation_marker,785,0.7286624203821656,0.7554140127388536,0.0267515923566879,0.0021106941838649157,0.024640898172822983,0.1337579617834395,0.1070063694267516,0.759235668789809
tab_fact,Qwen/Qwen2.5-7B-Instruct,reason.evidence_table,reason,intent.superlative_rank,2561,0.7582975400234283,0.7825068332682545,0.02420929324482624,0.0021106941838649157,0.022098599060961323,0.11870363139398672,0.09449433814916049,0.7868020304568528
tab_fact,Qwen/Qwen2.5-7B-Instruct,reason.evidence_table,reason,intent.temporal,5601,0.7784324227816461,0.783252990537404,0.0048205677557579,0.0021106941838649157,0.0027098735718929846,0.09230494554543832,0.08748437778968042,0.8202106766648812
tab_fact,Qwen/Qwen2.5-7B-Instruct,reason.evidence_table,reason,schema.has_date_col,7357,0.7822481989941552,0.7879570477096642,0.005708848715509039,0.0021106941838649157,0.0035981545316441234,0.09351637895881473,0.08780753024330569,0.8186760907978796
tab_fact,Qwen/Qwen2.5-7B-Instruct,reason.evidence_table,reason,schema.has_rank_col,3125,0.80672,0.8112,0.00448,0.0021106941838649157,0.002369305816135084,0.08768,0.0832,0.82912
tab_fact,Qwen/Qwen2.5-7B-Instruct,reason.evidence_table,reason,schema.has_score_col,5946,0.7835519677093845,0.7864110326269761,0.002859064917591658,0.0021106941838649157,0.0007483707337267425,0.09535822401614531,0.09249915909855365,0.8121426168853011
tab_fact,Qwen/Qwen2.5-7B-Instruct,reason.evidence_table,reason,schema.has_unit_col,695,0.8129496402877698,0.8215827338129497,0.008633093525179856,0.0021106941838649157,0.00652239934131494,0.08489208633093526,0.07625899280575539,0.8388489208633093
tab_fact,Qwen/Qwen2.5-7B-Instruct,reason.evidence_table,reason,schema.header_repetition_marker,13,0.5384615384615384,0.7692307692307693,0.23076923076923078,0.0021106941838649157,0.22865853658536586,0.3076923076923077,0.07692307692307693,0.6153846153846154
tab_fact,Qwen/Qwen2.5-7B-Instruct,reason.evidence_table,reason,table.cols_bin=4_6,8636,0.7897174617878647,0.7911069939786939,0.0013895321908290875,0.0021106941838649157,-0.0007211619930358282,0.08962482630847615,0.08823529411764706,0.8221398795738768
tab_fact,Qwen/Qwen2.5-7B-Instruct,reason.evidence_table,reason,table.cols_bin=7_10,3920,0.7966836734693877,0.7969387755102041,0.00025510204081632655,0.0021106941838649157,-0.0018555921430485891,0.09183673469387756,0.09158163265306123,0.8165816326530613
tab_fact,Qwen/Qwen2.5-7B-Instruct,reason.evidence_table,reason,table.cols_bin=gt_10,236,0.75,0.809322033898305,0.059322033898305086,0.0021106941838649157,0.057211339714440174,0.11864406779661017,0.059322033898305086,0.8220338983050848
tab_fact,Qwen/Qwen2.5-7B-Instruct,reason.evidence_table,reason,table.numeric_cols_bin=0,2679,0.7719298245614035,0.7685703620754013,-0.0033594624860022394,0.0021106941838649157,-0.005470156669867155,0.09817095931317656,0.1015304217991788,0.8002986188876446
tab_fact,Qwen/Qwen2.5-7B-Instruct,reason.evidence_table,reason,table.numeric_cols_bin=1,4940,0.7959514170040486,0.7951417004048583,-0.0008097165991902834,0.0021106941838649157,-0.002920410783055199,0.08825910931174089,0.08906882591093117,0.8226720647773279
tab_fact,Qwen/Qwen2.5-7B-Instruct,reason.evidence_table,reason,table.numeric_cols_bin=2_3,3421,0.7991815258696288,0.7980122771119555,-0.001169248757673195,0.0021106941838649157,-0.0032799429415381106,0.07980122771119556,0.08097047646886875,0.8392282958199357
tab_fact,Qwen/Qwen2.5-7B-Instruct,reason.evidence_table,reason,table.numeric_cols_bin=ge_4,1752,0.791095890410959,0.8162100456621004,0.02511415525114155,0.0021106941838649157,0.023003461067276635,0.10844748858447488,0.08333333333333333,0.8082191780821918
tab_fact,Qwen/Qwen2.5-7B-Instruct,reason.evidence_table,reason,table.numeric_density_bin=high,1884,0.7940552016985138,0.8195329087048833,0.025477707006369428,0.0021106941838649157,0.023367012822504512,0.10084925690021232,0.07537154989384288,0.8237791932059448
tab_fact,Qwen/Qwen2.5-7B-Instruct,reason.evidence_table,reason,table.numeric_density_bin=low,5002,0.7956817273090764,0.7956817273090764,0.0,0.0021106941838649157,-0.0021106941838649157,0.08836465413834466,0.08836465413834466,0.8232706917233107
tab_fact,Qwen/Qwen2.5-7B-Instruct,reason.evidence_table,reason,table.numeric_density_bin=mid,3227,0.7982646420824295,0.7945460179733499,-0.0037186241090796405,0.0021106941838649157,-0.005829318292944556,0.082739386427022,0.08645801053610164,0.8308026030368764
tab_fact,Qwen/Qwen2.5-7B-Instruct,reason.evidence_table,reason,table.numeric_density_bin=none,2679,0.7719298245614035,0.7685703620754013,-0.0033594624860022394,0.0021106941838649157,-0.005470156669867155,0.09817095931317656,0.1015304217991788,0.8002986188876446
tab_fact,Qwen/Qwen2.5-7B-Instruct,reason.evidence_table,reason,table.rows_bin=0_5,1255,0.8270916334661355,0.8199203187250996,-0.007171314741035857,0.0021106941838649157,-0.009282008924900772,0.07569721115537849,0.08286852589641434,0.8414342629482072
tab_fact,Qwen/Qwen2.5-7B-Instruct,reason.evidence_table,reason,table.rows_bin=11_25,5076,0.7901891252955082,0.7815208825847124,-0.008668242710795903,0.0021106941838649157,-0.010778936894660819,0.09121355397951143,0.09988179669030733,0.8089046493301812
tab_fact,Qwen/Qwen2.5-7B-Instruct,reason.evidence_table,reason,table.rows_bin=26_50,1533,0.7455968688845401,0.7534246575342466,0.007827788649706457,0.0021106941838649157,0.005717094465841541,0.09849967384213959,0.09067188519243313,0.8108284409654273
tab_fact,Qwen/Qwen2.5-7B-Instruct,reason.evidence_table,reason,table.rows_bin=6_10,4928,0.797077922077922,0.8108766233766234,0.013798701298701298,0.0021106941838649157,0.011688007114836382,0.0919237012987013,0.078125,0.8299512987012987
tab_fact,Qwen/Qwen2.5-7B-Instruct,reason.evidence_table,reason,table.shape=balanced,5833,0.7731870392593863,0.7737013543631065,0.0005143151037202125,0.0021106941838649157,-0.0015963790801447031,0.09737699297102692,0.0968626778673067,0.8057603291616664
tab_fact,Qwen/Qwen2.5-7B-Instruct,reason.evidence_table,reason,table.shape=wide,6959,0.8061503089524357,0.8095990803276333,0.003448771375197586,0.0021106941838649157,0.0013380771913326702,0.08535709153614025,0.08190832016094267,0.8327345883029171
tab_fact,Qwen/Qwen2.5-7B-Instruct,reason.evidence_table,reason,text.has_number,9725,0.7835475578406169,0.7895115681233933,0.00596401028277635,0.0021106941838649157,0.003853316098911434,0.093573264781491,0.08760925449871465,0.8188174807197943
tab_fact,Qwen/Qwen2.5-7B-Instruct,reason.evidence_table,reason,text.has_ordinal,1318,0.783763277693475,0.7943854324734446,0.010622154779969651,0.0021106941838649157,0.008511460596104735,0.09787556904400607,0.08725341426403642,0.8148710166919575
tab_fact,Qwen/Qwen2.5-7B-Instruct,reason.evidence_table,reason,text.has_quoted_span,79,0.810126582278481,0.7974683544303798,-0.012658227848101266,0.0021106941838649157,-0.014768922031966182,0.06329113924050633,0.0759493670886076,0.8607594936708861
tab_fact,Qwen/Qwen2.5-7B-Instruct,reason.evidence_table,reason,text.has_year,3385,0.7698670605612998,0.7819793205317578,0.012112259970457902,0.0021106941838649157,0.010001565786592986,0.09512555391432792,0.08301329394387001,0.8218611521418021
tab_fact,Qwen/Qwen2.5-7B-Instruct,reason.extract_compute,reason,cell.has_date_like,10072,0.7901111993645751,0.8025218427323273,0.012410643367752184,0.015322076297686053,-0.0029114329299338697,0.09471803018268467,0.08230738681493249,0.8229745830023828
tab_fact,Qwen/Qwen2.5-7B-Instruct,reason.extract_compute,reason,cell.has_numeric_range,4618,0.7784755305326981,0.786920744911217,0.008445214378518839,0.015322076297686053,-0.006876861919167214,0.09571242962321351,0.08726721524469468,0.8170203551320918
tab_fact,Qwen/Qwen2.5-7B-Instruct,reason.extract_compute,reason,cell.has_percent,319,0.8432601880877743,0.8683385579937304,0.025078369905956112,0.015322076297686053,0.009756293608270059,0.0877742946708464,0.06269592476489028,0.8495297805642633
tab_fact,Qwen/Qwen2.5-7B-Instruct,reason.extract_compute,reason,cell.has_score_surface,4476,0.7801608579088471,0.7949061662198391,0.014745308310991957,0.015322076297686053,-0.0005767679866940968,0.09740840035746202,0.08266309204647006,0.819928507596068
tab_fact,Qwen/Qwen2.5-7B-Instruct,reason.extract_compute,reason,cell.missing_value_marker,611,0.7937806873977087,0.779050736497545,-0.014729950900163666,0.015322076297686053,-0.030052027197849718,0.07692307692307693,0.09165302782324058,0.8314238952536824
tab_fact,Qwen/Qwen2.5-7B-Instruct,reason.extract_compute,reason,grounding.cell_overlap,11804,0.796340223652999,0.8127753303964758,0.01643510674347679,0.015322076297686053,0.0011130304457907352,0.09403592002710945,0.07760081328363266,0.8283632666892579
tab_fact,Qwen/Qwen2.5-7B-Instruct,reason.extract_compute,reason,grounding.header_overlap,9837,0.8007522618684558,0.8153908712005693,0.01463860933211345,0.015322076297686053,-0.0006834669655726034,0.09210125038121378,0.07746264104910033,0.8304361085696859
tab_fact,Qwen/Qwen2.5-7B-Instruct,reason.extract_compute,reason,intent.aggregate_noncount,674,0.7804154302670623,0.8100890207715133,0.02967359050445104,0.015322076297686053,0.014351514206764986,0.09643916913946587,0.06676557863501484,0.8367952522255193
tab_fact,Qwen/Qwen2.5-7B-Instruct,reason.extract_compute,reason,intent.arithmetic,127,0.7244094488188977,0.8110236220472441,0.08661417322834646,0.015322076297686053,0.07129209693066041,0.11023622047244094,0.023622047244094488,0.8661417322834646
tab_fact,Qwen/Qwen2.5-7B-Instruct,reason.extract_compute,reason,intent.comparison,891,0.7721661054994389,0.7755331088664422,0.003367003367003367,0.015322076297686053,-0.011955072930682686,0.10549943883277217,0.10213243546576879,0.792368125701459
tab_fact,Qwen/Qwen2.5-7B-Instruct,reason.extract_compute,reason,intent.count,373,0.7587131367292225,0.7774798927613941,0.01876675603217158,0.015322076297686053,0.003444679734485527,0.08847184986595175,0.06970509383378017,0.8418230563002681
tab_fact,Qwen/Qwen2.5-7B-Instruct,reason.extract_compute,reason,intent.negation_marker,785,0.7286624203821656,0.7439490445859872,0.015286624203821656,0.015322076297686053,-3.545209386439721e-05,0.12611464968152866,0.11082802547770701,0.7630573248407644
tab_fact,Qwen/Qwen2.5-7B-Instruct,reason.extract_compute,reason,intent.superlative_rank,2561,0.7582975400234283,0.7844591956267083,0.02616165560327997,0.015322076297686053,0.010839579305593917,0.11440843420538852,0.08824677860210856,0.7973447871925029
tab_fact,Qwen/Qwen2.5-7B-Instruct,reason.extract_compute,reason,intent.temporal,5601,0.7784324227816461,0.8027138011069452,0.024281378325299054,0.015322076297686053,0.008959302027613001,0.1001606855918586,0.07587930726655955,0.8239600071415819
tab_fact,Qwen/Qwen2.5-7B-Instruct,reason.extract_compute,reason,schema.has_date_col,7357,0.7822481989941552,0.7948892211499252,0.012641022155770015,0.015322076297686053,-0.0026810541419160384,0.0967785782248199,0.08413755606904988,0.8190838657061302
tab_fact,Qwen/Qwen2.5-7B-Instruct,reason.extract_compute,reason,schema.has_rank_col,3125,0.80672,0.82336,0.01664,0.015322076297686053,0.0013179237023139452,0.08928,0.07264,0.83808
tab_fact,Qwen/Qwen2.5-7B-Instruct,reason.extract_compute,reason,schema.has_score_col,5946,0.7835519677093845,0.7973427514295325,0.013790783720148,0.015322076297686053,-0.001531292577538054,0.09519004372687521,0.08139926000672722,0.8234106962663976
tab_fact,Qwen/Qwen2.5-7B-Instruct,reason.extract_compute,reason,schema.has_unit_col,695,0.8129496402877698,0.8330935251798561,0.02014388489208633,0.015322076297686053,0.004821808594400276,0.08201438848920864,0.0618705035971223,0.8561151079136691
tab_fact,Qwen/Qwen2.5-7B-Instruct,reason.extract_compute,reason,schema.header_repetition_marker,13,0.5384615384615384,0.7692307692307693,0.23076923076923078,0.015322076297686053,0.21544715447154472,0.23076923076923078,0.0,0.7692307692307693
tab_fact,Qwen/Qwen2.5-7B-Instruct,reason.extract_compute,reason,table.cols_bin=4_6,8636,0.7897174617878647,0.8051181102362205,0.01540064844835572,0.015322076297686053,7.857215066966669e-05,0.0935618341824919,0.07816118573413618,0.8282769800833719
tab_fact,Qwen/Qwen2.5-7B-Instruct,reason.extract_compute,reason,table.cols_bin=7_10,3920,0.7966836734693877,0.8104591836734694,0.013775510204081633,0.015322076297686053,-0.0015465660936044203,0.09566326530612244,0.08188775510204081,0.8224489795918367
tab_fact,Qwen/Qwen2.5-7B-Instruct,reason.extract_compute,reason,table.cols_bin=gt_10,236,0.75,0.788135593220339,0.038135593220338986,0.015322076297686053,0.022813516922652932,0.13135593220338984,0.09322033898305085,0.7754237288135594
tab_fact,Qwen/Qwen2.5-7B-Instruct,reason.extract_compute,reason,table.numeric_cols_bin=0,2679,0.7719298245614035,0.7771556550951848,0.005225830533781261,0.015322076297686053,-0.010096245763904792,0.09667786487495333,0.09145203434117208,0.8118701007838746
tab_fact,Qwen/Qwen2.5-7B-Instruct,reason.extract_compute,reason,table.numeric_cols_bin=1,4940,0.7959514170040486,0.815587044534413,0.019635627530364373,0.015322076297686053,0.00431355123267832,0.09554655870445344,0.07591093117408906,0.8285425101214575
tab_fact,Qwen/Qwen2.5-7B-Instruct,reason.extract_compute,reason,table.numeric_cols_bin=2_3,3421,0.7991815258696288,0.8114586378251973,0.012277111955568546,0.015322076297686053,-0.003044964342117507,0.08857059339374451,0.07629348143817598,0.8351359251680796
tab_fact,Qwen/Qwen2.5-7B-Instruct,reason.extract_compute,reason,table.numeric_cols_bin=ge_4,1752,0.791095890410959,0.8156392694063926,0.02454337899543379,0.015322076297686053,0.009221302697747735,0.10273972602739725,0.07819634703196347,0.8190639269406392
tab_fact,Qwen/Qwen2.5-7B-Instruct,reason.extract_compute,reason,table.numeric_density_bin=high,1884,0.7940552016985138,0.8168789808917197,0.022823779193205943,0.015322076297686053,0.00750170289551989,0.09554140127388536,0.0727176220806794,0.8317409766454352
tab_fact,Qwen/Qwen2.5-7B-Instruct,reason.extract_compute,reason,table.numeric_density_bin=low,5002,0.7956817273090764,0.8154738104758097,0.019792083166733306,0.015322076297686053,0.004470006869047253,0.09536185525789684,0.07556977209116353,0.8290683726509396
tab_fact,Qwen/Qwen2.5-7B-Instruct,reason.extract_compute,reason,table.numeric_density_bin=mid,3227,0.7982646420824295,0.8106600557793616,0.012395413696932134,0.015322076297686053,-0.002926662600753919,0.0923458320421444,0.07995041834521227,0.8277037496126434
tab_fact,Qwen/Qwen2.5-7B-Instruct,reason.extract_compute,reason,table.numeric_density_bin=none,2679,0.7719298245614035,0.7771556550951848,0.005225830533781261,0.015322076297686053,-0.010096245763904792,0.09667786487495333,0.09145203434117208,0.8118701007838746
tab_fact,Qwen/Qwen2.5-7B-Instruct,reason.extract_compute,reason,table.rows_bin=0_5,1255,0.8270916334661355,0.8358565737051793,0.008764940239043825,0.015322076297686053,-0.006557136058642228,0.07569721115537849,0.06693227091633466,0.8573705179282869
tab_fact,Qwen/Qwen2.5-7B-Instruct,reason.extract_compute,reason,table.rows_bin=11_25,5076,0.7901891252955082,0.7949172576832151,0.004728132387706856,0.015322076297686053,-0.010593943909979198,0.09416863672182821,0.08944050433412136,0.8163908589440504
tab_fact,Qwen/Qwen2.5-7B-Instruct,reason.extract_compute,reason,table.rows_bin=26_50,1533,0.7455968688845401,0.7547292889758643,0.0091324200913242,0.015322076297686053,-0.006189656206361853,0.11024135681669928,0.10110893672537508,0.7886497064579256
tab_fact,Qwen/Qwen2.5-7B-Instruct,reason.extract_compute,reason,table.rows_bin=6_10,4928,0.797077922077922,0.8269074675324676,0.029829545454545456,0.015322076297686053,0.014507469156859402,0.09577922077922078,0.06594967532467533,0.8382711038961039
tab_fact,Qwen/Qwen2.5-7B-Instruct,reason.extract_compute,reason,table.shape=balanced,5833,0.7731870392593863,0.7851877250128578,0.012000685753471628,0.015322076297686053,-0.0033213905442144257,0.10029144522544145,0.08829075947196982,0.8114177953025887
tab_fact,Qwen/Qwen2.5-7B-Instruct,reason.extract_compute,reason,table.shape=wide,6959,0.8061503089524357,0.824256358672223,0.018106049719787326,0.015322076297686053,0.0027839734221012727,0.09038654979163672,0.0722805000718494,0.8373329501365139
tab_fact,Qwen/Qwen2.5-7B-Instruct,reason.extract_compute,reason,text.has_number,9725,0.7835475578406169,0.8016452442159383,0.018097686375321338,0.015322076297686053,0.002775610077635285,0.09717223650385604,0.0790745501285347,0.8237532133676092
tab_fact,Qwen/Qwen2.5-7B-Instruct,reason.extract_compute,reason,text.has_ordinal,1318,0.783763277693475,0.802731411229135,0.01896813353566009,0.015322076297686053,0.0036460572379740375,0.10698027314112292,0.08801213960546282,0.8050075872534143
tab_fact,Qwen/Qwen2.5-7B-Instruct,reason.extract_compute,reason,text.has_quoted_span,79,0.810126582278481,0.7215189873417721,-0.08860759493670886,0.015322076297686053,-0.10392967123439492,0.05063291139240506,0.13924050632911392,0.810126582278481
tab_fact,Qwen/Qwen2.5-7B-Instruct,reason.extract_compute,reason,text.has_year,3385,0.7698670605612998,0.7991137370753324,0.029246676514032496,0.015322076297686053,0.013924600216346443,0.1019202363367799,0.07267355982274741,0.8254062038404727
tab_fact,Qwen/Qwen2.5-7B-Instruct,reason.plan_answer,reason,cell.has_date_like,10072,0.7901111993645751,0.7675734710087371,-0.022537728355837967,-0.01813633520950594,-0.004401393146332026,0.0972001588562351,0.11973788721207307,0.7830619539316919
tab_fact,Qwen/Qwen2.5-7B-Instruct,reason.plan_answer,reason,cell.has_numeric_range,4618,0.7784755305326981,0.7481593763533997,-0.030316154179298397,-0.01813633520950594,-0.012179818969792457,0.10155911650064964,0.13187527067994803,0.7665656128194024
tab_fact,Qwen/Qwen2.5-7B-Instruct,reason.plan_answer,reason,cell.has_percent,319,0.8432601880877743,0.8589341692789969,0.01567398119122257,-0.01813633520950594,0.03381031640072851,0.10344827586206896,0.0877742946708464,0.8087774294670846
tab_fact,Qwen/Qwen2.5-7B-Instruct,reason.plan_answer,reason,cell.has_score_surface,4476,0.7801608579088471,0.7495531724754245,-0.0306076854334227,-0.01813633520950594,-0.01247135022391676,0.10008936550491511,0.1306970509383378,0.7692135835567471
tab_fact,Qwen/Qwen2.5-7B-Instruct,reason.plan_answer,reason,cell.missing_value_marker,611,0.7937806873977087,0.7675941080196399,-0.02618657937806874,-0.01813633520950594,-0.0080502441685628,0.088379705400982,0.11456628477905073,0.7970540098199672
tab_fact,Qwen/Qwen2.5-7B-Instruct,reason.plan_answer,reason,grounding.cell_overlap,11804,0.796340223652999,0.7826160623517452,-0.013724161301253812,-0.01813633520950594,0.004412173908252128,0.09810233819044392,0.11182649949169773,0.7900711623178583
tab_fact,Qwen/Qwen2.5-7B-Instruct,reason.plan_answer,reason,grounding.header_overlap,9837,0.8007522618684558,0.7847921114160822,-0.01596015045237369,-0.01813633520950594,0.0021761847571322504,0.09586255972349293,0.11182271017586663,0.7923147301006405
tab_fact,Qwen/Qwen2.5-7B-Instruct,reason.plan_answer,reason,intent.aggregate_noncount,674,0.7804154302670623,0.7670623145400594,-0.013353115727002967,-0.01813633520950594,0.004783219482502973,0.10682492581602374,0.1201780415430267,0.7729970326409495
tab_fact,Qwen/Qwen2.5-7B-Instruct,reason.plan_answer,reason,intent.arithmetic,127,0.7244094488188977,0.7795275590551181,0.05511811023622047,-0.01813633520950594,0.07325444544572642,0.12598425196850394,0.07086614173228346,0.8031496062992126
tab_fact,Qwen/Qwen2.5-7B-Instruct,reason.plan_answer,reason,intent.comparison,891,0.7721661054994389,0.7396184062850729,-0.03254769921436588,-0.01813633520950594,-0.014411364004859938,0.10549943883277217,0.13804713804713806,0.7564534231200898
tab_fact,Qwen/Qwen2.5-7B-Instruct,reason.plan_answer,reason,intent.count,373,0.7587131367292225,0.7211796246648794,-0.03753351206434316,-0.01813633520950594,-0.01939717685483722,0.11796246648793565,0.1554959785522788,0.7265415549597856
tab_fact,Qwen/Qwen2.5-7B-Instruct,reason.plan_answer,reason,intent.negation_marker,785,0.7286624203821656,0.6662420382165605,-0.062420382165605096,-0.01813633520950594,-0.04428404695609915,0.1286624203821656,0.1910828025477707,0.6802547770700637
tab_fact,Qwen/Qwen2.5-7B-Instruct,reason.plan_answer,reason,intent.superlative_rank,2561,0.7582975400234283,0.7532213978914487,-0.005076142131979695,-0.01813633520950594,0.013060193077526245,0.12768449824287387,0.13276064037485358,0.7395548613822726
tab_fact,Qwen/Qwen2.5-7B-Instruct,reason.plan_answer,reason,intent.temporal,5601,0.7784324227816461,0.7636136404213534,-0.014818782360292805,-0.01813633520950594,0.0033175528492131352,0.09998214604534904,0.11480092840564185,0.7852169255490091
tab_fact,Qwen/Qwen2.5-7B-Instruct,reason.plan_answer,reason,schema.has_date_col,7357,0.7822481989941552,0.7591409541932853,-0.02310724480086992,-0.01813633520950594,-0.004970909591363981,0.09868152779665625,0.12178877259752617,0.7795296996058176
tab_fact,Qwen/Qwen2.5-7B-Instruct,reason.plan_answer,reason,schema.has_rank_col,3125,0.80672,0.77824,-0.02848,-0.01813633520950594,-0.010343664790494058,0.09312,0.1216,0.78528
tab_fact,Qwen/Qwen2.5-7B-Instruct,reason.plan_answer,reason,schema.has_score_col,5946,0.7835519677093845,0.7519340733266061,-0.03161789438277834,-0.01813633520950594,-0.013481559173272397,0.09569458459468551,0.12731247897746384,0.7769929364278506
tab_fact,Qwen/Qwen2.5-7B-Instruct,reason.plan_answer,reason,schema.has_unit_col,695,0.8129496402877698,0.7913669064748201,-0.02158273381294964,-0.01813633520950594,-0.003446398603443701,0.0920863309352518,0.11366906474820145,0.7942446043165468
tab_fact,Qwen/Qwen2.5-7B-Instruct,reason.plan_answer,reason,schema.header_repetition_marker,13,0.5384615384615384,0.8461538461538461,0.3076923076923077,-0.01813633520950594,0.3258286429018136,0.3076923076923077,0.0,0.6923076923076923
tab_fact,Qwen/Qwen2.5-7B-Instruct,reason.plan_answer,reason,table.cols_bin=4_6,8636,0.7897174617878647,0.7724641037517369,-0.017253358036127837,-0.01813633520950594,0.0008829771733781036,0.09807781380268643,0.11533117183881426,0.7865910143584993
tab_fact,Qwen/Qwen2.5-7B-Instruct,reason.plan_answer,reason,table.cols_bin=7_10,3920,0.7966836734693877,0.7747448979591837,-0.02193877551020408,-0.01813633520950594,-0.0038024403006981407,0.09744897959183674,0.11938775510204082,0.7831632653061225
tab_fact,Qwen/Qwen2.5-7B-Instruct,reason.plan_answer,reason,table.cols_bin=gt_10,236,0.75,0.7627118644067796,0.012711864406779662,-0.01813633520950594,0.030848199616285602,0.1271186440677966,0.11440677966101695,0.7584745762711864
tab_fact,Qwen/Qwen2.5-7B-Instruct,reason.plan_answer,reason,table.numeric_cols_bin=0,2679,0.7719298245614035,0.7622247107129526,-0.009705113848450915,-0.01813633520950594,0.008431221361055025,0.10899589399029488,0.1187010078387458,0.7723030981709593
tab_fact,Qwen/Qwen2.5-7B-Instruct,reason.plan_answer,reason,table.numeric_cols_bin=1,4940,0.7959514170040486,0.7748987854251013,-0.021052631578947368,-0.01813633520950594,-0.0029162963694414276,0.09919028340080972,0.12024291497975709,0.7805668016194331
tab_fact,Qwen/Qwen2.5-7B-Instruct,reason.plan_answer,reason,table.numeric_cols_bin=2_3,3421,0.7991815258696288,0.7790119847997662,-0.020169541069862615,-0.01813633520950594,-0.0020332058603566745,0.08798596901490792,0.10815551008477053,0.8038585209003215
tab_fact,Qwen/Qwen2.5-7B-Instruct,reason.plan_answer,reason,table.numeric_cols_bin=ge_4,1752,0.791095890410959,0.7722602739726028,-0.018835616438356163,-0.01813633520950594,-0.000699281228850223,0.1004566210045662,0.11929223744292237,0.7802511415525114
tab_fact,Qwen/Qwen2.5-7B-Instruct,reason.plan_answer,reason,table.numeric_density_bin=high,1884,0.7940552016985138,0.7754777070063694,-0.018577494692144373,-0.01813633520950594,-0.0004411594826384327,0.09341825902335456,0.11199575371549894,0.7945859872611465
tab_fact,Qwen/Qwen2.5-7B-Instruct,reason.plan_answer,reason,table.numeric_density_bin=low,5002,0.7956817273090764,0.7750899640143942,-0.02059176329468213,-0.01813633520950594,-0.002455428085176188,0.09936025589764094,0.11995201919232307,0.780687724910036
tab_fact,Qwen/Qwen2.5-7B-Instruct,reason.plan_answer,reason,table.numeric_density_bin=mid,3227,0.7982646420824295,0.7771924387976449,-0.02107220328478463,-0.01813633520950594,-0.0029358680752786907,0.0911062906724512,0.11217849395723582,0.796715215370313
tab_fact,Qwen/Qwen2.5-7B-Instruct,reason.plan_answer,reason,table.numeric_density_bin=none,2679,0.7719298245614035,0.7622247107129526,-0.009705113848450915,-0.01813633520950594,0.008431221361055025,0.10899589399029488,0.1187010078387458,0.7723030981709593
tab_fact,Qwen/Qwen2.5-7B-Instruct,reason.plan_answer,reason,table.rows_bin=0_5,1255,0.8270916334661355,0.8111553784860558,-0.01593625498007968,-0.01813633520950594,0.0022000802294262593,0.0796812749003984,0.09561752988047809,0.8247011952191236
tab_fact,Qwen/Qwen2.5-7B-Instruct,reason.plan_answer,reason,table.rows_bin=11_25,5076,0.7901891252955082,0.7657604412923562,-0.02442868400315209,-0.01813633520950594,-0.0062923487936461485,0.09948778565799843,0.12391646966115051,0.776595744680851
tab_fact,Qwen/Qwen2.5-7B-Instruct,reason.plan_answer,reason,table.rows_bin=26_50,1533,0.7455968688845401,0.7077625570776256,-0.037834311806914545,-0.01813633520950594,-0.019697976597408604,0.10437051532941943,0.14220482713633398,0.7534246575342466
tab_fact,Qwen/Qwen2.5-7B-Instruct,reason.plan_answer,reason,table.rows_bin=6_10,4928,0.797077922077922,0.7909902597402597,-0.006087662337662338,-0.01813633520950594,0.012048672871843602,0.1002435064935065,0.10633116883116883,0.7934253246753247
tab_fact,Qwen/Qwen2.5-7B-Instruct,reason.plan_answer,reason,table.shape=balanced,5833,0.7731870392593863,0.7512429281673239,-0.021944111092062405,-0.01813633520950594,-0.0038077758825564648,0.10372021258357621,0.1256643236756386,0.7706154637407852
tab_fact,Qwen/Qwen2.5-7B-Instruct,reason.plan_answer,reason,table.shape=wide,6959,0.8061503089524357,0.7912056329932462,-0.01494467595918954,-0.01813633520950594,0.0031916592503164008,0.09397901997413421,0.10892369593332375,0.797097284092542
tab_fact,Qwen/Qwen2.5-7B-Instruct,reason.plan_answer,reason,text.has_number,9725,0.7835475578406169,0.765758354755784,-0.017789203084832905,-0.01813633520950594,0.0003471321246730358,0.09933161953727507,0.11712082262210798,0.7835475578406169
tab_fact,Qwen/Qwen2.5-7B-Instruct,reason.plan_answer,reason,text.has_ordinal,1318,0.783763277693475,0.795144157814871,0.011380880121396054,-0.01813633520950594,0.029517215330901993,0.11532625189681335,0.1039453717754173,0.7807283763277694
tab_fact,Qwen/Qwen2.5-7B-Instruct,reason.plan_answer,reason,text.has_quoted_span,79,0.810126582278481,0.8481012658227848,0.0379746835443038,-0.01813633520950594,0.056111018753809735,0.10126582278481013,0.06329113924050633,0.8354430379746836
tab_fact,Qwen/Qwen2.5-7B-Instruct,reason.plan_answer,reason,text.has_year,3385,0.7698670605612998,0.7604135893648449,-0.009453471196454948,-0.01813633520950594,0.008682864013050993,0.0998522895125554,0.10930576070901034,0.7908419497784343
tab_fact,Qwen/Qwen2.5-7B-Instruct,reason.symbolic_op,reason,cell.has_date_like,10072,0.7901111993645751,0.7878276409849087,-0.002283558379666402,0.0015634771732332708,-0.0038470355528996726,0.09571088165210484,0.09799444003177124,0.8062946783161239
tab_fact,Qwen/Qwen2.5-7B-Instruct,reason.symbolic_op,reason,cell.has_numeric_range,4618,0.7784755305326981,0.7689475963620614,-0.009527934170636639,0.0015634771732332708,-0.011091411343869909,0.09679514941533131,0.10632308358596795,0.7968817669987007
tab_fact,Qwen/Qwen2.5-7B-Instruct,reason.symbolic_op,reason,cell.has_percent,319,0.8432601880877743,0.8683385579937304,0.025078369905956112,0.0015634771732332708,0.02351489273272284,0.08150470219435736,0.05642633228840126,0.8620689655172413
tab_fact,Qwen/Qwen2.5-7B-Instruct,reason.symbolic_op,reason,cell.has_score_surface,4476,0.7801608579088471,0.7701072386058981,-0.010053619302949061,0.0015634771732332708,-0.011617096476182332,0.09584450402144772,0.10589812332439678,0.7982573726541555
tab_fact,Qwen/Qwen2.5-7B-Instruct,reason.symbolic_op,reason,cell.missing_value_marker,611,0.7937806873977087,0.7937806873977087,0.0,0.0015634771732332708,-0.0015634771732332708,0.07692307692307693,0.07692307692307693,0.8461538461538461
tab_fact,Qwen/Qwen2.5-7B-Instruct,reason.symbolic_op,reason,grounding.cell_overlap,11804,0.796340223652999,0.8000677736360555,0.003727549983056591,0.0015634771732332708,0.0021640728098233203,0.09564554388342934,0.09191799390037275,0.8124364622161979
tab_fact,Qwen/Qwen2.5-7B-Instruct,reason.symbolic_op,reason,grounding.header_overlap,9837,0.8007522618684558,0.8038019721459795,0.0030497102775236353,0.0015634771732332708,0.0014862331042903645,0.09423604757548033,0.0911863372979567,0.814577615126563
tab_fact,Qwen/Qwen2.5-7B-Instruct,reason.symbolic_op,reason,intent.aggregate_noncount,674,0.7804154302670623,0.7997032640949555,0.019287833827893175,0.0015634771732332708,0.017724356654659903,0.09792284866468842,0.07863501483679525,0.8234421364985163
tab_fact,Qwen/Qwen2.5-7B-Instruct,reason.symbolic_op,reason,intent.arithmetic,127,0.7244094488188977,0.7874015748031497,0.06299212598425197,0.0015634771732332708,0.0614286488110187,0.11811023622047244,0.05511811023622047,0.8267716535433071
tab_fact,Qwen/Qwen2.5-7B-Instruct,reason.symbolic_op,reason,intent.comparison,891,0.7721661054994389,0.755331088664422,-0.016835016835016835,0.0015634771732332708,-0.018398494008250107,0.09427609427609428,0.1111111111111111,0.7946127946127947
tab_fact,Qwen/Qwen2.5-7B-Instruct,reason.symbolic_op,reason,intent.count,373,0.7587131367292225,0.7560321715817694,-0.002680965147453083,0.0015634771732332708,-0.0042444423206863535,0.11528150134048257,0.11796246648793565,0.7667560321715817
tab_fact,Qwen/Qwen2.5-7B-Instruct,reason.symbolic_op,reason,intent.negation_marker,785,0.7286624203821656,0.7171974522292993,-0.011464968152866241,0.0015634771732332708,-0.013028445326099512,0.1337579617834395,0.14522292993630573,0.7210191082802547
tab_fact,Qwen/Qwen2.5-7B-Instruct,reason.symbolic_op,reason,intent.superlative_rank,2561,0.7582975400234283,0.7715736040609137,0.013276064037485357,0.0015634771732332708,0.011712586864252087,0.11479890667707926,0.10152284263959391,0.7836782506833269
tab_fact,Qwen/Qwen2.5-7B-Instruct,reason.symbolic_op,reason,intent.temporal,5601,0.7784324227816461,0.7845027673629709,0.006070344581324764,0.0015634771732332708,0.004506867408091492,0.09819675058025353,0.09212640599892877,0.8096768434208177
tab_fact,Qwen/Qwen2.5-7B-Instruct,reason.symbolic_op,reason,schema.has_date_col,7357,0.7822481989941552,0.7808889492999864,-0.0013592496941688189,0.0015634771732332708,-0.00292272686740209,0.09650672828598614,0.09786597798015495,0.8056272937338589
tab_fact,Qwen/Qwen2.5-7B-Instruct,reason.symbolic_op,reason,schema.has_rank_col,3125,0.80672,0.8,-0.00672,0.0015634771732332708,-0.00828347717323327,0.0896,0.09632,0.81408
tab_fact,Qwen/Qwen2.5-7B-Instruct,reason.symbolic_op,reason,schema.has_score_col,5946,0.7835519677093845,0.7744702320887992,-0.009081735620585268,0.0015634771732332708,-0.010645212793818538,0.09418096199125463,0.1032626976118399,0.8025563403969055
tab_fact,Qwen/Qwen2.5-7B-Instruct,reason.symbolic_op,reason,schema.has_unit_col,695,0.8129496402877698,0.8201438848920863,0.007194244604316547,0.0015634771732332708,0.005630767431083277,0.08776978417266187,0.08057553956834532,0.8316546762589928
tab_fact,Qwen/Qwen2.5-7B-Instruct,reason.symbolic_op,reason,schema.header_repetition_marker,13,0.5384615384615384,0.7692307692307693,0.23076923076923078,0.0015634771732332708,0.2292057535959975,0.23076923076923078,0.0,0.7692307692307693
tab_fact,Qwen/Qwen2.5-7B-Instruct,reason.symbolic_op,reason,table.cols_bin=4_6,8636,0.7897174617878647,0.7892542843909217,-0.0004631773969430292,0.0015634771732332708,-0.0020266545701763,0.09587772116720704,0.09634089856415007,0.8077813802686429
tab_fact,Qwen/Qwen2.5-7B-Instruct,reason.symbolic_op,reason,table.cols_bin=7_10,3920,0.7966836734693877,0.8010204081632653,0.004336734693877551,0.0015634771732332708,0.00277325752064428,0.09770408163265307,0.0933673469387755,0.8089285714285714
tab_fact,Qwen/Qwen2.5-7B-Instruct,reason.symbolic_op,reason,table.cols_bin=gt_10,236,0.75,0.7796610169491526,0.029661016949152543,0.0015634771732332708,0.02809753977591927,0.11440677966101695,0.0847457627118644,0.8008474576271186
tab_fact,Qwen/Qwen2.5-7B-Instruct,reason.symbolic_op,reason,table.numeric_cols_bin=0,2679,0.7719298245614035,0.7681970884658454,-0.003732736095558044,0.0015634771732332708,-0.005296213268791315,0.10339678984695783,0.10712952594251586,0.7894736842105263
tab_fact,Qwen/Qwen2.5-7B-Instruct,reason.symbolic_op,reason,table.numeric_cols_bin=1,4940,0.7959514170040486,0.7949392712550607,-0.0010121457489878543,0.0015634771732332708,-0.002575622922221125,0.09331983805668016,0.09433198380566801,0.8123481781376518
tab_fact,Qwen/Qwen2.5-7B-Instruct,reason.symbolic_op,reason,table.numeric_cols_bin=2_3,3421,0.7991815258696288,0.8029815843320667,0.003800058462437884,0.0015634771732332708,0.002236581289204613,0.0926629640456007,0.08886290558316282,0.8184741303712365
tab_fact,Qwen/Qwen2.5-7B-Instruct,reason.symbolic_op,reason,table.numeric_cols_bin=ge_4,1752,0.791095890410959,0.8036529680365296,0.012557077625570776,0.0015634771732332708,0.010993600452337505,0.10445205479452055,0.09189497716894977,0.8036529680365296
tab_fact,Qwen/Qwen2.5-7B-Instruct,reason.symbolic_op,reason,table.numeric_density_bin=high,1884,0.7940552016985138,0.8052016985138004,0.011146496815286623,0.0015634771732332708,0.009583019642053353,0.09819532908704884,0.0870488322717622,0.814755838641189
tab_fact,Qwen/Qwen2.5-7B-Instruct,reason.symbolic_op,reason,table.numeric_density_bin=low,5002,0.7956817273090764,0.7956817273090764,0.0,0.0015634771732332708,-0.0015634771732332708,0.093562574970012,0.093562574970012,0.8128748500599761
tab_fact,Qwen/Qwen2.5-7B-Instruct,reason.symbolic_op,reason,table.numeric_density_bin=mid,3227,0.7982646420824295,0.8010536101642393,0.0027889680818097306,0.0015634771732332708,0.0012254909085764598,0.09544468546637744,0.09265571738456771,0.8118995971490548
tab_fact,Qwen/Qwen2.5-7B-Instruct,reason.symbolic_op,reason,table.numeric_density_bin=none,2679,0.7719298245614035,0.7681970884658454,-0.003732736095558044,0.0015634771732332708,-0.005296213268791315,0.10339678984695783,0.10712952594251586,0.7894736842105263
tab_fact,Qwen/Qwen2.5-7B-Instruct,reason.symbolic_op,reason,table.rows_bin=0_5,1255,0.8270916334661355,0.8239043824701195,-0.0031872509960159364,0.0015634771732332708,-0.004750728169249208,0.07649402390438247,0.0796812749003984,0.8438247011952191
tab_fact,Qwen/Qwen2.5-7B-Instruct,reason.symbolic_op,reason,table.rows_bin=11_25,5076,0.7901891252955082,0.791371158392435,0.001182033096926714,0.0015634771732332708,-0.0003814440763065569,0.10066981875492514,0.09948778565799843,0.7998423955870765
tab_fact,Qwen/Qwen2.5-7B-Instruct,reason.symbolic_op,reason,table.rows_bin=26_50,1533,0.7455968688845401,0.7286366601435095,-0.016960208741030658,0.0015634771732332708,-0.01852368591426393,0.10110893672537508,0.11806914546640573,0.7808219178082192
tab_fact,Qwen/Qwen2.5-7B-Instruct,reason.symbolic_op,reason,table.rows_bin=6_10,4928,0.797077922077922,0.8060064935064936,0.008928571428571428,0.0015634771732332708,0.007365094255338158,0.09659090909090909,0.08766233766233766,0.8157467532467533
tab_fact,Qwen/Qwen2.5-7B-Instruct,reason.symbolic_op,reason,table.shape=balanced,5833,0.7731870392593863,0.7730156008914795,-0.00017143836790673754,0.0015634771732332708,-0.0017349155411400083,0.10166295216869535,0.10183439053660209,0.7965026572947026
tab_fact,Qwen/Qwen2.5-7B-Instruct,reason.symbolic_op,reason,table.shape=wide,6959,0.8061503089524357,0.8091679839057336,0.003017674953297888,0.0015634771732332708,0.001454197780064617,0.09268573070843512,0.08966805575513723,0.8176462135364276
tab_fact,Qwen/Qwen2.5-7B-Instruct,reason.symbolic_op,reason,text.has_number,9725,0.7835475578406169,0.7873521850899743,0.0038046272493573265,0.0015634771732332708,0.0022411500761240558,0.09830334190231363,0.0944987146529563,0.8071979434447301
tab_fact,Qwen/Qwen2.5-7B-Instruct,reason.symbolic_op,reason,text.has_ordinal,1318,0.783763277693475,0.7898330804248862,0.006069802731411229,0.0015634771732332708,0.004506325558177959,0.1054628224582701,0.09939301972685888,0.795144157814871
tab_fact,Qwen/Qwen2.5-7B-Instruct,reason.symbolic_op,reason,text.has_quoted_span,79,0.810126582278481,0.810126582278481,0.0,0.0015634771732332708,-0.0015634771732332708,0.0759493670886076,0.0759493670886076,0.8481012658227848
tab_fact,Qwen/Qwen2.5-7B-Instruct,reason.symbolic_op,reason,text.has_year,3385,0.7698670605612998,0.7825701624815362,0.012703101920236336,0.0015634771732332708,0.011139624747003066,0.10221565731166912,0.0895125553914328,0.8082717872968981
tab_fact,Qwen/Qwen2.5-7B-Instruct,reason.verify,reason,cell.has_date_like,10072,0.7901111993645751,0.795373312152502,0.005262112787926926,0.007113821138211382,-0.0018517083502844556,0.07585385226370135,0.07059173947577442,0.8535544082605242
tab_fact,Qwen/Qwen2.5-7B-Instruct,reason.verify,reason,cell.has_numeric_range,4618,0.7784755305326981,0.7832394976180165,0.004763967085318319,0.007113821138211382,-0.0023498540528930625,0.08315288003464703,0.07838891294932872,0.8384582070160242
tab_fact,Qwen/Qwen2.5-7B-Instruct,reason.verify,reason,cell.has_percent,319,0.8432601880877743,0.8808777429467085,0.03761755485893417,0.007113821138211382,0.03050373372072279,0.05956112852664577,0.0219435736677116,0.9184952978056427
tab_fact,Qwen/Qwen2.5-7B-Instruct,reason.verify,reason,cell.has_score_surface,4476,0.7801608579088471,0.7902144772117963,0.010053619302949061,0.007113821138211382,0.0029397981647376796,0.08087578194816801,0.07082216264521894,0.8483020554066131
tab_fact,Qwen/Qwen2.5-7B-Instruct,reason.verify,reason,cell.missing_value_marker,611,0.7937806873977087,0.7823240589198036,-0.011456628477905073,0.007113821138211382,-0.018570449616116456,0.07037643207855974,0.08183306055646482,0.8477905073649754
tab_fact,Qwen/Qwen2.5-7B-Instruct,reason.verify,reason,grounding.cell_overlap,11804,0.796340223652999,0.8038800406641816,0.00753981701118265,0.007113821138211382,0.0004259958729712684,0.07463571670620128,0.06709589969501864,0.8582683835987801
tab_fact,Qwen/Qwen2.5-7B-Instruct,reason.verify,reason,grounding.header_overlap,9837,0.8007522618684558,0.8083765375622649,0.007624275693809088,0.007113821138211382,0.0005104545555977063,0.0744129307715767,0.06678865507776761,0.8587984141506557
tab_fact,Qwen/Qwen2.5-7B-Instruct,reason.verify,reason,intent.aggregate_noncount,674,0.7804154302670623,0.7789317507418397,-0.001483679525222552,0.007113821138211382,-0.008597500663433934,0.057863501483679525,0.05934718100890208,0.8827893175074184
tab_fact,Qwen/Qwen2.5-7B-Instruct,reason.verify,reason,intent.arithmetic,127,0.7244094488188977,0.8110236220472441,0.08661417322834646,0.007113821138211382,0.07950035209013508,0.12598425196850394,0.03937007874015748,0.8346456692913385
tab_fact,Qwen/Qwen2.5-7B-Instruct,reason.verify,reason,intent.comparison,891,0.7721661054994389,0.7777777777777778,0.005611672278338945,0.007113821138211382,-0.0015021488598724372,0.07744107744107744,0.0718294051627385,0.8507295173961841
tab_fact,Qwen/Qwen2.5-7B-Instruct,reason.verify,reason,intent.count,373,0.7587131367292225,0.7882037533512064,0.029490616621983913,0.007113821138211382,0.02237679548377253,0.10723860589812333,0.0777479892761394,0.8150134048257373
tab_fact,Qwen/Qwen2.5-7B-Instruct,reason.verify,reason,intent.negation_marker,785,0.7286624203821656,0.729936305732484,0.0012738853503184713,0.007113821138211382,-0.005839935787892911,0.0980891719745223,0.09681528662420383,0.8050955414012739
tab_fact,Qwen/Qwen2.5-7B-Instruct,reason.verify,reason,intent.superlative_rank,2561,0.7582975400234283,0.7809449433814916,0.022647403358063256,0.007113821138211382,0.015533582219851873,0.0972276454509957,0.07458024209293244,0.8281921124560718
tab_fact,Qwen/Qwen2.5-7B-Instruct,reason.verify,reason,intent.temporal,5601,0.7784324227816461,0.788073558293162,0.0096411355115158,0.007113821138211382,0.0025273143733044188,0.07891447955722193,0.06927334404570612,0.851812176397072
tab_fact,Qwen/Qwen2.5-7B-Instruct,reason.verify,reason,schema.has_date_col,7357,0.7822481989941552,0.7891803724344162,0.006932173440260976,0.007113821138211382,-0.00018164769795040586,0.07938018213945902,0.07244800869919804,0.8481718091613429
tab_fact,Qwen/Qwen2.5-7B-Instruct,reason.verify,reason,schema.has_rank_col,3125,0.80672,0.80448,-0.00224,0.007113821138211382,-0.009353821138211382,0.06752,0.06976,0.86272
tab_fact,Qwen/Qwen2.5-7B-Instruct,reason.verify,reason,schema.has_score_col,5946,0.7835519677093845,0.7902791792801883,0.006727211570803902,0.007113821138211382,-0.00038660956740747994,0.07870837537840565,0.07198116380760175,0.8493104608139926
tab_fact,Qwen/Qwen2.5-7B-Instruct,reason.verify,reason,schema.has_unit_col,695,0.8129496402877698,0.8345323741007195,0.02158273381294964,0.007113821138211382,0.014468912674738259,0.06330935251798561,0.041726618705035974,0.8949640287769784
tab_fact,Qwen/Qwen2.5-7B-Instruct,reason.verify,reason,schema.header_repetition_marker,13,0.5384615384615384,0.8461538461538461,0.3076923076923077,0.007113821138211382,0.3005784865540963,0.3076923076923077,0.0,0.6923076923076923
tab_fact,Qwen/Qwen2.5-7B-Instruct,reason.verify,reason,table.cols_bin=4_6,8636,0.7897174617878647,0.7904122278832793,0.0006947660954145438,0.007113821138211382,-0.006419055042796838,0.07248726262158407,0.07179249652616952,0.8557202408522464
tab_fact,Qwen/Qwen2.5-7B-Instruct,reason.verify,reason,table.cols_bin=7_10,3920,0.7966836734693877,0.8160714285714286,0.019387755102040816,0.007113821138211382,0.012273933963829434,0.08163265306122448,0.06224489795918367,0.8561224489795919
tab_fact,Qwen/Qwen2.5-7B-Instruct,reason.verify,reason,table.cols_bin=gt_10,236,0.75,0.788135593220339,0.038135593220338986,0.007113821138211382,0.031021772082127603,0.09745762711864407,0.059322033898305086,0.8432203389830508
tab_fact,Qwen/Qwen2.5-7B-Instruct,reason.verify,reason,table.numeric_cols_bin=0,2679,0.7719298245614035,0.7745427398282941,0.0026129152668906306,0.007113821138211382,-0.004500905871320751,0.0843598357596118,0.08174692049272117,0.833893243747667
tab_fact,Qwen/Qwen2.5-7B-Instruct,reason.verify,reason,table.numeric_cols_bin=1,4940,0.7959514170040486,0.8082995951417004,0.012348178137651822,0.007113821138211382,0.00523435699944044,0.07732793522267206,0.06497975708502024,0.8576923076923076
tab_fact,Qwen/Qwen2.5-7B-Instruct,reason.verify,reason,table.numeric_cols_bin=2_3,3421,0.7991815258696288,0.7968430283542823,-0.00233849751534639,0.007113821138211382,-0.009452318653557772,0.06547793042969892,0.0678164279450453,0.8667056416252558
tab_fact,Qwen/Qwen2.5-7B-Instruct,reason.verify,reason,table.numeric_cols_bin=ge_4,1752,0.791095890410959,0.8087899543378996,0.01769406392694064,0.007113821138211382,0.010580242788729256,0.07819634703196347,0.06050228310502283,0.8613013698630136
tab_fact,Qwen/Qwen2.5-7B-Instruct,reason.verify,reason,table.numeric_density_bin=high,1884,0.7940552016985138,0.8057324840764332,0.01167728237791932,0.007113821138211382,0.004563461239707938,0.07006369426751592,0.058386411889596604,0.8715498938428875
tab_fact,Qwen/Qwen2.5-7B-Instruct,reason.verify,reason,table.numeric_density_bin=low,5002,0.7956817273090764,0.8084766093562575,0.012794882047181128,0.007113821138211382,0.005681060908969746,0.07736905237904838,0.06457417033186726,0.8580567772890844
tab_fact,Qwen/Qwen2.5-7B-Instruct,reason.verify,reason,table.numeric_density_bin=mid,3227,0.7982646420824295,0.7976448713975829,-0.0006197706848466068,0.007113821138211382,-0.007733591823057989,0.06941431670281996,0.07003408738766656,0.8605515959095135
tab_fact,Qwen/Qwen2.5-7B-Instruct,reason.verify,reason,table.numeric_density_bin=none,2679,0.7719298245614035,0.7745427398282941,0.0026129152668906306,0.007113821138211382,-0.004500905871320751,0.0843598357596118,0.08174692049272117,0.833893243747667
tab_fact,Qwen/Qwen2.5-7B-Instruct,reason.verify,reason,table.rows_bin=0_5,1255,0.8270916334661355,0.8318725099601594,0.004780876494023904,0.007113821138211382,-0.0023329446441874777,0.054183266932270914,0.04940239043824701,0.896414342629482
tab_fact,Qwen/Qwen2.5-7B-Instruct,reason.verify,reason,table.rows_bin=11_25,5076,0.7901891252955082,0.7964933018124507,0.006304176516942475,0.007113821138211382,-0.000809644621268907,0.08392434988179669,0.07762017336485422,0.8384554767533491
tab_fact,Qwen/Qwen2.5-7B-Instruct,reason.verify,reason,table.rows_bin=26_50,1533,0.7455968688845401,0.7279843444227005,-0.01761252446183953,0.007113821138211382,-0.024726345600050912,0.07827788649706457,0.0958904109589041,0.8258317025440313
tab_fact,Qwen/Qwen2.5-7B-Instruct,reason.verify,reason,table.rows_bin=6_10,4928,0.797077922077922,0.8133116883116883,0.016233766233766232,0.007113821138211382,0.00911994509555485,0.07203733766233766,0.05580357142857143,0.8721590909090909
tab_fact,Qwen/Qwen2.5-7B-Instruct,reason.verify,reason,table.shape=balanced,5833,0.7731870392593863,0.77404423109892,0.0008571918395336877,0.007113821138211382,-0.006256629298677694,0.08263329333104749,0.0817761014915138,0.8355906051774387
tab_fact,Qwen/Qwen2.5-7B-Instruct,reason.verify,reason,table.shape=wide,6959,0.8061503089524357,0.818508406380227,0.01235809742779135,0.007113821138211382,0.005244276289579968,0.06998131915505101,0.057623221727259664,0.8723954591176893
tab_fact,Qwen/Qwen2.5-7B-Instruct,reason.verify,reason,text.has_number,9725,0.7835475578406169,0.7919794344473008,0.008431876606683805,0.007113821138211382,0.0013180554684724234,0.07732647814910026,0.06889460154241646,0.8537789203084832
tab_fact,Qwen/Qwen2.5-7B-Instruct,reason.verify,reason,text.has_ordinal,1318,0.783763277693475,0.7905918057663126,0.006828528072837633,0.007113821138211382,-0.0002852930653737488,0.07814871016691957,0.07132018209408195,0.8505311077389985
tab_fact,Qwen/Qwen2.5-7B-Instruct,reason.verify,reason,text.has_quoted_span,79,0.810126582278481,0.8481012658227848,0.0379746835443038,0.007113821138211382,0.030860862406092416,0.0759493670886076,0.0379746835443038,0.8860759493670886
tab_fact,Qwen/Qwen2.5-7B-Instruct,reason.verify,reason,text.has_year,3385,0.7698670605612998,0.7855243722304284,0.01565731166912851,0.007113821138211382,0.008543490530917127,0.0827178729689808,0.06706056129985229,0.8502215657311669
tab_fact,Qwen/Qwen2.5-7B-Instruct,ser.html,ser,cell.has_date_like,10072,0.7901111993645751,0.8098689436060366,0.019757744241461477,0.022435897435897436,-0.0026781531944359595,0.09521445591739476,0.07545671167593328,0.829328832406672
tab_fact,Qwen/Qwen2.5-7B-Instruct,ser.html,ser,cell.has_numeric_range,4618,0.7784755305326981,0.7999133824166306,0.02143785188393244,0.022435897435897436,-0.0009980455519649975,0.10155911650064964,0.08012126461671719,0.8183196188826332
tab_fact,Qwen/Qwen2.5-7B-Instruct,ser.html,ser,cell.has_percent,319,0.8432601880877743,0.8432601880877743,0.0,0.022435897435897436,-0.022435897435897436,0.05956112852664577,0.05956112852664577,0.8808777429467085
tab_fact,Qwen/Qwen2.5-7B-Instruct,ser.html,ser,cell.has_score_surface,4476,0.7801608579088471,0.8007149240393209,0.020554066130473638,0.022435897435897436,-0.0018818313054237978,0.09964253798033959,0.07908847184986595,0.8212689901697945
tab_fact,Qwen/Qwen2.5-7B-Instruct,ser.html,ser,cell.missing_value_marker,611,0.7937806873977087,0.7888707037643208,-0.004909983633387889,0.022435897435897436,-0.027345881069285323,0.08183306055646482,0.0867430441898527,0.8314238952536824
tab_fact,Qwen/Qwen2.5-7B-Instruct,ser.html,ser,grounding.cell_overlap,11804,0.796340223652999,0.8190443917316164,0.02270416807861742,0.022435897435897436,0.0002682706427199824,0.09395120298203999,0.07124703490342257,0.8348017621145375
tab_fact,Qwen/Qwen2.5-7B-Instruct,ser.html,ser,grounding.header_overlap,9837,0.8007522618684558,0.81935549456135,0.018603232692894173,0.022435897435897436,-0.0038326647430032626,0.09108468028870591,0.07248144759581174,0.8364338721154824
tab_fact,Qwen/Qwen2.5-7B-Instruct,ser.html,ser,intent.aggregate_noncount,674,0.7804154302670623,0.7922848664688428,0.011869436201780416,0.022435897435897436,-0.01056646123411702,0.09940652818991098,0.08753709198813056,0.8130563798219584
tab_fact,Qwen/Qwen2.5-7B-Instruct,ser.html,ser,intent.arithmetic,127,0.7244094488188977,0.7795275590551181,0.05511811023622047,0.022435897435897436,0.03268221280032303,0.10236220472440945,0.047244094488188976,0.8503937007874016
tab_fact,Qwen/Qwen2.5-7B-Instruct,ser.html,ser,intent.comparison,891,0.7721661054994389,0.7890011223344556,0.016835016835016835,0.022435897435897436,-0.005600880600880601,0.09539842873176206,0.07856341189674523,0.8260381593714927
tab_fact,Qwen/Qwen2.5-7B-Instruct,ser.html,ser,intent.count,373,0.7587131367292225,0.7801608579088471,0.021447721179624665,0.022435897435897436,-0.0009881762562727707,0.09115281501340483,0.06970509383378017,0.839142091152815
tab_fact,Qwen/Qwen2.5-7B-Instruct,ser.html,ser,intent.negation_marker,785,0.7286624203821656,0.7579617834394905,0.02929936305732484,0.022435897435897436,0.006863465621427405,0.13630573248407643,0.1070063694267516,0.756687898089172
tab_fact,Qwen/Qwen2.5-7B-Instruct,ser.html,ser,intent.superlative_rank,2561,0.7582975400234283,0.7887543928153066,0.030456852791878174,0.022435897435897436,0.008020955355980738,0.11128465443186256,0.08082780163998438,0.8078875439281531
tab_fact,Qwen/Qwen2.5-7B-Instruct,ser.html,ser,intent.temporal,5601,0.7784324227816461,0.803963577932512,0.025531155150865917,0.022435897435897436,0.003095257714968481,0.10087484377789681,0.07534368862703089,0.8237814675950723
tab_fact,Qwen/Qwen2.5-7B-Instruct,ser.html,ser,schema.has_date_col,7357,0.7822481989941552,0.8039961941008563,0.021747995106701102,0.022435897435897436,-0.000687902329196334,0.09813782791898872,0.07638983281228762,0.8254723392687237
tab_fact,Qwen/Qwen2.5-7B-Instruct,ser.html,ser,schema.has_rank_col,3125,0.80672,0.82816,0.02144,0.022435897435897436,-0.0009958974358974353,0.08704,0.0656,0.84736
tab_fact,Qwen/Qwen2.5-7B-Instruct,ser.html,ser,schema.has_score_col,5946,0.7835519677093845,0.805247225025227,0.021695257315842584,0.022435897435897436,-0.0007406401200548522,0.09771274806592667,0.07601749075008409,0.8262697611839892
tab_fact,Qwen/Qwen2.5-7B-Instruct,ser.html,ser,schema.has_unit_col,695,0.8129496402877698,0.8402877697841726,0.027338129496402876,0.022435897435897436,0.00490223206050544,0.08489208633093526,0.05755395683453238,0.8575539568345324
tab_fact,Qwen/Qwen2.5-7B-Instruct,ser.html,ser,schema.header_repetition_marker,13,0.5384615384615384,0.7692307692307693,0.23076923076923078,0.022435897435897436,0.20833333333333334,0.23076923076923078,0.0,0.7692307692307693
tab_fact,Qwen/Qwen2.5-7B-Instruct,ser.html,ser,table.cols_bin=4_6,8636,0.7897174617878647,0.8150764242704956,0.025358962482630847,0.022435897435897436,0.0029230650467334113,0.099235757295044,0.07387679481241316,0.8268874478925429
tab_fact,Qwen/Qwen2.5-7B-Instruct,ser.html,ser,table.cols_bin=7_10,3920,0.7966836734693877,0.8107142857142857,0.01403061224489796,0.022435897435897436,-0.008405285190999477,0.08877551020408163,0.07474489795918367,0.8364795918367347
tab_fact,Qwen/Qwen2.5-7B-Instruct,ser.html,ser,table.cols_bin=gt_10,236,0.75,0.8050847457627118,0.05508474576271186,0.022435897435897436,0.03264884832681443,0.13135593220338984,0.07627118644067797,0.7923728813559322
tab_fact,Qwen/Qwen2.5-7B-Instruct,ser.html,ser,table.numeric_cols_bin=0,2679,0.7719298245614035,0.7973124300111982,0.0253826054497947,0.022435897435897436,0.0029467080138972646,0.10712952594251586,0.08174692049272117,0.811123553564763
tab_fact,Qwen/Qwen2.5-7B-Instruct,ser.html,ser,table.numeric_cols_bin=1,4940,0.7959514170040486,0.8190283400809717,0.023076923076923078,0.022435897435897436,0.0006410256410256422,0.09412955465587045,0.07105263157894737,0.8348178137651822
tab_fact,Qwen/Qwen2.5-7B-Instruct,ser.html,ser,table.numeric_cols_bin=2_3,3421,0.7991815258696288,0.8102893890675241,0.011107863197895352,0.022435897435897436,-0.011328034238002084,0.09003215434083602,0.07892429114294067,0.8310435545162234
tab_fact,Qwen/Qwen2.5-7B-Instruct,ser.html,ser,table.numeric_cols_bin=ge_4,1752,0.791095890410959,0.829337899543379,0.03824200913242009,0.022435897435897436,0.015806111696522653,0.1004566210045662,0.062214611872146115,0.8373287671232876
tab_fact,Qwen/Qwen2.5-7B-Instruct,ser.html,ser,table.numeric_density_bin=high,1884,0.7940552016985138,0.8365180467091295,0.04246284501061571,0.022435897435897436,0.020026947574718273,0.09978768577494693,0.05732484076433121,0.8428874734607219
tab_fact,Qwen/Qwen2.5-7B-Instruct,ser.html,ser,table.numeric_density_bin=low,5002,0.7956817273090764,0.8188724510195922,0.023190723710515795,0.022435897435897436,0.0007548262746183594,0.0939624150339864,0.07077169132347061,0.835265893642543
tab_fact,Qwen/Qwen2.5-7B-Instruct,ser.html,ser,table.numeric_density_bin=mid,3227,0.7982646420824295,0.8053920049581654,0.007127362875735978,0.022435897435897436,-0.015308534560161458,0.09017663464518129,0.08304927176944531,0.8267740935853735
tab_fact,Qwen/Qwen2.5-7B-Instruct,ser.html,ser,table.numeric_density_bin=none,2679,0.7719298245614035,0.7973124300111982,0.0253826054497947,0.022435897435897436,0.0029467080138972646,0.10712952594251586,0.08174692049272117,0.811123553564763
tab_fact,Qwen/Qwen2.5-7B-Instruct,ser.html,ser,table.rows_bin=0_5,1255,0.8270916334661355,0.8454183266932271,0.018326693227091632,0.022435897435897436,-0.004109204208805804,0.07410358565737052,0.055776892430278883,0.8701195219123506
tab_fact,Qwen/Qwen2.5-7B-Instruct,ser.html,ser,table.rows_bin=11_25,5076,0.7901891252955082,0.8045705279747833,0.01438140267927502,0.022435897435897436,-0.008054494756622416,0.10047281323877069,0.08609141055949567,0.8134357762017337
tab_fact,Qwen/Qwen2.5-7B-Instruct,ser.html,ser,table.rows_bin=26_50,1533,0.7455968688845401,0.7566862361382909,0.011089367253750815,0.022435897435897436,-0.011346530182146621,0.1004566210045662,0.08936725375081539,0.8101761252446184
tab_fact,Qwen/Qwen2.5-7B-Instruct,ser.html,ser,table.rows_bin=6_10,4928,0.797077922077922,0.8323863636363636,0.03530844155844156,0.022435897435897436,0.012872544122544124,0.09719967532467533,0.06189123376623377,0.8409090909090909
tab_fact,Qwen/Qwen2.5-7B-Instruct,ser.html,ser,table.shape=balanced,5833,0.7731870392593863,0.7906737527858735,0.017486713526487226,0.022435897435897436,-0.00494918390941021,0.10372021258357621,0.08623349905708898,0.8100462883593348
tab_fact,Qwen/Qwen2.5-7B-Instruct,ser.html,ser,table.shape=wide,6959,0.8061503089524357,0.8327345883029171,0.02658427935048139,0.022435897435897436,0.004148381914583953,0.09067394740623652,0.06408966805575514,0.8452363845380083
tab_fact,Qwen/Qwen2.5-7B-Instruct,ser.html,ser,text.has_number,9725,0.7835475578406169,0.8074035989717223,0.0238560411311054,0.022435897435897436,0.0014201436952079628,0.09912596401028277,0.07526992287917737,0.8256041131105398
tab_fact,Qwen/Qwen2.5-7B-Instruct,ser.html,ser,text.has_ordinal,1318,0.783763277693475,0.8148710166919575,0.03110773899848255,0.022435897435897436,0.008671841562585113,0.09787556904400607,0.06676783004552352,0.8353566009104704
tab_fact,Qwen/Qwen2.5-7B-Instruct,ser.html,ser,text.has_quoted_span,79,0.810126582278481,0.7974683544303798,-0.012658227848101266,0.022435897435897436,-0.0350941252839987,0.0759493670886076,0.08860759493670886,0.8354430379746836
tab_fact,Qwen/Qwen2.5-7B-Instruct,ser.html,ser,text.has_year,3385,0.7698670605612998,0.8044313146233383,0.034564254062038405,0.022435897435897436,0.012128356626140969,0.10723781388478582,0.07267355982274741,0.8200886262924668
tab_fact,Qwen/Qwen2.5-7B-Instruct,ser.records,ser,cell.has_date_like,10072,0.7901111993645751,0.8163224781572677,0.026211278792692614,0.029627892432770482,-0.003416613640077868,0.1017672756155679,0.0755559968228753,0.8226767275615567
tab_fact,Qwen/Qwen2.5-7B-Instruct,ser.records,ser,cell.has_numeric_range,4618,0.7784755305326981,0.8064097011693374,0.02793417063663924,0.029627892432770482,-0.001693721796131243,0.1043741879601559,0.07644001732351667,0.8191857947163275
tab_fact,Qwen/Qwen2.5-7B-Instruct,ser.records,ser,cell.has_percent,319,0.8432601880877743,0.8589341692789969,0.01567398119122257,0.029627892432770482,-0.013953911241547913,0.07836990595611286,0.06269592476489028,0.8589341692789969
tab_fact,Qwen/Qwen2.5-7B-Instruct,ser.records,ser,cell.has_score_surface,4476,0.7801608579088471,0.8092046470062556,0.0290437890974084,0.029627892432770482,-0.0005841033353620809,0.10344057193923145,0.07439678284182305,0.8221626452189454
tab_fact,Qwen/Qwen2.5-7B-Instruct,ser.records,ser,cell.missing_value_marker,611,0.7937806873977087,0.7921440261865794,-0.0016366612111292963,0.029627892432770482,-0.03126455364389978,0.088379705400982,0.09001636661211129,0.8216039279869067
tab_fact,Qwen/Qwen2.5-7B-Instruct,ser.records,ser,grounding.cell_overlap,11804,0.796340223652999,0.8264147746526601,0.03007455099966113,0.029627892432770482,0.0004466585668906481,0.1013215859030837,0.07124703490342257,0.8274313791934937
tab_fact,Qwen/Qwen2.5-7B-Instruct,ser.records,ser,grounding.header_overlap,9837,0.8007522618684558,0.8296228524956796,0.028870590627223747,0.029627892432770482,-0.0007573018055467354,0.09921724102876893,0.07034665040154518,0.8304361085696859
tab_fact,Qwen/Qwen2.5-7B-Instruct,ser.records,ser,intent.aggregate_noncount,674,0.7804154302670623,0.8160237388724035,0.03560830860534125,0.029627892432770482,0.0059804161725707655,0.10682492581602374,0.0712166172106825,0.8219584569732937
tab_fact,Qwen/Qwen2.5-7B-Instruct,ser.records,ser,intent.arithmetic,127,0.7244094488188977,0.8031496062992126,0.07874015748031496,0.029627892432770482,0.04911226504754448,0.12598425196850394,0.047244094488188976,0.8267716535433071
tab_fact,Qwen/Qwen2.5-7B-Instruct,ser.records,ser,intent.comparison,891,0.7721661054994389,0.797979797979798,0.025813692480359147,0.029627892432770482,-0.0038141999524113346,0.10101010101010101,0.07519640852974187,0.8237934904601572
tab_fact,Qwen/Qwen2.5-7B-Instruct,ser.records,ser,intent.count,373,0.7587131367292225,0.8016085790884718,0.04289544235924933,0.029627892432770482,0.013267549926478849,0.10455764075067024,0.06166219839142091,0.8337801608579088
tab_fact,Qwen/Qwen2.5-7B-Instruct,ser.records,ser,intent.negation_marker,785,0.7286624203821656,0.780891719745223,0.05222929936305733,0.029627892432770482,0.022601406930286845,0.14522292993630573,0.0929936305732484,0.7617834394904459
tab_fact,Qwen/Qwen2.5-7B-Instruct,ser.records,ser,intent.superlative_rank,2561,0.7582975400234283,0.7918781725888325,0.03358063256540414,0.029627892432770482,0.003952740132633657,0.116751269035533,0.08317063647012886,0.8000780944943382
tab_fact,Qwen/Qwen2.5-7B-Instruct,ser.records,ser,intent.temporal,5601,0.7784324227816461,0.8162828066416711,0.037850383860025,0.029627892432770482,0.008222491427254515,0.1101589001963935,0.0723085163363685,0.817532583467238
tab_fact,Qwen/Qwen2.5-7B-Instruct,ser.records,ser,schema.has_date_col,7357,0.7822481989941552,0.8083457931221966,0.026097594128041322,0.029627892432770482,-0.0035302983047291597,0.10248742694032893,0.07638983281228762,0.8211227402473834
tab_fact,Qwen/Qwen2.5-7B-Instruct,ser.records,ser,schema.has_rank_col,3125,0.80672,0.82816,0.02144,0.029627892432770482,-0.008187892432770481,0.09824,0.0768,0.82496
tab_fact,Qwen/Qwen2.5-7B-Instruct,ser.records,ser,schema.has_score_col,5946,0.7835519677093845,0.811974436596031,0.028422468886646485,0.029627892432770482,-0.0012054235461239973,0.10208543558694921,0.07366296670030273,0.824251597712748
tab_fact,Qwen/Qwen2.5-7B-Instruct,ser.records,ser,schema.has_unit_col,695,0.8129496402877698,0.8330935251798561,0.02014388489208633,0.029627892432770482,-0.009484007540684153,0.08201438848920864,0.0618705035971223,0.8561151079136691
tab_fact,Qwen/Qwen2.5-7B-Instruct,ser.records,ser,schema.header_repetition_marker,13,0.5384615384615384,0.6923076923076923,0.15384615384615385,0.029627892432770482,0.12421826141338338,0.15384615384615385,0.0,0.8461538461538461
tab_fact,Qwen/Qwen2.5-7B-Instruct,ser.records,ser,table.cols_bin=4_6,8636,0.7897174617878647,0.821097730430755,0.03138026864289023,0.029627892432770482,0.001752376210119748,0.1054886521537749,0.07410838351088467,0.8204029643353404
tab_fact,Qwen/Qwen2.5-7B-Instruct,ser.records,ser,table.cols_bin=7_10,3920,0.7966836734693877,0.8198979591836735,0.023214285714285715,0.029627892432770482,-0.006413606718484767,0.09566326530612244,0.07244897959183673,0.8318877551020408
tab_fact,Qwen/Qwen2.5-7B-Instruct,ser.records,ser,table.cols_bin=gt_10,236,0.75,0.8220338983050848,0.07203389830508475,0.029627892432770482,0.042406005872314266,0.1440677966101695,0.07203389830508475,0.7838983050847458
tab_fact,Qwen/Qwen2.5-7B-Instruct,ser.records,ser,table.numeric_cols_bin=0,2679,0.7719298245614035,0.812989921612542,0.041060097051138486,0.029627892432770482,0.011432204618368004,0.11534154535274356,0.07428144830160507,0.8103770063456514
tab_fact,Qwen/Qwen2.5-7B-Instruct,ser.records,ser,table.numeric_cols_bin=1,4940,0.7959514170040486,0.8202429149797571,0.024291497975708502,0.029627892432770482,-0.00533639445706198,0.09817813765182186,0.07388663967611336,0.8279352226720648
tab_fact,Qwen/Qwen2.5-7B-Instruct,ser.records,ser,table.numeric_cols_bin=2_3,3421,0.7991815258696288,0.8190587547500731,0.019877228880444315,0.029627892432770482,-0.009750663552326167,0.09704764688687519,0.07717041800643087,0.825781935106694
tab_fact,Qwen/Qwen2.5-7B-Instruct,ser.records,ser,table.numeric_cols_bin=ge_4,1752,0.791095890410959,0.8373287671232876,0.046232876712328765,0.029627892432770482,0.016604984279558282,0.11073059360730593,0.06449771689497717,0.8247716894977168
tab_fact,Qwen/Qwen2.5-7B-Instruct,ser.records,ser,table.numeric_density_bin=high,1884,0.7940552016985138,0.8359872611464968,0.04193205944798301,0.029627892432770482,0.01230416701521253,0.10668789808917198,0.06475583864118896,0.828556263269639
tab_fact,Qwen/Qwen2.5-7B-Instruct,ser.records,ser,table.numeric_density_bin=low,5002,0.7956817273090764,0.8200719712115154,0.024390243902439025,0.029627892432770482,-0.005237648530331457,0.09836065573770492,0.0739704118352659,0.8276689324270292
tab_fact,Qwen/Qwen2.5-7B-Instruct,ser.records,ser,table.numeric_density_bin=mid,3227,0.7982646420824295,0.8193368453672142,0.02107220328478463,0.029627892432770482,-0.008555689147985851,0.09854353889061047,0.07747133560582585,0.8239851255035637
tab_fact,Qwen/Qwen2.5-7B-Instruct,ser.records,ser,table.numeric_density_bin=none,2679,0.7719298245614035,0.812989921612542,0.041060097051138486,0.029627892432770482,0.011432204618368004,0.11534154535274356,0.07428144830160507,0.8103770063456514
tab_fact,Qwen/Qwen2.5-7B-Instruct,ser.records,ser,table.rows_bin=0_5,1255,0.8270916334661355,0.8382470119521912,0.011155378486055778,0.029627892432770482,-0.018472513946714703,0.07569721115537849,0.06454183266932272,0.8597609561752988
tab_fact,Qwen/Qwen2.5-7B-Instruct,ser.records,ser,table.rows_bin=11_25,5076,0.7901891252955082,0.8163908589440504,0.02620173364854216,0.029627892432770482,-0.0034261587842283232,0.1095350669818755,0.08333333333333333,0.8071315996847912
tab_fact,Qwen/Qwen2.5-7B-Instruct,ser.records,ser,table.rows_bin=26_50,1533,0.7455968688845401,0.7658186562296151,0.020221787345075015,0.029627892432770482,-0.009406105087695467,0.11350293542074363,0.09328114807566862,0.7932159165035877
tab_fact,Qwen/Qwen2.5-7B-Instruct,ser.records,ser,table.rows_bin=6_10,4928,0.797077922077922,0.8378652597402597,0.040787337662337664,0.029627892432770482,0.011159445229567182,0.10044642857142858,0.05965909090909091,0.8398944805194806
tab_fact,Qwen/Qwen2.5-7B-Instruct,ser.records,ser,table.shape=balanced,5833,0.7731870392593863,0.8006171781244642,0.027430138865078006,0.029627892432770482,-0.0021977535676924766,0.11349219955426024,0.08606206068918223,0.8004457397565575
tab_fact,Qwen/Qwen2.5-7B-Instruct,ser.records,ser,table.shape=wide,6959,0.8061503089524357,0.8376203477511137,0.03147003879867797,0.029627892432770482,0.0018421463659074877,0.09455381520333381,0.06308377640465584,0.8423624083920104
tab_fact,Qwen/Qwen2.5-7B-Instruct,ser.records,ser,text.has_number,9725,0.7835475578406169,0.8184061696658098,0.0348586118251928,0.029627892432770482,0.005230719392422319,0.10817480719794345,0.07331619537275064,0.8185089974293059
tab_fact,Qwen/Qwen2.5-7B-Instruct,ser.records,ser,text.has_ordinal,1318,0.783763277693475,0.8163884673748103,0.032625189681335355,0.029627892432770482,0.002997297248564873,0.10091047040971168,0.06828528072837632,0.830804248861912
tab_fact,Qwen/Qwen2.5-7B-Instruct,ser.records,ser,text.has_quoted_span,79,0.810126582278481,0.8607594936708861,0.05063291139240506,0.029627892432770482,0.02100501895963458,0.08860759493670886,0.0379746835443038,0.8734177215189873
tab_fact,Qwen/Qwen2.5-7B-Instruct,ser.records,ser,text.has_year,3385,0.7698670605612998,0.8194977843426884,0.049630723781388476,0.029627892432770482,0.020002831348617994,0.11875923190546529,0.06912850812407681,0.8121122599704579
tablebench,Qwen/Qwen2.5-7B-Instruct,ctx.stats,ctx,cell.has_comma_number,41,0.4532161596689123,0.38429156379358553,-0.06892459587532684,-0.00018117259097882678,-0.06874342328434802,0.1951219512195122,0.21951219512195122,0.5853658536585366
tablebench,Qwen/Qwen2.5-7B-Instruct,ctx.stats,ctx,cell.has_date_like,618,0.2962765924251681,0.29629787501241983,2.1282587251826486e-05,-0.00018117259097882678,0.00020245517823065326,0.1343042071197411,0.13754045307443366,0.7281553398058253
tablebench,Qwen/Qwen2.5-7B-Instruct,ctx.stats,ctx,cell.has_numeric_range,127,0.25528515139569213,0.2442276071506471,-0.01105754424504505,-0.00018117259097882678,-0.010876371654066222,0.12598425196850394,0.2125984251968504,0.6614173228346457
tablebench,Qwen/Qwen2.5-7B-Instruct,ctx.stats,ctx,cell.has_percent,75,0.21459930719042153,0.2500465975578939,0.035447290367472344,-0.00018117259097882678,0.03562846295845117,0.17333333333333334,0.09333333333333334,0.7333333333333333
tablebench,Qwen/Qwen2.5-7B-Instruct,ctx.stats,ctx,cell.has_score_surface,29,0.3543400713436385,0.3901512561630619,0.035811184819423365,-0.00018117259097882678,0.035992357410402194,0.13793103448275862,0.10344827586206896,0.7586206896551724
tablebench,Qwen/Qwen2.5-7B-Instruct,ctx.stats,ctx,cell.missing_value_marker,110,0.31183395568172917,0.32281224152952115,0.010978285847792032,-0.00018117259097882678,0.011159458438770859,0.13636363636363635,0.15454545454545454,0.7090909090909091
tablebench,Qwen/Qwen2.5-7B-Instruct,ctx.stats,ctx,grounding.cell_overlap,400,0.3602515404861317,0.36027698323572865,2.5442749596958914e-05,-0.00018117259097882678,0.0002066153405757857,0.0975,0.095,0.8075
tablebench,Qwen/Qwen2.5-7B-Instruct,ctx.stats,ctx,grounding.header_overlap,734,0.3217612030387408,0.32455724590302715,0.0027960428642864353,-0.00018117259097882678,0.002977215455265262,0.10490463215258855,0.10354223433242507,0.7915531335149864
tablebench,Qwen/Qwen2.5-7B-Instruct,ctx.stats,ctx,intent.aggregate_noncount,306,0.24793695078903324,0.23314957535780498,-0.014787375431228305,-0.00018117259097882678,-0.014606202840249478,0.0784313725490196,0.08496732026143791,0.8366013071895425
tablebench,Qwen/Qwen2.5-7B-Instruct,ctx.stats,ctx,intent.arithmetic,131,0.2913964675649644,0.3560848283958708,0.06468836083090636,-0.00018117259097882678,0.06486953342188519,0.1297709923664122,0.07633587786259542,0.7938931297709924
tablebench,Qwen/Qwen2.5-7B-Instruct,ctx.stats,ctx,intent.comparison,39,0.2564102564102564,0.15384615384615385,-0.10256410256410256,-0.00018117259097882678,-0.10238292997312373,0.07692307692307693,0.1794871794871795,0.7435897435897436
tablebench,Qwen/Qwen2.5-7B-Instruct,ctx.stats,ctx,intent.count,234,0.336914215798716,0.315246759068745,-0.021667456729970995,-0.00018117259097882678,-0.02148628413899217,0.09829059829059829,0.12393162393162394,0.7777777777777778
tablebench,Qwen/Qwen2.5-7B-Instruct,ctx.stats,ctx,intent.negation_marker,30,0.24347826086956523,0.20909090909090908,-0.03438735177865613,-0.00018117259097882678,-0.0342061791876773,0.0,0.06666666666666667,0.9333333333333333
tablebench,Qwen/Qwen2.5-7B-Instruct,ctx.stats,ctx,intent.superlative_rank,243,0.3979791728979513,0.41401463191586646,0.016035459017915157,-0.00018117259097882678,0.016216631608893983,0.11934156378600823,0.10699588477366255,0.7736625514403292
tablebench,Qwen/Qwen2.5-7B-Instruct,ctx.stats,ctx,intent.temporal,366,0.2924309119121662,0.2959350530374756,0.0035041411253093685,-0.00018117259097882678,0.0036853137162881954,0.07103825136612021,0.08743169398907104,0.8415300546448088
tablebench,Qwen/Qwen2.5-7B-Instruct,ctx.stats,ctx,native.tablebench_qsubtype=Aggregation,50,0.18,0.14,-0.04,-0.00018117259097882678,-0.03981882740902117,0.04,0.08,0.88
tablebench,Qwen/Qwen2.5-7B-Instruct,ctx.stats,ctx,native.tablebench_qsubtype=AnomalyDetection,47,0.10134381246219815,0.11974753026003458,0.018403717797836436,-0.00018117259097882678,0.01858489038881526,0.425531914893617,0.3191489361702128,0.2553191489361702
tablebench,Qwen/Qwen2.5-7B-Instruct,ctx.stats,ctx,native.tablebench_qsubtype=ArithmeticCalculation,50,0.4,0.38,-0.02,-0.00018117259097882678,-0.019818827409021175,0.08,0.1,0.82
tablebench,Qwen/Qwen2.5-7B-Instruct,ctx.stats,ctx,native.tablebench_qsubtype=CausalAnalysis,45,0.23341842737934768,0.2268506410285921,-0.006567786350755584,-0.00018117259097882678,-0.006386613759776757,0.24444444444444444,0.28888888888888886,0.4666666666666667
tablebench,Qwen/Qwen2.5-7B-Instruct,ctx.stats,ctx,native.tablebench_qsubtype=Comparison,50,0.5,0.6,0.1,-0.00018117259097882678,0.10018117259097883,0.14,0.04,0.82
tablebench,Qwen/Qwen2.5-7B-Instruct,ctx.stats,ctx,native.tablebench_qsubtype=CorrelationAnalysis,50,0.0,0.0,0.0,-0.00018117259097882678,0.00018117259097882678,0.0,0.0,1.0
tablebench,Qwen/Qwen2.5-7B-Instruct,ctx.stats,ctx,native.tablebench_qsubtype=Counting,50,0.32,0.28,-0.04,-0.00018117259097882678,-0.03981882740902117,0.14,0.18,0.68
tablebench,Qwen/Qwen2.5-7B-Instruct,ctx.stats,ctx,native.tablebench_qsubtype=DescriptiveAnalysis,51,0.28566040220639816,0.2715254093285037,-0.01413499287789431,-0.00018117259097882678,-0.013953820286915483,0.3333333333333333,0.6470588235294118,0.0196078431372549
tablebench,Qwen/Qwen2.5-7B-Instruct,ctx.stats,ctx,native.tablebench_qsubtype=Domain-Specific,49,0.3877551020408163,0.3877551020408163,0.0,-0.00018117259097882678,0.00018117259097882678,0.10204081632653061,0.10204081632653061,0.7959183673469388
tablebench,Qwen/Qwen2.5-7B-Instruct,ctx.stats,ctx,native.tablebench_qsubtype=ImpactAnalysis,50,0.1,0.12,0.02,-0.00018117259097882678,0.020181172590978826,0.02,0.0,0.98
tablebench,Qwen/Qwen2.5-7B-Instruct,ctx.stats,ctx,native.tablebench_qsubtype=MatchBased,46,0.9130434782608695,0.8695652173913043,-0.043478260869565216,-0.00018117259097882678,-0.04329708827858639,0.021739130434782608,0.06521739130434782,0.9130434782608695
tablebench,Qwen/Qwen2.5-7B-Instruct,ctx.stats,ctx,native.tablebench_qsubtype=Multi-hop FactChecking,50,0.56,0.58,0.02,-0.00018117259097882678,0.020181172590978826,0.12,0.1,0.78
tablebench,Qwen/Qwen2.5-7B-Instruct,ctx.stats,ctx,native.tablebench_qsubtype=Multi-hop NumericalReasoing,51,0.21568627450980393,0.23529411764705882,0.0196078431372549,-0.00018117259097882678,0.019789015728233727,0.11764705882352941,0.09803921568627451,0.7843137254901961
tablebench,Qwen/Qwen2.5-7B-Instruct,ctx.stats,ctx,native.tablebench_qsubtype=Ranking,50,0.52,0.5,-0.02,-0.00018117259097882678,-0.019818827409021175,0.1,0.12,0.78
tablebench,Qwen/Qwen2.5-7B-Instruct,ctx.stats,ctx,native.tablebench_qsubtype=StatisticalAnalysis,50,0.16,0.1,-0.06,-0.00018117259097882678,-0.05981882740902117,0.04,0.1,0.86
tablebench,Qwen/Qwen2.5-7B-Instruct,ctx.stats,ctx,native.tablebench_qsubtype=Time-basedCalculation,47,0.2765957446808511,0.3829787234042553,0.10638297872340426,-0.00018117259097882678,0.10656415131438308,0.1702127659574468,0.06382978723404255,0.7659574468085106
tablebench,Qwen/Qwen2.5-7B-Instruct,ctx.stats,ctx,native.tablebench_qsubtype=TrendForecasting,50,0.14,0.1,-0.04,-0.00018117259097882678,-0.03981882740902117,0.04,0.08,0.88
tablebench,Qwen/Qwen2.5-7B-Instruct,ctx.stats,ctx,native.tablebench_qtype=DataAnalysis,343,0.14529349542367417,0.13319011266548675,-0.012103382758187469,-0.00018117259097882678,-0.011922210167208642,0.15451895043731778,0.20408163265306123,0.641399416909621
tablebench,Qwen/Qwen2.5-7B-Instruct,ctx.stats,ctx,native.tablebench_qtype=FactChecking,96,0.7291666666666666,0.71875,-0.010416666666666666,-0.00018117259097882678,-0.01023549407568784,0.07291666666666667,0.08333333333333333,0.84375
tablebench,Qwen/Qwen2.5-7B-Instruct,ctx.stats,ctx,native.tablebench_qtype=NumericalReasoning,397,0.3501259445843829,0.36272040302267,0.012594458438287154,-0.00018117259097882678,0.012775631029265981,0.11083123425692695,0.0982367758186398,0.7909319899244333
tablebench,Qwen/Qwen2.5-7B-Instruct,ctx.stats,ctx,schema.has_date_col,298,0.31315465390086217,0.3496900866072962,0.036535432706434015,-0.00018117259097882678,0.036716605297412844,0.14093959731543623,0.10738255033557047,0.7516778523489933
tablebench,Qwen/Qwen2.5-7B-Instruct,ctx.stats,ctx,schema.has_rank_col,255,0.32843095204913986,0.35777816013038516,0.029347208081245236,-0.00018117259097882678,0.02952838067222406,0.13725490196078433,0.09803921568627451,0.7647058823529411
tablebench,Qwen/Qwen2.5-7B-Instruct,ctx.stats,ctx,schema.has_score_col,107,0.3826388940634405,0.3655495713599189,-0.01708932270352159,-0.00018117259097882678,-0.016908150112542764,0.08411214953271028,0.102803738317757,0.8130841121495327
tablebench,Qwen/Qwen2.5-7B-Instruct,ctx.stats,ctx,schema.has_unit_col,251,0.27067580868108093,0.27823447367754495,0.007558664996463961,-0.00018117259097882678,0.007739837587442788,0.14342629482071714,0.14342629482071714,0.7131474103585658
tablebench,Qwen/Qwen2.5-7B-Instruct,ctx.stats,ctx,schema.header_repetition_marker,28,0.237374138305873,0.23316439941519113,-0.0042097388906819164,-0.00018117259097882678,-0.0040285662997030895,0.14285714285714285,0.32142857142857145,0.5357142857142857
tablebench,Qwen/Qwen2.5-7B-Instruct,ctx.stats,ctx,table.cols_bin=4_6,523,0.3211855109068761,0.3204502102174714,-0.000735300689404812,-0.00018117259097882678,-0.0005541280984259852,0.11663479923518165,0.13193116634799235,0.751434034416826
tablebench,Qwen/Qwen2.5-7B-Instruct,ctx.stats,ctx,table.cols_bin=7_10,263,0.29255721091319653,0.2868996473150654,-0.005657563598131206,-0.00018117259097882678,-0.005476391007152379,0.13307984790874525,0.1444866920152091,0.7224334600760456
tablebench,Qwen/Qwen2.5-7B-Instruct,ctx.stats,ctx,table.cols_bin=gt_10,50,0.2782620051170684,0.3126828291332469,0.03442082401617852,-0.00018117259097882678,0.03460199660715735,0.16,0.2,0.64
tablebench,Qwen/Qwen2.5-7B-Instruct,ctx.stats,ctx,table.numeric_cols_bin=0,1,0.0,0.0,0.0,-0.00018117259097882678,0.00018117259097882678,0.0,0.0,1.0
tablebench,Qwen/Qwen2.5-7B-Instruct,ctx.stats,ctx,table.numeric_cols_bin=1,42,0.5238095238095238,0.5476190476190477,0.023809523809523808,-0.00018117259097882678,0.023990696400502633,0.11904761904761904,0.09523809523809523,0.7857142857142857
tablebench,Qwen/Qwen2.5-7B-Instruct,ctx.stats,ctx,table.numeric_cols_bin=2_3,179,0.34171808558699013,0.3300703367446817,-0.011647748842308379,-0.00018117259097882678,-0.011466576251329552,0.13966480446927373,0.13966480446927373,0.7206703910614525
tablebench,Qwen/Qwen2.5-7B-Instruct,ctx.stats,ctx,table.numeric_cols_bin=ge_4,614,0.2861044488766272,0.28762478561394794,0.0015203367373206856,-0.00018117259097882678,0.0017015093282995123,0.12052117263843648,0.14332247557003258,0.7361563517915309
tablebench,Qwen/Qwen2.5-7B-Instruct,ctx.stats,ctx,table.numeric_density_bin=high,659,0.3051041937042244,0.2947556176899696,-0.01034857601425483,-0.00018117259097882678,-0.010167403423276003,0.11836115326251896,0.15174506828528073,0.7298937784522003
tablebench,Qwen/Qwen2.5-7B-Instruct,ctx.stats,ctx,table.numeric_density_bin=low,42,0.5238095238095238,0.5476190476190477,0.023809523809523808,-0.00018117259097882678,0.023990696400502633,0.11904761904761904,0.09523809523809523,0.7857142857142857
tablebench,Qwen/Qwen2.5-7B-Instruct,ctx.stats,ctx,table.numeric_density_bin=mid,134,0.266955263277884,0.3092556461684484,0.04230038289056444,-0.00018117259097882678,0.04248155548154327,0.15671641791044777,0.09701492537313433,0.746268656716418
tablebench,Qwen/Qwen2.5-7B-Instruct,ctx.stats,ctx,table.numeric_density_bin=none,1,0.0,0.0,0.0,-0.00018117259097882678,0.00018117259097882678,0.0,0.0,1.0
tablebench,Qwen/Qwen2.5-7B-Instruct,ctx.stats,ctx,table.rows_bin=11_25,384,0.3414674027810558,0.3368862126259539,-0.0045811901551020195,-0.00018117259097882678,-0.004400017564123193,0.1171875,0.13020833333333334,0.7526041666666666
tablebench,Qwen/Qwen2.5-7B-Instruct,ctx.stats,ctx,table.rows_bin=26_50,130,0.22077164693655682,0.2227741077178956,0.002002460781338756,-0.00018117259097882678,0.002183633372317583,0.13846153846153847,0.15384615384615385,0.7076923076923077
tablebench,Qwen/Qwen2.5-7B-Instruct,ctx.stats,ctx,table.rows_bin=6_10,319,0.3041124519142396,0.3114710626726309,0.00735861075839134,-0.00018117259097882678,0.007539783349370167,0.12852664576802508,0.14420062695924765,0.7272727272727273
tablebench,Qwen/Qwen2.5-7B-Instruct,ctx.stats,ctx,table.rows_bin=gt_50,3,0.6666666666666666,0.3333333333333333,-0.3333333333333333,-0.00018117259097882678,-0.3331521607423545,0.0,0.3333333333333333,0.6666666666666666
tablebench,Qwen/Qwen2.5-7B-Instruct,ctx.stats,ctx,table.shape=balanced,452,0.32198610116248044,0.31004146412093814,-0.011944637041542541,-0.00018117259097882678,-0.011763464450563714,0.11283185840707964,0.13495575221238937,0.7522123893805309
tablebench,Qwen/Qwen2.5-7B-Instruct,ctx.stats,ctx,table.shape=tall,4,0.25,0.0,-0.25,-0.00018117259097882678,-0.24981882740902117,0.0,0.25,0.75
tablebench,Qwen/Qwen2.5-7B-Instruct,ctx.stats,ctx,table.shape=wide,380,0.295520924223366,0.31196175489894223,0.016440830675576133,-0.00018117259097882678,0.01662200326655496,0.1394736842105263,0.14473684210526316,0.7157894736842105
tablebench,Qwen/Qwen2.5-7B-Instruct,ctx.stats,ctx,text.has_number,336,0.33367435430211545,0.3104335698002067,-0.023240784501908727,-0.00018117259097882678,-0.0230596119109299,0.0744047619047619,0.10416666666666667,0.8214285714285714
tablebench,Qwen/Qwen2.5-7B-Instruct,ctx.stats,ctx,text.has_ordinal,39,0.47558446455505277,0.5783692933083177,0.10278482875326492,-0.00018117259097882678,0.10296600134424375,0.1282051282051282,0.0,0.8717948717948718
tablebench,Qwen/Qwen2.5-7B-Instruct,ctx.stats,ctx,text.has_quoted_span,168,0.21881171900788357,0.22784437784437783,0.009032658836494276,-0.00018117259097882678,0.009213831427473103,0.07738095238095238,0.09523809523809523,0.8273809523809523
tablebench,Qwen/Qwen2.5-7B-Instruct,ctx.stats,ctx,text.has_year,170,0.2816644589445453,0.26263005854232174,-0.01903440040222354,-0.00018117259097882678,-0.018853227811244714,0.058823529411764705,0.08823529411764706,0.8529411764705882
tablebench,Qwen/Qwen2.5-7B-Instruct,ctx.type,ctx,cell.has_comma_number,41,0.4532161596689123,0.38106598675225,-0.07215017291666236,0.0011033027695468683,-0.07325347568620923,0.12195121951219512,0.1951219512195122,0.6829268292682927
tablebench,Qwen/Qwen2.5-7B-Instruct,ctx.type,ctx,cell.has_date_like,618,0.2962765924251681,0.3004833586059444,0.004206766180776095,0.0011033027695468683,0.0031034634112292268,0.11488673139158576,0.10679611650485436,0.7783171521035599
tablebench,Qwen/Qwen2.5-7B-Instruct,ctx.type,ctx,cell.has_numeric_range,127,0.25528515139569213,0.28009112942027353,0.024805978024581357,0.0011033027695468683,0.02370267525503449,0.16535433070866143,0.11023622047244094,0.7244094488188977
tablebench,Qwen/Qwen2.5-7B-Instruct,ctx.type,ctx,cell.has_percent,75,0.21459930719042153,0.22792466882552082,0.01332536163509931,0.0011033027695468683,0.012222058865552443,0.10666666666666667,0.10666666666666667,0.7866666666666666
tablebench,Qwen/Qwen2.5-7B-Instruct,ctx.type,ctx,cell.has_score_surface,29,0.3543400713436385,0.3992936146482015,0.044953543304562985,0.0011033027695468683,0.04385024053501611,0.13793103448275862,0.034482758620689655,0.8275862068965517
tablebench,Qwen/Qwen2.5-7B-Instruct,ctx.type,ctx,cell.missing_value_marker,110,0.31183395568172917,0.3461798403187852,0.0343458846370561,0.0011033027695468683,0.03324258186750923,0.15454545454545454,0.11818181818181818,0.7272727272727273
tablebench,Qwen/Qwen2.5-7B-Instruct,ctx.type,ctx,grounding.cell_overlap,400,0.3602515404861317,0.36944386557539666,0.009192325089265018,0.0011033027695468683,0.00808902231971815,0.07,0.07,0.86
tablebench,Qwen/Qwen2.5-7B-Instruct,ctx.type,ctx,grounding.header_overlap,734,0.3217612030387408,0.3246810948767698,0.0029198918380289895,0.0011033027695468683,0.0018165890684821212,0.07901907356948229,0.07901907356948229,0.8419618528610354
tablebench,Qwen/Qwen2.5-7B-Instruct,ctx.type,ctx,intent.aggregate_noncount,306,0.24793695078903324,0.24825637717507276,0.0003194263860394668,0.0011033027695468683,-0.0007838763835074015,0.06209150326797386,0.06209150326797386,0.8758169934640523
tablebench,Qwen/Qwen2.5-7B-Instruct,ctx.type,ctx,intent.arithmetic,131,0.2913964675649644,0.2986228045400952,0.007226336975130772,0.0011033027695468683,0.0061230342055839035,0.061068702290076333,0.05343511450381679,0.8854961832061069
tablebench,Qwen/Qwen2.5-7B-Instruct,ctx.type,ctx,intent.comparison,39,0.2564102564102564,0.23076923076923078,-0.02564102564102564,0.0011033027695468683,-0.026744328410572508,0.05128205128205128,0.07692307692307693,0.8717948717948718
tablebench,Qwen/Qwen2.5-7B-Instruct,ctx.type,ctx,intent.count,234,0.336914215798716,0.3207899862718094,-0.016124229526906637,0.0011033027695468683,-0.017227532296453504,0.07692307692307693,0.09401709401709402,0.8290598290598291
tablebench,Qwen/Qwen2.5-7B-Instruct,ctx.type,ctx,intent.negation_marker,30,0.24347826086956523,0.2,-0.043478260869565216,0.0011033027695468683,-0.04458156363911209,0.0,0.06666666666666667,0.9333333333333333
tablebench,Qwen/Qwen2.5-7B-Instruct,ctx.type,ctx,intent.superlative_rank,243,0.3979791728979513,0.3933353862807126,-0.0046437866172387675,0.0011033027695468683,-0.005747089386785636,0.06584362139917696,0.07818930041152264,0.8559670781893004
tablebench,Qwen/Qwen2.5-7B-Instruct,ctx.type,ctx,intent.temporal,366,0.2924309119121662,0.31585789326303637,0.023426981350870135,0.0011033027695468683,0.022323678581323267,0.06284153005464481,0.04644808743169399,0.8907103825136612
tablebench,Qwen/Qwen2.5-7B-Instruct,ctx.type,ctx,native.tablebench_qsubtype=Aggregation,50,0.18,0.16,-0.02,0.0011033027695468683,-0.021103302769546868,0.04,0.06,0.9
tablebench,Qwen/Qwen2.5-7B-Instruct,ctx.type,ctx,native.tablebench_qsubtype=AnomalyDetection,47,0.10134381246219815,0.11848012984689314,0.01713631738469501,0.0011033027695468683,0.016033014615148142,0.3617021276595745,0.3191489361702128,0.3191489361702128
tablebench,Qwen/Qwen2.5-7B-Instruct,ctx.type,ctx,native.tablebench_qsubtype=ArithmeticCalculation,50,0.4,0.4,0.0,0.0011033027695468683,-0.0011033027695468683,0.06,0.06,0.88
tablebench,Qwen/Qwen2.5-7B-Instruct,ctx.type,ctx,native.tablebench_qsubtype=CausalAnalysis,45,0.23341842737934768,0.23928649304149513,0.005868065662147432,0.0011033027695468683,0.004764762892600563,0.3333333333333333,0.26666666666666666,0.4
tablebench,Qwen/Qwen2.5-7B-Instruct,ctx.type,ctx,native.tablebench_qsubtype=Comparison,50,0.5,0.5,0.0,0.0011033027695468683,-0.0011033027695468683,0.06,0.06,0.88
tablebench,Qwen/Qwen2.5-7B-Instruct,ctx.type,ctx,native.tablebench_qsubtype=CorrelationAnalysis,50,0.0,0.0,0.0,0.0011033027695468683,-0.0011033027695468683,0.0,0.0,1.0
tablebench,Qwen/Qwen2.5-7B-Instruct,ctx.type,ctx,native.tablebench_qsubtype=Counting,50,0.32,0.3,-0.02,0.0011033027695468683,-0.021103302769546868,0.08,0.1,0.82
tablebench,Qwen/Qwen2.5-7B-Instruct,ctx.type,ctx,native.tablebench_qsubtype=DescriptiveAnalysis,51,0.28566040220639816,0.2827759167841213,-0.0028844854222768806,0.0011033027695468683,-0.003987788191823749,0.43137254901960786,0.5686274509803921,0.0
tablebench,Qwen/Qwen2.5-7B-Instruct,ctx.type,ctx,native.tablebench_qsubtype=Domain-Specific,49,0.3877551020408163,0.40816326530612246,0.02040816326530612,0.0011033027695468683,0.019304860495759253,0.08163265306122448,0.061224489795918366,0.8571428571428571
tablebench,Qwen/Qwen2.5-7B-Instruct,ctx.type,ctx,native.tablebench_qsubtype=ImpactAnalysis,50,0.1,0.12,0.02,0.0011033027695468683,0.018896697230453133,0.02,0.0,0.98
tablebench,Qwen/Qwen2.5-7B-Instruct,ctx.type,ctx,native.tablebench_qsubtype=MatchBased,46,0.9130434782608695,0.8260869565217391,-0.08695652173913043,0.0011033027695468683,-0.0880598245086773,0.0,0.08695652173913043,0.9130434782608695
tablebench,Qwen/Qwen2.5-7B-Instruct,ctx.type,ctx,native.tablebench_qsubtype=Multi-hop FactChecking,50,0.56,0.64,0.08,0.0011033027695468683,0.07889669723045313,0.12,0.04,0.84
tablebench,Qwen/Qwen2.5-7B-Instruct,ctx.type,ctx,native.tablebench_qsubtype=Multi-hop NumericalReasoing,51,0.21568627450980393,0.21568627450980393,0.0,0.0011033027695468683,-0.0011033027695468683,0.058823529411764705,0.058823529411764705,0.8823529411764706
tablebench,Qwen/Qwen2.5-7B-Instruct,ctx.type,ctx,native.tablebench_qsubtype=Ranking,50,0.52,0.46,-0.06,0.0011033027695468683,-0.06110330276954687,0.02,0.08,0.9
tablebench,Qwen/Qwen2.5-7B-Instruct,ctx.type,ctx,native.tablebench_qsubtype=StatisticalAnalysis,50,0.16,0.1,-0.06,0.0011033027695468683,-0.06110330276954687,0.04,0.1,0.86
tablebench,Qwen/Qwen2.5-7B-Instruct,ctx.type,ctx,native.tablebench_qsubtype=Time-basedCalculation,47,0.2765957446808511,0.3617021276595745,0.0851063829787234,0.0011033027695468683,0.08400308020917653,0.10638297872340426,0.02127659574468085,0.8723404255319149
tablebench,Qwen/Qwen2.5-7B-Instruct,ctx.type,ctx,native.tablebench_qsubtype=TrendForecasting,50,0.14,0.18,0.04,0.0011033027695468683,0.03889669723045313,0.06,0.02,0.92
tablebench,Qwen/Qwen2.5-7B-Instruct,ctx.type,ctx,native.tablebench_qtype=DataAnalysis,343,0.14529349542367417,0.14798259488531035,0.002689099461636092,0.0011033027695468683,0.0015857966920892238,0.1749271137026239,0.18075801749271136,0.6443148688046647
tablebench,Qwen/Qwen2.5-7B-Instruct,ctx.type,ctx,native.tablebench_qtype=FactChecking,96,0.7291666666666666,0.7291666666666666,0.0,0.0011033027695468683,-0.0011033027695468683,0.0625,0.0625,0.875
tablebench,Qwen/Qwen2.5-7B-Instruct,ctx.type,ctx,native.tablebench_qtype=NumericalReasoning,397,0.3501259445843829,0.3501259445843829,0.0,0.0011033027695468683,-0.0011033027695468683,0.06297229219143577,0.06297229219143577,0.8740554156171285
tablebench,Qwen/Qwen2.5-7B-Instruct,ctx.type,ctx,schema.has_date_col,298,0.31315465390086217,0.365412782155305,0.05225812825444274,0.0011033027695468683,0.05115482548489587,0.14429530201342283,0.0738255033557047,0.7818791946308725
tablebench,Qwen/Qwen2.5-7B-Instruct,ctx.type,ctx,schema.has_rank_col,255,0.32843095204913986,0.3293094749206254,0.0008785228714854906,0.0011033027695468683,-0.0002247798980613777,0.10980392156862745,0.09019607843137255,0.8
tablebench,Qwen/Qwen2.5-7B-Instruct,ctx.type,ctx,schema.has_score_col,107,0.3826388940634405,0.3450757615695176,-0.03756313249392289,0.0011033027695468683,-0.03866643526346976,0.037383177570093455,0.08411214953271028,0.8785046728971962
tablebench,Qwen/Qwen2.5-7B-Instruct,ctx.type,ctx,schema.has_unit_col,251,0.27067580868108093,0.2866557908501443,0.01597998216906323,0.0011033027695468683,0.014876679399516361,0.11553784860557768,0.08366533864541832,0.8007968127490039
tablebench,Qwen/Qwen2.5-7B-Instruct,ctx.type,ctx,schema.header_repetition_marker,28,0.237374138305873,0.21106299505898257,-0.026311143246890434,0.0011033027695468683,-0.0274144460164373,0.21428571428571427,0.14285714285714285,0.6428571428571429
tablebench,Qwen/Qwen2.5-7B-Instruct,ctx.type,ctx,table.cols_bin=4_6,523,0.3211855109068761,0.3244438268722136,0.003258315965337489,0.0011033027695468683,0.0021550131957906206,0.10325047801147227,0.11089866156787763,0.7858508604206501
tablebench,Qwen/Qwen2.5-7B-Instruct,ctx.type,ctx,table.cols_bin=7_10,263,0.29255721091319653,0.28651904639700476,-0.006038164516191746,0.0011033027695468683,-0.0071414672857386145,0.12547528517110265,0.11026615969581749,0.7642585551330798
tablebench,Qwen/Qwen2.5-7B-Instruct,ctx.type,ctx,table.cols_bin=gt_10,50,0.2782620051170684,0.29438798778163044,0.01612598266456205,0.0011033027695468683,0.015022679895015184,0.08,0.12,0.8
tablebench,Qwen/Qwen2.5-7B-Instruct,ctx.type,ctx,table.numeric_cols_bin=0,1,0.0,0.0,0.0,0.0011033027695468683,-0.0011033027695468683,0.0,0.0,1.0
tablebench,Qwen/Qwen2.5-7B-Instruct,ctx.type,ctx,table.numeric_cols_bin=1,42,0.5238095238095238,0.6190476190476191,0.09523809523809523,0.0011033027695468683,0.09413479246854836,0.11904761904761904,0.023809523809523808,0.8571428571428571
tablebench,Qwen/Qwen2.5-7B-Instruct,ctx.type,ctx,table.numeric_cols_bin=2_3,179,0.34171808558699013,0.3349997406536936,-0.006718344933296556,0.0011033027695468683,-0.007821647702843423,0.11731843575418995,0.12290502793296089,0.7597765363128491
tablebench,Qwen/Qwen2.5-7B-Instruct,ctx.type,ctx,table.numeric_cols_bin=ge_4,614,0.2861044488766272,0.2830506131411245,-0.0030538357355028305,0.0011033027695468683,-0.004157138505049699,0.10586319218241043,0.11400651465798045,0.7801302931596091
tablebench,Qwen/Qwen2.5-7B-Instruct,ctx.type,ctx,table.numeric_density_bin=high,659,0.3051041937042244,0.29612509961629646,-0.008979094087928075,0.0011033027695468683,-0.010082396857474942,0.10015174506828528,0.11987860394537178,0.779969650986343
tablebench,Qwen/Qwen2.5-7B-Instruct,ctx.type,ctx,table.numeric_density_bin=low,42,0.5238095238095238,0.6190476190476191,0.09523809523809523,0.0011033027695468683,0.09413479246854836,0.11904761904761904,0.023809523809523808,0.8571428571428571
tablebench,Qwen/Qwen2.5-7B-Instruct,ctx.type,ctx,table.numeric_density_bin=mid,134,0.266955263277884,0.2881461895412107,0.021190926263326693,0.0011033027695468683,0.020087623493779825,0.14925373134328357,0.09701492537313433,0.753731343283582
tablebench,Qwen/Qwen2.5-7B-Instruct,ctx.type,ctx,table.numeric_density_bin=none,1,0.0,0.0,0.0,0.0011033027695468683,-0.0011033027695468683,0.0,0.0,1.0
tablebench,Qwen/Qwen2.5-7B-Instruct,ctx.type,ctx,table.rows_bin=11_25,384,0.3414674027810558,0.33085552835638815,-0.010611874424667737,0.0011033027695468683,-0.011715177194214605,0.1015625,0.10416666666666667,0.7942708333333334
tablebench,Qwen/Qwen2.5-7B-Instruct,ctx.type,ctx,table.rows_bin=26_50,130,0.22077164693655682,0.21367353496309435,-0.007098111973462454,0.0011033027695468683,-0.008201414743009321,0.12307692307692308,0.1076923076923077,0.7692307692307693
tablebench,Qwen/Qwen2.5-7B-Instruct,ctx.type,ctx,table.rows_bin=6_10,319,0.3041124519142396,0.325805478406289,0.02169302649204925,0.0011033027695468683,0.02058972372250238,0.11285266457680251,0.11912225705329153,0.768025078369906
tablebench,Qwen/Qwen2.5-7B-Instruct,ctx.type,ctx,table.rows_bin=gt_50,3,0.6666666666666666,0.3333333333333333,-0.3333333333333333,0.0011033027695468683,-0.33443663610288016,0.0,0.3333333333333333,0.6666666666666666
tablebench,Qwen/Qwen2.5-7B-Instruct,ctx.type,ctx,table.shape=balanced,452,0.32198610116248044,0.3130842472206826,-0.008901853941797957,0.0011033027695468683,-0.010005156711344824,0.10176991150442478,0.09955752212389381,0.7986725663716814
tablebench,Qwen/Qwen2.5-7B-Instruct,ctx.type,ctx,table.shape=tall,4,0.25,0.0,-0.25,0.0011033027695468683,-0.25110330276954684,0.0,0.25,0.75
tablebench,Qwen/Qwen2.5-7B-Instruct,ctx.type,ctx,table.shape=wide,380,0.295520924223366,0.3111682902681921,0.015647366044825937,0.0011033027695468683,0.01454406327527907,0.11842105263157894,0.12368421052631579,0.7578947368421053
tablebench,Qwen/Qwen2.5-7B-Instruct,ctx.type,ctx,text.has_number,336,0.33367435430211545,0.3305741807751784,-0.0031001735269370096,0.0011033027695468683,-0.004203476296483878,0.05357142857142857,0.05952380952380952,0.8869047619047619
tablebench,Qwen/Qwen2.5-7B-Instruct,ctx.type,ctx,text.has_ordinal,39,0.47558446455505277,0.5526903651903652,0.07710590063531239,0.0011033027695468683,0.07600259786576552,0.1282051282051282,0.02564102564102564,0.8461538461538461
tablebench,Qwen/Qwen2.5-7B-Instruct,ctx.type,ctx,text.has_quoted_span,168,0.21881171900788357,0.2535811869349201,0.03476946792703654,0.0011033027695468683,0.03366616515748967,0.05357142857142857,0.02976190476190476,0.9166666666666666
tablebench,Qwen/Qwen2.5-7B-Instruct,ctx.type,ctx,text.has_year,170,0.2816644589445453,0.28762236528794427,0.005957906343398973,0.0011033027695468683,0.004854603573852105,0.052941176470588235,0.047058823529411764,0.9
tablebench,Qwen/Qwen2.5-7B-Instruct,format.json,format,cell.has_comma_number,41,0.4532161596689123,0.24321393631069546,-0.21000222335821686,-0.022342484395243813,-0.18765973896297306,0.07317073170731707,0.2926829268292683,0.6341463414634146
tablebench,Qwen/Qwen2.5-7B-Instruct,format.json,format,cell.has_date_like,618,0.2962765924251681,0.2721039736511641,-0.024172618774003903,-0.022342484395243813,-0.0018301343787600899,0.12135922330097088,0.15857605177993528,0.7200647249190939
tablebench,Qwen/Qwen2.5-7B-Instruct,format.json,format,cell.has_numeric_range,127,0.25528515139569213,0.26046854053858637,0.005183389142894091,-0.022342484395243813,0.0275258735381379,0.13385826771653545,0.1732283464566929,0.6929133858267716
tablebench,Qwen/Qwen2.5-7B-Instruct,format.json,format,cell.has_percent,75,0.21459930719042153,0.18623257169271415,-0.028366735497707338,-0.022342484395243813,-0.006024251102463525,0.10666666666666667,0.10666666666666667,0.7866666666666666
tablebench,Qwen/Qwen2.5-7B-Instruct,format.json,format,cell.has_score_surface,29,0.3543400713436385,0.45881226053639845,0.10447218919275994,-0.022342484395243813,0.12681467358800375,0.13793103448275862,0.0,0.8620689655172413
tablebench,Qwen/Qwen2.5-7B-Instruct,format.json,format,cell.missing_value_marker,110,0.31183395568172917,0.3355804871709621,0.02374653148923297,-0.022342484395243813,0.04608901588447678,0.10909090909090909,0.10909090909090909,0.7818181818181819
tablebench,Qwen/Qwen2.5-7B-Instruct,format.json,format,grounding.cell_overlap,400,0.3602515404861317,0.367364324690318,0.007112784204186354,-0.022342484395243813,0.029455268599430165,0.0975,0.09,0.8125
tablebench,Qwen/Qwen2.5-7B-Instruct,format.json,format,grounding.header_overlap,734,0.3217612030387408,0.2981611921323284,-0.023600010906412304,-0.022342484395243813,-0.0012575265111684913,0.09400544959128065,0.11444141689373297,0.7915531335149864
tablebench,Qwen/Qwen2.5-7B-Instruct,format.json,format,intent.aggregate_noncount,306,0.24793695078903324,0.21263865556986022,-0.03529829521917303,-0.022342484395243813,-0.012955810823929215,0.0718954248366013,0.10457516339869281,0.8235294117647058
tablebench,Qwen/Qwen2.5-7B-Instruct,format.json,format,intent.arithmetic,131,0.2913964675649644,0.27111353447231307,-0.020282933092651338,-0.022342484395243813,0.002059551302592475,0.061068702290076333,0.09923664122137404,0.8396946564885496
tablebench,Qwen/Qwen2.5-7B-Instruct,format.json,format,intent.comparison,39,0.2564102564102564,0.10256410256410256,-0.15384615384615385,-0.022342484395243813,-0.13150366945091005,0.0,0.15384615384615385,0.8461538461538461
tablebench,Qwen/Qwen2.5-7B-Instruct,format.json,format,intent.count,234,0.336914215798716,0.2839773469342482,-0.052936868864467766,-0.022342484395243813,-0.030594384469223954,0.08547008547008547,0.1452991452991453,0.7692307692307693
tablebench,Qwen/Qwen2.5-7B-Instruct,format.json,format,intent.negation_marker,30,0.24347826086956523,0.26666666666666666,0.02318840579710145,-0.022342484395243813,0.04553089019234526,0.03333333333333333,0.03333333333333333,0.9333333333333333
tablebench,Qwen/Qwen2.5-7B-Instruct,format.json,format,intent.superlative_rank,243,0.3979791728979513,0.36142138611274416,-0.036557786785207186,-0.022342484395243813,-0.014215302389963373,0.09053497942386832,0.12757201646090535,0.7818930041152263
tablebench,Qwen/Qwen2.5-7B-Instruct,format.json,format,intent.temporal,366,0.2924309119121662,0.2831797674777795,-0.00925114443438666,-0.022342484395243813,0.013091339960857153,0.07103825136612021,0.08743169398907104,0.8415300546448088
tablebench,Qwen/Qwen2.5-7B-Instruct,format.json,format,native.tablebench_qsubtype=Aggregation,50,0.18,0.14,-0.04,-0.022342484395243813,-0.017657515604756188,0.04,0.08,0.88
tablebench,Qwen/Qwen2.5-7B-Instruct,format.json,format,native.tablebench_qsubtype=AnomalyDetection,47,0.10134381246219815,0.11717363436371929,0.015829821901521143,-0.022342484395243813,0.038172306296764956,0.3829787234042553,0.2765957446808511,0.3404255319148936
tablebench,Qwen/Qwen2.5-7B-Instruct,format.json,format,native.tablebench_qsubtype=ArithmeticCalculation,50,0.4,0.36,-0.04,-0.022342484395243813,-0.017657515604756188,0.08,0.12,0.8
tablebench,Qwen/Qwen2.5-7B-Instruct,format.json,format,native.tablebench_qsubtype=CausalAnalysis,45,0.23341842737934768,0.177747467819648,-0.055670959559699695,-0.022342484395243813,-0.03332847516445588,0.3111111111111111,0.3333333333333333,0.35555555555555557
tablebench,Qwen/Qwen2.5-7B-Instruct,format.json,format,native.tablebench_qsubtype=Comparison,50,0.5,0.52,0.02,-0.022342484395243813,0.04234248439524381,0.08,0.06,0.86
tablebench,Qwen/Qwen2.5-7B-Instruct,format.json,format,native.tablebench_qsubtype=CorrelationAnalysis,50,0.0,0.0,0.0,-0.022342484395243813,0.022342484395243813,0.0,0.0,1.0
tablebench,Qwen/Qwen2.5-7B-Instruct,format.json,format,native.tablebench_qsubtype=Counting,50,0.32,0.14,-0.18,-0.022342484395243813,-0.1576575156047562,0.04,0.22,0.74
tablebench,Qwen/Qwen2.5-7B-Instruct,format.json,format,native.tablebench_qsubtype=DescriptiveAnalysis,51,0.28566040220639816,0.20885402174347992,-0.07680638046291824,-0.022342484395243813,-0.054463896067674426,0.3137254901960784,0.6862745098039216,0.0
tablebench,Qwen/Qwen2.5-7B-Instruct,format.json,format,native.tablebench_qsubtype=Domain-Specific,49,0.3877551020408163,0.46938775510204084,0.08163265306122448,-0.022342484395243813,0.1039751374564683,0.14285714285714285,0.061224489795918366,0.7959183673469388
tablebench,Qwen/Qwen2.5-7B-Instruct,format.json,format,native.tablebench_qsubtype=ImpactAnalysis,50,0.1,0.1,0.0,-0.022342484395243813,0.022342484395243813,0.0,0.0,1.0
tablebench,Qwen/Qwen2.5-7B-Instruct,format.json,format,native.tablebench_qsubtype=MatchBased,46,0.9130434782608695,0.9565217391304348,0.043478260869565216,-0.022342484395243813,0.06582074526480902,0.06521739130434782,0.021739130434782608,0.9130434782608695
tablebench,Qwen/Qwen2.5-7B-Instruct,format.json,format,native.tablebench_qsubtype=Multi-hop FactChecking,50,0.56,0.62,0.06,-0.022342484395243813,0.0823424843952438,0.12,0.06,0.82
tablebench,Qwen/Qwen2.5-7B-Instruct,format.json,format,native.tablebench_qsubtype=Multi-hop NumericalReasoing,51,0.21568627450980393,0.1568627450980392,-0.058823529411764705,-0.022342484395243813,-0.03648104501652089,0.0392156862745098,0.09803921568627451,0.8627450980392157
tablebench,Qwen/Qwen2.5-7B-Instruct,format.json,format,native.tablebench_qsubtype=Ranking,50,0.52,0.42,-0.1,-0.022342484395243813,-0.0776575156047562,0.04,0.14,0.82
tablebench,Qwen/Qwen2.5-7B-Instruct,format.json,format,native.tablebench_qsubtype=StatisticalAnalysis,50,0.16,0.22,0.06,-0.022342484395243813,0.0823424843952438,0.12,0.06,0.82
tablebench,Qwen/Qwen2.5-7B-Instruct,format.json,format,native.tablebench_qsubtype=Time-basedCalculation,47,0.2765957446808511,0.1702127659574468,-0.10638297872340426,-0.022342484395243813,-0.08404049432816044,0.1276595744680851,0.23404255319148937,0.6382978723404256
tablebench,Qwen/Qwen2.5-7B-Instruct,format.json,format,native.tablebench_qsubtype=TrendForecasting,50,0.14,0.14,0.0,-0.022342484395243813,0.022342484395243813,0.06,0.06,0.88
tablebench,Qwen/Qwen2.5-7B-Instruct,format.json,format,native.tablebench_qtype=DataAnalysis,343,0.14529349542367417,0.13748499118337154,-0.007808504240302692,-0.022342484395243813,0.01453398015494112,0.1661807580174927,0.20116618075801748,0.6326530612244898
tablebench,Qwen/Qwen2.5-7B-Instruct,format.json,format,native.tablebench_qtype=FactChecking,96,0.7291666666666666,0.78125,0.052083333333333336,-0.022342484395243813,0.07442581772857715,0.09375,0.041666666666666664,0.8645833333333334
tablebench,Qwen/Qwen2.5-7B-Instruct,format.json,format,native.tablebench_qtype=NumericalReasoning,397,0.3501259445843829,0.2972292191435768,-0.05289672544080604,-0.022342484395243813,-0.03055424104556223,0.07304785894206549,0.12594458438287154,0.801007556675063
tablebench,Qwen/Qwen2.5-7B-Instruct,format.json,format,schema.has_date_col,298,0.31315465390086217,0.2929323796004287,-0.020222274300433492,-0.022342484395243813,0.00212021009481032,0.10738255033557047,0.15100671140939598,0.7416107382550335
tablebench,Qwen/Qwen2.5-7B-Instruct,format.json,format,schema.has_rank_col,255,0.32843095204913986,0.31017376217277026,-0.01825718987636969,-0.022342484395243813,0.004085294518874124,0.09803921568627451,0.12549019607843137,0.7764705882352941
tablebench,Qwen/Qwen2.5-7B-Instruct,format.json,format,schema.has_score_col,107,0.3826388940634405,0.4074920069532501,0.024853112889809688,-0.022342484395243813,0.0471955972850535,0.08411214953271028,0.08411214953271028,0.8317757009345794
tablebench,Qwen/Qwen2.5-7B-Instruct,format.json,format,schema.has_unit_col,251,0.27067580868108093,0.23318314245812008,-0.037492666222960845,-0.022342484395243813,-0.015150181827717032,0.12350597609561753,0.14741035856573706,0.7290836653386454
tablebench,Qwen/Qwen2.5-7B-Instruct,format.json,format,schema.header_repetition_marker,28,0.237374138305873,0.14414415370809164,-0.0932299845977814,-0.022342484395243813,-0.07088750020253759,0.10714285714285714,0.2857142857142857,0.6071428571428571
tablebench,Qwen/Qwen2.5-7B-Instruct,format.json,format,table.cols_bin=4_6,523,0.3211855109068761,0.30617831982497384,-0.015007191081902273,-0.022342484395243813,0.00733529331334154,0.12237093690248566,0.14340344168260039,0.734225621414914
tablebench,Qwen/Qwen2.5-7B-Instruct,format.json,format,table.cols_bin=7_10,263,0.29255721091319653,0.24832377033865102,-0.04423344057454552,-0.022342484395243813,-0.02189095617930171,0.09505703422053231,0.155893536121673,0.7490494296577946
tablebench,Qwen/Qwen2.5-7B-Instruct,format.json,format,table.cols_bin=gt_10,50,0.2782620051170684,0.29433878216739906,0.016076777050330705,-0.022342484395243813,0.03841926144557452,0.12,0.14,0.74
tablebench,Qwen/Qwen2.5-7B-Instruct,format.json,format,table.numeric_cols_bin=0,1,0.0,0.0,0.0,-0.022342484395243813,0.022342484395243813,0.0,0.0,1.0
tablebench,Qwen/Qwen2.5-7B-Instruct,format.json,format,table.numeric_cols_bin=1,42,0.5238095238095238,0.5714285714285714,0.047619047619047616,-0.022342484395243813,0.06996153201429142,0.11904761904761904,0.07142857142857142,0.8095238095238095
tablebench,Qwen/Qwen2.5-7B-Instruct,format.json,format,table.numeric_cols_bin=2_3,179,0.34171808558699013,0.31101834221960684,-0.030699743367383316,-0.022342484395243813,-0.008357258972139504,0.1340782122905028,0.15083798882681565,0.7150837988826816
tablebench,Qwen/Qwen2.5-7B-Instruct,format.json,format,table.numeric_cols_bin=ge_4,614,0.2861044488766272,0.2613763334178939,-0.02472811545873324,-0.022342484395243813,-0.002385631063489428,0.10749185667752444,0.15146579804560262,0.741042345276873
tablebench,Qwen/Qwen2.5-7B-Instruct,format.json,format,table.numeric_density_bin=high,659,0.3051041937042244,0.2815158823594819,-0.023588311344742464,-0.022342484395243813,-0.0012458269494986518,0.11987860394537178,0.15022761760242792,0.7298937784522003
tablebench,Qwen/Qwen2.5-7B-Instruct,format.json,format,table.numeric_density_bin=low,42,0.5238095238095238,0.5714285714285714,0.047619047619047616,-0.022342484395243813,0.06996153201429142,0.11904761904761904,0.07142857142857142,0.8095238095238095
tablebench,Qwen/Qwen2.5-7B-Instruct,format.json,format,table.numeric_density_bin=mid,134,0.266955263277884,0.2286446679178948,-0.038310595359989146,-0.022342484395243813,-0.015968110964745333,0.08208955223880597,0.15671641791044777,0.7611940298507462
tablebench,Qwen/Qwen2.5-7B-Instruct,format.json,format,table.numeric_density_bin=none,1,0.0,0.0,0.0,-0.022342484395243813,0.022342484395243813,0.0,0.0,1.0
tablebench,Qwen/Qwen2.5-7B-Instruct,format.json,format,table.rows_bin=11_25,384,0.3414674027810558,0.2863899977887153,-0.05507740499234052,-0.022342484395243813,-0.032734920597096706,0.0859375,0.171875,0.7421875
tablebench,Qwen/Qwen2.5-7B-Instruct,format.json,format,table.rows_bin=26_50,130,0.22077164693655682,0.2481127394655492,0.027341092528992417,-0.022342484395243813,0.04968357692423623,0.15384615384615385,0.09230769230769231,0.7538461538461538
tablebench,Qwen/Qwen2.5-7B-Instruct,format.json,format,table.rows_bin=6_10,319,0.3041124519142396,0.30071766988874093,-0.0033947820254986833,-0.022342484395243813,0.01894770236974513,0.13166144200626959,0.14106583072100312,0.7272727272727273
tablebench,Qwen/Qwen2.5-7B-Instruct,format.json,format,table.rows_bin=gt_50,3,0.6666666666666666,0.6666666666666666,0.0,-0.022342484395243813,0.022342484395243813,0.0,0.0,1.0
tablebench,Qwen/Qwen2.5-7B-Instruct,format.json,format,table.shape=balanced,452,0.32198610116248044,0.2876265896155318,-0.03435951154694871,-0.022342484395243813,-0.012017027151704898,0.11504424778761062,0.14601769911504425,0.7389380530973452
tablebench,Qwen/Qwen2.5-7B-Instruct,format.json,format,table.shape=tall,4,0.25,0.0,-0.25,-0.022342484395243813,-0.2276575156047562,0.0,0.25,0.75
tablebench,Qwen/Qwen2.5-7B-Instruct,format.json,format,table.shape=wide,380,0.295520924223366,0.28986877228862135,-0.005652151934744752,-0.022342484395243813,0.01669033246049906,0.11315789473684211,0.14736842105263157,0.7394736842105263
tablebench,Qwen/Qwen2.5-7B-Instruct,format.json,format,text.has_number,336,0.33367435430211545,0.29125037721751,-0.04242397708460545,-0.022342484395243813,-0.020081492689361637,0.05654761904761905,0.10416666666666667,0.8392857142857143
tablebench,Qwen/Qwen2.5-7B-Instruct,format.json,format,text.has_ordinal,39,0.47558446455505277,0.5014083139083139,0.025823849353261118,-0.022342484395243813,0.04816633374850493,0.1282051282051282,0.07692307692307693,0.7948717948717948
tablebench,Qwen/Qwen2.5-7B-Instruct,format.json,format,text.has_quoted_span,168,0.21881171900788357,0.22958658357209083,0.01077486456420725,-0.022342484395243813,0.033117348959451065,0.06547619047619048,0.07142857142857142,0.8630952380952381
tablebench,Qwen/Qwen2.5-7B-Instruct,format.json,format,text.has_year,170,0.2816644589445453,0.27248322147651005,-0.009181237468035224,-0.022342484395243813,0.013161246927208589,0.06470588235294118,0.08235294117647059,0.8529411764705882
tablebench,Qwen/Qwen2.5-7B-Instruct,reason.critique_revise,reason,cell.has_comma_number,41,0.4532161596689123,0.3092716801778811,-0.14394447949103123,-0.0005991956149821352,-0.14334528387604908,0.07317073170731707,0.21951219512195122,0.7073170731707317
tablebench,Qwen/Qwen2.5-7B-Instruct,reason.critique_revise,reason,cell.has_date_like,618,0.2962765924251681,0.3037216787563629,0.0074450863311948815,-0.0005991956149821352,0.008044281946177017,0.12135922330097088,0.11165048543689321,0.7669902912621359
tablebench,Qwen/Qwen2.5-7B-Instruct,reason.critique_revise,reason,cell.has_numeric_range,127,0.25528515139569213,0.2927305464056956,0.03744539501000352,-0.0005991956149821352,0.03804459062498566,0.16535433070866143,0.14173228346456693,0.6929133858267716
tablebench,Qwen/Qwen2.5-7B-Instruct,reason.critique_revise,reason,cell.has_percent,75,0.21459930719042153,0.2159477626711981,0.0013484554807766077,-0.0005991956149821352,0.0019476510957587428,0.09333333333333334,0.09333333333333334,0.8133333333333334
tablebench,Qwen/Qwen2.5-7B-Instruct,reason.critique_revise,reason,cell.has_score_surface,29,0.3543400713436385,0.4289209073084741,0.07458083596483556,-0.0005991956149821352,0.07518003157981769,0.13793103448275862,0.06896551724137931,0.7931034482758621
tablebench,Qwen/Qwen2.5-7B-Instruct,reason.critique_revise,reason,cell.missing_value_marker,110,0.31183395568172917,0.3138858091309477,0.00205185344921852,-0.0005991956149821352,0.002651049064200655,0.14545454545454545,0.12727272727272726,0.7272727272727273
tablebench,Qwen/Qwen2.5-7B-Instruct,reason.critique_revise,reason,grounding.cell_overlap,400,0.3602515404861317,0.3870443074429691,0.026792766956837424,-0.0005991956149821352,0.02739196257181956,0.1,0.0725,0.8275
tablebench,Qwen/Qwen2.5-7B-Instruct,reason.critique_revise,reason,grounding.header_overlap,734,0.3217612030387408,0.32281825781006523,0.001057054771324497,-0.0005991956149821352,0.0016562503863066323,0.09128065395095368,0.07901907356948229,0.829700272479564
tablebench,Qwen/Qwen2.5-7B-Instruct,reason.critique_revise,reason,intent.aggregate_noncount,306,0.24793695078903324,0.2469478260648481,-0.0009891247241851637,-0.0005991956149821352,-0.0003899291092030286,0.0784313725490196,0.0718954248366013,0.8496732026143791
tablebench,Qwen/Qwen2.5-7B-Instruct,reason.critique_revise,reason,intent.arithmetic,131,0.2913964675649644,0.2974455330065297,0.006049065441565259,-0.0005991956149821352,0.006648261056547394,0.061068702290076333,0.03816793893129771,0.9007633587786259
tablebench,Qwen/Qwen2.5-7B-Instruct,reason.critique_revise,reason,intent.comparison,39,0.2564102564102564,0.1794871794871795,-0.07692307692307693,-0.0005991956149821352,-0.0763238813080948,0.02564102564102564,0.10256410256410256,0.8717948717948718
tablebench,Qwen/Qwen2.5-7B-Instruct,reason.critique_revise,reason,intent.count,234,0.336914215798716,0.3160154726535039,-0.02089874314521208,-0.0005991956149821352,-0.020299547530229944,0.07692307692307693,0.09829059829059829,0.8247863247863247
tablebench,Qwen/Qwen2.5-7B-Instruct,reason.critique_revise,reason,intent.negation_marker,30,0.24347826086956523,0.2,-0.043478260869565216,-0.0005991956149821352,-0.04287906525458308,0.0,0.06666666666666667,0.9333333333333333
tablebench,Qwen/Qwen2.5-7B-Instruct,reason.critique_revise,reason,intent.superlative_rank,243,0.3979791728979513,0.3925926238728171,-0.005386549025134215,-0.0005991956149821352,-0.00478735341015208,0.0823045267489712,0.0823045267489712,0.8353909465020576
tablebench,Qwen/Qwen2.5-7B-Instruct,reason.critique_revise,reason,intent.temporal,366,0.2924309119121662,0.3050594038670903,0.012628491954924033,-0.0005991956149821352,0.013227687569906168,0.07923497267759563,0.06830601092896176,0.8524590163934426
tablebench,Qwen/Qwen2.5-7B-Instruct,reason.critique_revise,reason,native.tablebench_qsubtype=Aggregation,50,0.18,0.16,-0.02,-0.0005991956149821352,-0.019400804385017865,0.04,0.06,0.9
tablebench,Qwen/Qwen2.5-7B-Instruct,reason.critique_revise,reason,native.tablebench_qsubtype=AnomalyDetection,47,0.10134381246219815,0.12321969655841905,0.02187588409622092,-0.0005991956149821352,0.022475079711203053,0.3829787234042553,0.19148936170212766,0.425531914893617
tablebench,Qwen/Qwen2.5-7B-Instruct,reason.critique_revise,reason,native.tablebench_qsubtype=ArithmeticCalculation,50,0.4,0.46,0.06,-0.0005991956149821352,0.060599195614982136,0.1,0.04,0.86
tablebench,Qwen/Qwen2.5-7B-Instruct,reason.critique_revise,reason,native.tablebench_qsubtype=CausalAnalysis,45,0.23341842737934768,0.25193127993308456,0.01851285255373687,-0.0005991956149821352,0.019112048168719004,0.35555555555555557,0.24444444444444444,0.4
tablebench,Qwen/Qwen2.5-7B-Instruct,reason.critique_revise,reason,native.tablebench_qsubtype=Comparison,50,0.5,0.5,0.0,-0.0005991956149821352,0.0005991956149821352,0.04,0.04,0.92
tablebench,Qwen/Qwen2.5-7B-Instruct,reason.critique_revise,reason,native.tablebench_qsubtype=CorrelationAnalysis,50,0.0,0.0,0.0,-0.0005991956149821352,0.0005991956149821352,0.0,0.0,1.0
tablebench,Qwen/Qwen2.5-7B-Instruct,reason.critique_revise,reason,native.tablebench_qsubtype=Counting,50,0.32,0.24,-0.08,-0.0005991956149821352,-0.07940080438501787,0.08,0.16,0.76
tablebench,Qwen/Qwen2.5-7B-Instruct,reason.critique_revise,reason,native.tablebench_qsubtype=DescriptiveAnalysis,51,0.28566040220639816,0.25895113845020984,-0.02670926375618829,-0.0005991956149821352,-0.026110068141206155,0.37254901960784315,0.6274509803921569,0.0
tablebench,Qwen/Qwen2.5-7B-Instruct,reason.critique_revise,reason,native.tablebench_qsubtype=Domain-Specific,49,0.3877551020408163,0.4489795918367347,0.061224489795918366,-0.0005991956149821352,0.061823685410900504,0.10204081632653061,0.04081632653061224,0.8571428571428571
tablebench,Qwen/Qwen2.5-7B-Instruct,reason.critique_revise,reason,native.tablebench_qsubtype=ImpactAnalysis,50,0.1,0.1,0.0,-0.0005991956149821352,0.0005991956149821352,0.0,0.0,1.0
tablebench,Qwen/Qwen2.5-7B-Instruct,reason.critique_revise,reason,native.tablebench_qsubtype=MatchBased,46,0.9130434782608695,0.9130434782608695,0.0,-0.0005991956149821352,0.0005991956149821352,0.021739130434782608,0.021739130434782608,0.9565217391304348
tablebench,Qwen/Qwen2.5-7B-Instruct,reason.critique_revise,reason,native.tablebench_qsubtype=Multi-hop FactChecking,50,0.56,0.64,0.08,-0.0005991956149821352,0.08059919561498213,0.16,0.08,0.76
tablebench,Qwen/Qwen2.5-7B-Instruct,reason.critique_revise,reason,native.tablebench_qsubtype=Multi-hop NumericalReasoing,51,0.21568627450980393,0.19607843137254902,-0.0196078431372549,-0.0005991956149821352,-0.019008647522272767,0.0392156862745098,0.058823529411764705,0.9019607843137255
tablebench,Qwen/Qwen2.5-7B-Instruct,reason.critique_revise,reason,native.tablebench_qsubtype=Ranking,50,0.52,0.48,-0.04,-0.0005991956149821352,-0.03940080438501786,0.02,0.06,0.92
tablebench,Qwen/Qwen2.5-7B-Instruct,reason.critique_revise,reason,native.tablebench_qsubtype=StatisticalAnalysis,50,0.16,0.14,-0.02,-0.0005991956149821352,-0.019400804385017865,0.04,0.06,0.9
tablebench,Qwen/Qwen2.5-7B-Instruct,reason.critique_revise,reason,native.tablebench_qsubtype=Time-basedCalculation,47,0.2765957446808511,0.2978723404255319,0.02127659574468085,-0.0005991956149821352,0.021875791359662985,0.19148936170212766,0.1702127659574468,0.6382978723404256
tablebench,Qwen/Qwen2.5-7B-Instruct,reason.critique_revise,reason,native.tablebench_qsubtype=TrendForecasting,50,0.14,0.08,-0.06,-0.0005991956149821352,-0.05940080438501786,0.04,0.1,0.86
tablebench,Qwen/Qwen2.5-7B-Instruct,reason.critique_revise,reason,native.tablebench_qtype=DataAnalysis,343,0.14529349542367417,0.1350867096098986,-0.010206785813775683,-0.0005991956149821352,-0.009607590198793549,0.1661807580174927,0.1749271137026239,0.6588921282798834
tablebench,Qwen/Qwen2.5-7B-Instruct,reason.critique_revise,reason,native.tablebench_qtype=FactChecking,96,0.7291666666666666,0.7708333333333334,0.041666666666666664,-0.0005991956149821352,0.0422658622816488,0.09375,0.052083333333333336,0.8541666666666666
tablebench,Qwen/Qwen2.5-7B-Instruct,reason.critique_revise,reason,native.tablebench_qtype=NumericalReasoning,397,0.3501259445843829,0.34760705289672544,-0.0025188916876574307,-0.0005991956149821352,-0.0019196960726752955,0.07556675062972293,0.07808564231738035,0.8463476070528967
tablebench,Qwen/Qwen2.5-7B-Instruct,reason.critique_revise,reason,schema.has_date_col,298,0.31315465390086217,0.3383178565182771,0.02516320261741488,-0.0005991956149821352,0.025762398232397014,0.14093959731543623,0.10738255033557047,0.7516778523489933
tablebench,Qwen/Qwen2.5-7B-Instruct,reason.critique_revise,reason,schema.has_rank_col,255,0.32843095204913986,0.3220864065863639,-0.006344545462776008,-0.0005991956149821352,-0.005745349847793873,0.10196078431372549,0.10588235294117647,0.792156862745098
tablebench,Qwen/Qwen2.5-7B-Instruct,reason.critique_revise,reason,schema.has_score_col,107,0.3826388940634405,0.3713725501470812,-0.01126634391635921,-0.0005991956149821352,-0.010667148301377076,0.056074766355140186,0.09345794392523364,0.8504672897196262
tablebench,Qwen/Qwen2.5-7B-Instruct,reason.critique_revise,reason,schema.has_unit_col,251,0.27067580868108093,0.2847624143585194,0.014086605677438366,-0.0005991956149821352,0.014685801292420501,0.11553784860557768,0.09561752988047809,0.7888446215139442
tablebench,Qwen/Qwen2.5-7B-Instruct,reason.critique_revise,reason,schema.header_repetition_marker,28,0.237374138305873,0.12626006861549957,-0.11111406969037348,-0.0005991956149821352,-0.11051487407539134,0.10714285714285714,0.2857142857142857,0.6071428571428571
tablebench,Qwen/Qwen2.5-7B-Instruct,reason.critique_revise,reason,table.cols_bin=4_6,523,0.3211855109068761,0.3257273294394586,0.004541818532582515,-0.0005991956149821352,0.00514101414756465,0.1147227533460803,0.11281070745697896,0.7724665391969407
tablebench,Qwen/Qwen2.5-7B-Instruct,reason.critique_revise,reason,table.cols_bin=7_10,263,0.29255721091319653,0.28166473303068473,-0.010892477882511775,-0.0005991956149821352,-0.01029328226752964,0.11787072243346007,0.11787072243346007,0.7642585551330798
tablebench,Qwen/Qwen2.5-7B-Instruct,reason.critique_revise,reason,table.cols_bin=gt_10,50,0.2782620051170684,0.278030466245766,-0.0002315388713023736,-0.0005991956149821352,0.00036765674367976155,0.1,0.12,0.78
tablebench,Qwen/Qwen2.5-7B-Instruct,reason.critique_revise,reason,table.numeric_cols_bin=0,1,0.0,0.0,0.0,-0.0005991956149821352,0.0005991956149821352,0.0,0.0,1.0
tablebench,Qwen/Qwen2.5-7B-Instruct,reason.critique_revise,reason,table.numeric_cols_bin=1,42,0.5238095238095238,0.6190476190476191,0.09523809523809523,-0.0005991956149821352,0.09583729085307736,0.14285714285714285,0.047619047619047616,0.8095238095238095
tablebench,Qwen/Qwen2.5-7B-Instruct,reason.critique_revise,reason,table.numeric_cols_bin=2_3,179,0.34171808558699013,0.33834648944015383,-0.0033715961468363358,-0.0005991956149821352,-0.002772400531854201,0.15083798882681565,0.1340782122905028,0.7150837988826816
tablebench,Qwen/Qwen2.5-7B-Instruct,reason.critique_revise,reason,table.numeric_cols_bin=ge_4,614,0.2861044488766272,0.2797568726162992,-0.006347576260327943,-0.0005991956149821352,-0.005748380645345808,0.10260586319218241,0.11400651465798045,0.7833876221498371
tablebench,Qwen/Qwen2.5-7B-Instruct,reason.critique_revise,reason,table.numeric_density_bin=high,659,0.3051041937042244,0.29642336417653886,-0.008680829527685471,-0.0005991956149821352,-0.008081633912703336,0.1062215477996965,0.12139605462822459,0.7723823975720789
tablebench,Qwen/Qwen2.5-7B-Instruct,reason.critique_revise,reason,table.numeric_density_bin=low,42,0.5238095238095238,0.6190476190476191,0.09523809523809523,-0.0005991956149821352,0.09583729085307736,0.14285714285714285,0.047619047619047616,0.8095238095238095
tablebench,Qwen/Qwen2.5-7B-Instruct,reason.critique_revise,reason,table.numeric_density_bin=mid,134,0.266955263277884,0.27605779405862785,0.00910253078074378,-0.0005991956149821352,0.009701726395725915,0.14925373134328357,0.1044776119402985,0.746268656716418
tablebench,Qwen/Qwen2.5-7B-Instruct,reason.critique_revise,reason,table.numeric_density_bin=none,1,0.0,0.0,0.0,-0.0005991956149821352,0.0005991956149821352,0.0,0.0,1.0
tablebench,Qwen/Qwen2.5-7B-Instruct,reason.critique_revise,reason,table.rows_bin=11_25,384,0.3414674027810558,0.30795210449116467,-0.03351529828989119,-0.0005991956149821352,-0.032916102674909055,0.08854166666666667,0.12239583333333333,0.7890625
tablebench,Qwen/Qwen2.5-7B-Instruct,reason.critique_revise,reason,table.rows_bin=26_50,130,0.22077164693655682,0.2552231391433307,0.03445149220677397,-0.0005991956149821352,0.03505068782175611,0.16923076923076924,0.09230769230769231,0.7384615384615385
tablebench,Qwen/Qwen2.5-7B-Instruct,reason.critique_revise,reason,table.rows_bin=6_10,319,0.3041124519142396,0.3288467874073826,0.024734335493142773,-0.0005991956149821352,0.025333531108124908,0.12539184952978055,0.11598746081504702,0.7586206896551724
tablebench,Qwen/Qwen2.5-7B-Instruct,reason.critique_revise,reason,table.rows_bin=gt_50,3,0.6666666666666666,0.6666666666666666,0.0,-0.0005991956149821352,0.0005991956149821352,0.0,0.0,1.0
tablebench,Qwen/Qwen2.5-7B-Instruct,reason.critique_revise,reason,table.shape=balanced,452,0.32198610116248044,0.3033507950472792,-0.01863530611520128,-0.0005991956149821352,-0.018036110500219145,0.10619469026548672,0.11504424778761062,0.7787610619469026
tablebench,Qwen/Qwen2.5-7B-Instruct,reason.critique_revise,reason,table.shape=tall,4,0.25,0.0,-0.25,-0.0005991956149821352,-0.24940080438501785,0.0,0.25,0.75
tablebench,Qwen/Qwen2.5-7B-Instruct,reason.critique_revise,reason,table.shape=wide,380,0.295520924223366,0.3190004790390133,0.023479554815647136,-0.0005991956149821352,0.02407875043062927,0.12631578947368421,0.11315789473684211,0.7605263157894737
tablebench,Qwen/Qwen2.5-7B-Instruct,reason.critique_revise,reason,text.has_number,336,0.33367435430211545,0.3231277392244373,-0.010546615077678123,-0.0005991956149821352,-0.009947419462695988,0.0744047619047619,0.07738095238095238,0.8482142857142857
tablebench,Qwen/Qwen2.5-7B-Instruct,reason.critique_revise,reason,text.has_ordinal,39,0.47558446455505277,0.5525075414781296,0.07692307692307693,-0.0005991956149821352,0.07752227253805906,0.10256410256410256,0.02564102564102564,0.8717948717948718
tablebench,Qwen/Qwen2.5-7B-Instruct,reason.critique_revise,reason,text.has_quoted_span,168,0.21881171900788357,0.24030921625261245,0.021497497244728908,-0.0005991956149821352,0.022096692859711043,0.05952380952380952,0.05357142857142857,0.8869047619047619
tablebench,Qwen/Qwen2.5-7B-Instruct,reason.critique_revise,reason,text.has_year,170,0.2816644589445453,0.289204945381416,0.007540486436870678,-0.0005991956149821352,0.008139682051852814,0.08235294117647059,0.07647058823529412,0.8411764705882353
tablebench,Qwen/Qwen2.5-7B-Instruct,reason.decompose,reason,cell.has_comma_number,41,0.4532161596689123,0.40449644915109384,-0.048719710517818475,0.0149791204493731,-0.06369883096719157,0.14634146341463414,0.17073170731707318,0.6829268292682927
tablebench,Qwen/Qwen2.5-7B-Instruct,reason.decompose,reason,cell.has_date_like,618,0.2962765924251681,0.3089881753221914,0.012711582897023375,0.0149791204493731,-0.002267537552349725,0.1423948220064725,0.12297734627831715,0.7346278317152104
tablebench,Qwen/Qwen2.5-7B-Instruct,reason.decompose,reason,cell.has_numeric_range,127,0.25528515139569213,0.2749772420224599,0.01969209062676779,0.0149791204493731,0.00471297017739469,0.1968503937007874,0.15748031496062992,0.6456692913385826
tablebench,Qwen/Qwen2.5-7B-Instruct,reason.decompose,reason,cell.has_percent,75,0.21459930719042153,0.2624147010633013,0.04781539387287977,0.0149791204493731,0.03283627342350667,0.14666666666666667,0.06666666666666667,0.7866666666666666
tablebench,Qwen/Qwen2.5-7B-Instruct,reason.decompose,reason,cell.has_score_surface,29,0.3543400713436385,0.42630025983176995,0.07196018848813142,0.0149791204493731,0.05698106803875832,0.1724137931034483,0.10344827586206896,0.7241379310344828
tablebench,Qwen/Qwen2.5-7B-Instruct,reason.decompose,reason,cell.missing_value_marker,110,0.31183395568172917,0.3362698349118345,0.024435879230105394,0.0149791204493731,0.009456758780732294,0.16363636363636364,0.13636363636363635,0.7
tablebench,Qwen/Qwen2.5-7B-Instruct,reason.decompose,reason,grounding.cell_overlap,400,0.3602515404861317,0.3673829898548719,0.00713144936874041,0.0149791204493731,-0.007847671080632689,0.105,0.09,0.805
tablebench,Qwen/Qwen2.5-7B-Instruct,reason.decompose,reason,grounding.header_overlap,734,0.3217612030387408,0.33619818240466554,0.014436979365924852,0.0149791204493731,-0.0005421410834482478,0.10899182561307902,0.08991825613079019,0.8010899182561307
tablebench,Qwen/Qwen2.5-7B-Instruct,reason.decompose,reason,intent.aggregate_noncount,306,0.24793695078903324,0.24912589937472235,0.001188948585689057,0.0149791204493731,-0.013790171863684043,0.08169934640522876,0.07516339869281045,0.8431372549019608
tablebench,Qwen/Qwen2.5-7B-Instruct,reason.decompose,reason,intent.arithmetic,131,0.2913964675649644,0.3189950959036534,0.027598628338688924,0.0149791204493731,0.012619507889315824,0.09923664122137404,0.07633587786259542,0.8244274809160306
tablebench,Qwen/Qwen2.5-7B-Instruct,reason.decompose,reason,intent.comparison,39,0.2564102564102564,0.1282051282051282,-0.1282051282051282,0.0149791204493731,-0.1431842486545013,0.0,0.1282051282051282,0.8717948717948718
tablebench,Qwen/Qwen2.5-7B-Instruct,reason.decompose,reason,intent.count,234,0.336914215798716,0.3332354660150624,-0.0036787497836536466,0.0149791204493731,-0.018657870233026747,0.1111111111111111,0.1111111111111111,0.7777777777777778
tablebench,Qwen/Qwen2.5-7B-Instruct,reason.decompose,reason,intent.negation_marker,30,0.24347826086956523,0.2771929824561404,0.03371472158657514,0.0149791204493731,0.01873560113720204,0.1,0.03333333333333333,0.8666666666666667
tablebench,Qwen/Qwen2.5-7B-Instruct,reason.decompose,reason,intent.superlative_rank,243,0.3979791728979513,0.4179198510679992,0.019940678170047892,0.0149791204493731,0.0049615577206747925,0.09876543209876543,0.07818930041152264,0.823045267489712
tablebench,Qwen/Qwen2.5-7B-Instruct,reason.decompose,reason,intent.temporal,366,0.2924309119121662,0.31430677787793615,0.02187586596576992,0.0149791204493731,0.00689674551639682,0.09562841530054644,0.07650273224043716,0.8278688524590164
tablebench,Qwen/Qwen2.5-7B-Instruct,reason.decompose,reason,native.tablebench_qsubtype=Aggregation,50,0.18,0.14,-0.04,0.0149791204493731,-0.0549791204493731,0.02,0.06,0.92
tablebench,Qwen/Qwen2.5-7B-Instruct,reason.decompose,reason,native.tablebench_qsubtype=AnomalyDetection,47,0.10134381246219815,0.14586189591385013,0.04451808345165194,0.0149791204493731,0.029538963002278838,0.48936170212765956,0.23404255319148937,0.2765957446808511
tablebench,Qwen/Qwen2.5-7B-Instruct,reason.decompose,reason,native.tablebench_qsubtype=ArithmeticCalculation,50,0.4,0.4,0.0,0.0149791204493731,-0.0149791204493731,0.08,0.08,0.84
tablebench,Qwen/Qwen2.5-7B-Instruct,reason.decompose,reason,native.tablebench_qsubtype=CausalAnalysis,45,0.23341842737934768,0.286653421790196,0.053234994410848294,0.0149791204493731,0.038255873961475194,0.4222222222222222,0.24444444444444444,0.3333333333333333
tablebench,Qwen/Qwen2.5-7B-Instruct,reason.decompose,reason,native.tablebench_qsubtype=Comparison,50,0.5,0.5,0.0,0.0149791204493731,-0.0149791204493731,0.06,0.06,0.88
tablebench,Qwen/Qwen2.5-7B-Instruct,reason.decompose,reason,native.tablebench_qsubtype=CorrelationAnalysis,50,0.0,0.0,0.0,0.0149791204493731,-0.0149791204493731,0.0,0.0,1.0
tablebench,Qwen/Qwen2.5-7B-Instruct,reason.decompose,reason,native.tablebench_qsubtype=Counting,50,0.32,0.32,0.0,0.0149791204493731,-0.0149791204493731,0.12,0.12,0.76
tablebench,Qwen/Qwen2.5-7B-Instruct,reason.decompose,reason,native.tablebench_qsubtype=DescriptiveAnalysis,51,0.28566040220639816,0.2667313830879689,-0.018929019118429282,0.0149791204493731,-0.03390813956780238,0.37254901960784315,0.6274509803921569,0.0
tablebench,Qwen/Qwen2.5-7B-Instruct,reason.decompose,reason,native.tablebench_qsubtype=Domain-Specific,49,0.3877551020408163,0.42857142857142855,0.04081632653061224,0.0149791204493731,0.025837206081239142,0.12244897959183673,0.08163265306122448,0.7959183673469388
tablebench,Qwen/Qwen2.5-7B-Instruct,reason.decompose,reason,native.tablebench_qsubtype=ImpactAnalysis,50,0.1,0.12,0.02,0.0149791204493731,0.005020879550626901,0.02,0.0,0.98
tablebench,Qwen/Qwen2.5-7B-Instruct,reason.decompose,reason,native.tablebench_qsubtype=MatchBased,46,0.9130434782608695,0.9565217391304348,0.043478260869565216,0.0149791204493731,0.028499140420192116,0.06521739130434782,0.021739130434782608,0.9130434782608695
tablebench,Qwen/Qwen2.5-7B-Instruct,reason.decompose,reason,native.tablebench_qsubtype=Multi-hop FactChecking,50,0.56,0.6,0.04,0.0149791204493731,0.0250208795506269,0.12,0.08,0.8
tablebench,Qwen/Qwen2.5-7B-Instruct,reason.decompose,reason,native.tablebench_qsubtype=Multi-hop NumericalReasoing,51,0.21568627450980393,0.23529411764705882,0.0196078431372549,0.0149791204493731,0.004628722687881802,0.09803921568627451,0.0784313725490196,0.8235294117647058
tablebench,Qwen/Qwen2.5-7B-Instruct,reason.decompose,reason,native.tablebench_qsubtype=Ranking,50,0.52,0.56,0.04,0.0149791204493731,0.0250208795506269,0.06,0.02,0.92
tablebench,Qwen/Qwen2.5-7B-Instruct,reason.decompose,reason,native.tablebench_qsubtype=StatisticalAnalysis,50,0.16,0.18,0.02,0.0149791204493731,0.005020879550626901,0.1,0.08,0.82
tablebench,Qwen/Qwen2.5-7B-Instruct,reason.decompose,reason,native.tablebench_qsubtype=Time-basedCalculation,47,0.2765957446808511,0.3191489361702128,0.0425531914893617,0.0149791204493731,0.0275740710399886,0.19148936170212766,0.14893617021276595,0.6595744680851063
tablebench,Qwen/Qwen2.5-7B-Instruct,reason.decompose,reason,native.tablebench_qsubtype=TrendForecasting,50,0.14,0.1,-0.04,0.0149791204493731,-0.0549791204493731,0.06,0.1,0.84
tablebench,Qwen/Qwen2.5-7B-Instruct,reason.decompose,reason,native.tablebench_qtype=DataAnalysis,343,0.14529349542367417,0.15556330503205884,0.010269809608384608,0.0149791204493731,-0.004709310840988492,0.20408163265306123,0.1836734693877551,0.6122448979591837
tablebench,Qwen/Qwen2.5-7B-Instruct,reason.decompose,reason,native.tablebench_qtype=FactChecking,96,0.7291666666666666,0.7708333333333334,0.041666666666666664,0.0149791204493731,0.026687546217293565,0.09375,0.052083333333333336,0.8541666666666666
tablebench,Qwen/Qwen2.5-7B-Instruct,reason.decompose,reason,native.tablebench_qtype=NumericalReasoning,397,0.3501259445843829,0.36272040302267,0.012594458438287154,0.0149791204493731,-0.0023846620110859456,0.09319899244332494,0.08060453400503778,0.8261964735516373
tablebench,Qwen/Qwen2.5-7B-Instruct,reason.decompose,reason,schema.has_date_col,298,0.31315465390086217,0.33933101683820344,0.026176362937341276,0.0149791204493731,0.011197242487968176,0.14429530201342283,0.11409395973154363,0.7416107382550335
tablebench,Qwen/Qwen2.5-7B-Instruct,reason.decompose,reason,schema.has_rank_col,255,0.32843095204913986,0.3429139923008815,0.014483040251741658,0.0149791204493731,-0.0004960801976314419,0.12156862745098039,0.09019607843137255,0.788235294117647
tablebench,Qwen/Qwen2.5-7B-Instruct,reason.decompose,reason,schema.has_score_col,107,0.3826388940634405,0.3756341160546857,-0.00700477800875467,0.0149791204493731,-0.02198389845812777,0.09345794392523364,0.11214953271028037,0.794392523364486
tablebench,Qwen/Qwen2.5-7B-Instruct,reason.decompose,reason,schema.has_unit_col,251,0.27067580868108093,0.29943587493200036,0.028760066250919324,0.0149791204493731,0.013780945801546225,0.14741035856573706,0.10756972111553785,0.7450199203187251
tablebench,Qwen/Qwen2.5-7B-Instruct,reason.decompose,reason,schema.header_repetition_marker,28,0.237374138305873,0.20589699165149106,-0.03147714665438195,0.0149791204493731,-0.04645626710375505,0.17857142857142858,0.21428571428571427,0.6071428571428571
tablebench,Qwen/Qwen2.5-7B-Instruct,reason.decompose,reason,table.cols_bin=4_6,523,0.3211855109068761,0.3467472365683872,0.025561725661511124,0.0149791204493731,0.010582605212138024,0.1491395793499044,0.11281070745697896,0.7380497131931166
tablebench,Qwen/Qwen2.5-7B-Instruct,reason.decompose,reason,table.cols_bin=7_10,263,0.29255721091319653,0.289945647366462,-0.0026115635467346193,0.0149791204493731,-0.01759068399610772,0.12927756653992395,0.12167300380228137,0.7490494296577946
tablebench,Qwen/Qwen2.5-7B-Instruct,reason.decompose,reason,table.cols_bin=gt_10,50,0.2782620051170684,0.27507407286700447,-0.003187932250063883,0.0149791204493731,-0.018167052699436984,0.08,0.18,0.74
tablebench,Qwen/Qwen2.5-7B-Instruct,reason.decompose,reason,table.numeric_cols_bin=0,1,0.0,0.0,0.0,0.0149791204493731,-0.0149791204493731,0.0,0.0,1.0
tablebench,Qwen/Qwen2.5-7B-Instruct,reason.decompose,reason,table.numeric_cols_bin=1,42,0.5238095238095238,0.5714285714285714,0.047619047619047616,0.0149791204493731,0.03263992716967452,0.11904761904761904,0.07142857142857142,0.8095238095238095
tablebench,Qwen/Qwen2.5-7B-Instruct,reason.decompose,reason,table.numeric_cols_bin=2_3,179,0.34171808558699013,0.36314970392180523,0.02143161833481507,0.0149791204493731,0.006452497885441971,0.18435754189944134,0.1340782122905028,0.6815642458100558
tablebench,Qwen/Qwen2.5-7B-Instruct,reason.decompose,reason,table.numeric_cols_bin=ge_4,614,0.2861044488766272,0.29699416388272487,0.010889715006097752,0.0149791204493731,-0.004089405443275348,0.1270358306188925,0.11889250814332247,0.754071661237785
tablebench,Qwen/Qwen2.5-7B-Instruct,reason.decompose,reason,table.numeric_density_bin=high,659,0.3051041937042244,0.3165336779128515,0.011429484208627145,0.0149791204493731,-0.0035496362407459545,0.13353566009104703,0.1274658573596358,0.7389984825493171
tablebench,Qwen/Qwen2.5-7B-Instruct,reason.decompose,reason,table.numeric_density_bin=low,42,0.5238095238095238,0.5714285714285714,0.047619047619047616,0.0149791204493731,0.03263992716967452,0.11904761904761904,0.07142857142857142,0.8095238095238095
tablebench,Qwen/Qwen2.5-7B-Instruct,reason.decompose,reason,table.numeric_density_bin=mid,134,0.266955263277884,0.2892725364285603,0.02231727315067633,0.0149791204493731,0.007338152701303231,0.17164179104477612,0.09701492537313433,0.7313432835820896
tablebench,Qwen/Qwen2.5-7B-Instruct,reason.decompose,reason,table.numeric_density_bin=none,1,0.0,0.0,0.0,0.0149791204493731,-0.0149791204493731,0.0,0.0,1.0
tablebench,Qwen/Qwen2.5-7B-Instruct,reason.decompose,reason,table.rows_bin=11_25,384,0.3414674027810558,0.35210727879075937,0.010639876009703604,0.0149791204493731,-0.004339244439669496,0.125,0.11197916666666667,0.7630208333333334
tablebench,Qwen/Qwen2.5-7B-Instruct,reason.decompose,reason,table.rows_bin=26_50,130,0.22077164693655682,0.2646722689582865,0.04390062202172968,0.0149791204493731,0.02892150157235658,0.16153846153846155,0.1076923076923077,0.7307692307692307
tablebench,Qwen/Qwen2.5-7B-Instruct,reason.decompose,reason,table.rows_bin=6_10,319,0.3041124519142396,0.3158044627140042,0.01169201079976452,0.0149791204493731,-0.0032871096496085803,0.14733542319749215,0.13166144200626959,0.7210031347962382
tablebench,Qwen/Qwen2.5-7B-Instruct,reason.decompose,reason,table.rows_bin=gt_50,3,0.6666666666666666,0.3333333333333333,-0.3333333333333333,0.0149791204493731,-0.3483124537827064,0.0,0.3333333333333333,0.6666666666666666
tablebench,Qwen/Qwen2.5-7B-Instruct,reason.decompose,reason,table.shape=balanced,452,0.32198610116248044,0.3362784135815618,0.014292312419081493,0.0149791204493731,-0.0006868080302916066,0.13716814159292035,0.10619469026548672,0.7566371681415929
tablebench,Qwen/Qwen2.5-7B-Instruct,reason.decompose,reason,table.shape=tall,4,0.25,0.0,-0.25,0.0149791204493731,-0.2649791204493731,0.0,0.25,0.75
tablebench,Qwen/Qwen2.5-7B-Instruct,reason.decompose,reason,table.shape=wide,380,0.295520924223366,0.31410623865034265,0.018585314426976546,0.0149791204493731,0.0036061939776034467,0.14210526315789473,0.13421052631578947,0.7236842105263158
tablebench,Qwen/Qwen2.5-7B-Instruct,reason.decompose,reason,text.has_number,336,0.33367435430211545,0.3364624091066205,0.0027880548045050605,0.0149791204493731,-0.012191065644868038,0.09821428571428571,0.09523809523809523,0.8065476190476191
tablebench,Qwen/Qwen2.5-7B-Instruct,reason.decompose,reason,text.has_ordinal,39,0.47558446455505277,0.6300451092117759,0.1544606446567231,0.0149791204493731,0.13948152420735,0.20512820512820512,0.02564102564102564,0.7692307692307693
tablebench,Qwen/Qwen2.5-7B-Instruct,reason.decompose,reason,text.has_quoted_span,168,0.21881171900788357,0.2367774557033424,0.017965736695458874,0.0149791204493731,0.0029866162460857743,0.08928571428571429,0.06547619047619048,0.8452380952380952
tablebench,Qwen/Qwen2.5-7B-Instruct,reason.decompose,reason,text.has_year,170,0.2816644589445453,0.30660785345988883,0.024943394515343536,0.0149791204493731,0.009964274065970436,0.10588235294117647,0.08823529411764706,0.8058823529411765
tablebench,Qwen/Qwen2.5-7B-Instruct,reason.enumerate,reason,cell.has_comma_number,41,0.4532161596689123,0.3132120779764223,-0.14000408169249004,0.010842565024329379,-0.1508466467168194,0.14634146341463414,0.1951219512195122,0.6585365853658537
tablebench,Qwen/Qwen2.5-7B-Instruct,reason.enumerate,reason,cell.has_date_like,618,0.2962765924251681,0.3079030440582217,0.011626451633053734,0.010842565024329379,0.0007838866087243549,0.1343042071197411,0.10194174757281553,0.7637540453074434
tablebench,Qwen/Qwen2.5-7B-Instruct,reason.enumerate,reason,cell.has_numeric_range,127,0.25528515139569213,0.2865023747552344,0.031217223359542252,0.010842565024329379,0.020374658335212875,0.16535433070866143,0.14173228346456693,0.6929133858267716
tablebench,Qwen/Qwen2.5-7B-Instruct,reason.enumerate,reason,cell.has_percent,75,0.21459930719042153,0.24859761830745977,0.03399831111703822,0.010842565024329379,0.023155746092708845,0.13333333333333333,0.02666666666666667,0.84
tablebench,Qwen/Qwen2.5-7B-Instruct,reason.enumerate,reason,cell.has_score_surface,29,0.3543400713436385,0.3904374343440525,0.03609736300041394,0.010842565024329379,0.025254797976084563,0.1724137931034483,0.13793103448275862,0.6896551724137931
tablebench,Qwen/Qwen2.5-7B-Instruct,reason.enumerate,reason,cell.missing_value_marker,110,0.31183395568172917,0.36094157167677215,0.0491076159950431,0.010842565024329379,0.03826505097071372,0.15454545454545454,0.07272727272727272,0.7727272727272727
tablebench,Qwen/Qwen2.5-7B-Instruct,reason.enumerate,reason,grounding.cell_overlap,400,0.3602515404861317,0.37695209252018186,0.0167005520340502,0.010842565024329379,0.005857987009720822,0.1075,0.08,0.8125
tablebench,Qwen/Qwen2.5-7B-Instruct,reason.enumerate,reason,grounding.header_overlap,734,0.3217612030387408,0.33388730102602726,0.012126097987286586,0.010842565024329379,0.0012835329629572075,0.09809264305177112,0.0776566757493188,0.8242506811989101
tablebench,Qwen/Qwen2.5-7B-Instruct,reason.enumerate,reason,intent.aggregate_noncount,306,0.24793695078903324,0.2551936620368221,0.0072567112477888145,0.010842565024329379,-0.0035858537765405644,0.07516339869281045,0.05555555555555555,0.869281045751634
tablebench,Qwen/Qwen2.5-7B-Instruct,reason.enumerate,reason,intent.arithmetic,131,0.2913964675649644,0.3222468045603842,0.030850336995419766,0.010842565024329379,0.02000777197109039,0.09923664122137404,0.061068702290076333,0.8396946564885496
tablebench,Qwen/Qwen2.5-7B-Instruct,reason.enumerate,reason,intent.comparison,39,0.2564102564102564,0.15384615384615385,-0.10256410256410256,0.010842565024329379,-0.11340666758843194,0.02564102564102564,0.1282051282051282,0.8461538461538461
tablebench,Qwen/Qwen2.5-7B-Instruct,reason.enumerate,reason,intent.count,234,0.336914215798716,0.3418284281168443,0.0049142123181282445,0.010842565024329379,-0.0059283527062011345,0.10256410256410256,0.08974358974358974,0.8076923076923077
tablebench,Qwen/Qwen2.5-7B-Instruct,reason.enumerate,reason,intent.negation_marker,30,0.24347826086956523,0.26666666666666666,0.02318840579710145,0.010842565024329379,0.01234584077277207,0.03333333333333333,0.03333333333333333,0.9333333333333333
tablebench,Qwen/Qwen2.5-7B-Instruct,reason.enumerate,reason,intent.superlative_rank,243,0.3979791728979513,0.40566807427131807,0.007688901373366711,0.010842565024329379,-0.0031536636509626676,0.09465020576131687,0.09053497942386832,0.8148148148148148
tablebench,Qwen/Qwen2.5-7B-Instruct,reason.enumerate,reason,intent.temporal,366,0.2924309119121662,0.31585606988682274,0.023425157974656465,0.010842565024329379,0.012582592950327086,0.07923497267759563,0.060109289617486336,0.860655737704918
tablebench,Qwen/Qwen2.5-7B-Instruct,reason.enumerate,reason,native.tablebench_qsubtype=Aggregation,50,0.18,0.12,-0.06,0.010842565024329379,-0.07084256502432938,0.0,0.06,0.94
tablebench,Qwen/Qwen2.5-7B-Instruct,reason.enumerate,reason,native.tablebench_qsubtype=AnomalyDetection,47,0.10134381246219815,0.12146936307637139,0.02012555061417329,0.010842565024329379,0.009282985589843912,0.3191489361702128,0.2978723404255319,0.3829787234042553
tablebench,Qwen/Qwen2.5-7B-Instruct,reason.enumerate,reason,native.tablebench_qsubtype=ArithmeticCalculation,50,0.4,0.46,0.06,0.010842565024329379,0.04915743497567062,0.1,0.04,0.86
tablebench,Qwen/Qwen2.5-7B-Instruct,reason.enumerate,reason,native.tablebench_qsubtype=CausalAnalysis,45,0.23341842737934768,0.22798177712459053,-0.005436650254757097,0.010842565024329379,-0.016279215279086476,0.3333333333333333,0.2222222222222222,0.4444444444444444
tablebench,Qwen/Qwen2.5-7B-Instruct,reason.enumerate,reason,native.tablebench_qsubtype=Comparison,50,0.5,0.56,0.06,0.010842565024329379,0.04915743497567062,0.08,0.02,0.9
tablebench,Qwen/Qwen2.5-7B-Instruct,reason.enumerate,reason,native.tablebench_qsubtype=CorrelationAnalysis,50,0.0,0.0,0.0,0.010842565024329379,-0.010842565024329379,0.0,0.0,1.0
tablebench,Qwen/Qwen2.5-7B-Instruct,reason.enumerate,reason,native.tablebench_qsubtype=Counting,50,0.32,0.32,0.0,0.010842565024329379,-0.010842565024329379,0.14,0.14,0.72
tablebench,Qwen/Qwen2.5-7B-Instruct,reason.enumerate,reason,native.tablebench_qsubtype=DescriptiveAnalysis,51,0.28566040220639816,0.27317280893065854,-0.012487593275739572,0.010842565024329379,-0.023330158300068952,0.47058823529411764,0.5294117647058824,0.0
tablebench,Qwen/Qwen2.5-7B-Instruct,reason.enumerate,reason,native.tablebench_qsubtype=Domain-Specific,49,0.3877551020408163,0.42857142857142855,0.04081632653061224,0.010842565024329379,0.029973761506282864,0.10204081632653061,0.061224489795918366,0.8367346938775511
tablebench,Qwen/Qwen2.5-7B-Instruct,reason.enumerate,reason,native.tablebench_qsubtype=ImpactAnalysis,50,0.1,0.12,0.02,0.010842565024329379,0.009157434975670621,0.02,0.0,0.98
tablebench,Qwen/Qwen2.5-7B-Instruct,reason.enumerate,reason,native.tablebench_qsubtype=MatchBased,46,0.9130434782608695,0.9347826086956522,0.021739130434782608,0.010842565024329379,0.010896565410453229,0.06521739130434782,0.043478260869565216,0.8913043478260869
tablebench,Qwen/Qwen2.5-7B-Instruct,reason.enumerate,reason,native.tablebench_qsubtype=Multi-hop FactChecking,50,0.56,0.56,0.0,0.010842565024329379,-0.010842565024329379,0.12,0.12,0.76
tablebench,Qwen/Qwen2.5-7B-Instruct,reason.enumerate,reason,native.tablebench_qsubtype=Multi-hop NumericalReasoing,51,0.21568627450980393,0.2549019607843137,0.0392156862745098,0.010842565024329379,0.028373121250180426,0.0784313725490196,0.0392156862745098,0.8823529411764706
tablebench,Qwen/Qwen2.5-7B-Instruct,reason.enumerate,reason,native.tablebench_qsubtype=Ranking,50,0.52,0.46,-0.06,0.010842565024329379,-0.07084256502432938,0.06,0.12,0.82
tablebench,Qwen/Qwen2.5-7B-Instruct,reason.enumerate,reason,native.tablebench_qsubtype=StatisticalAnalysis,50,0.16,0.16,0.0,0.010842565024329379,-0.010842565024329379,0.06,0.06,0.88
tablebench,Qwen/Qwen2.5-7B-Instruct,reason.enumerate,reason,native.tablebench_qsubtype=Time-basedCalculation,47,0.2765957446808511,0.3404255319148936,0.06382978723404255,0.010842565024329379,0.05298722220971317,0.14893617021276595,0.0851063829787234,0.7659574468085106
tablebench,Qwen/Qwen2.5-7B-Instruct,reason.enumerate,reason,native.tablebench_qsubtype=TrendForecasting,50,0.14,0.14,0.0,0.010842565024329379,-0.010842565024329379,0.04,0.04,0.92
tablebench,Qwen/Qwen2.5-7B-Instruct,reason.enumerate,reason,native.tablebench_qtype=DataAnalysis,343,0.14529349542367417,0.14839665682408057,0.003103161400406286,0.010842565024329379,-0.007739403623923093,0.1749271137026239,0.16326530612244897,0.6618075801749271
tablebench,Qwen/Qwen2.5-7B-Instruct,reason.enumerate,reason,native.tablebench_qtype=FactChecking,96,0.7291666666666666,0.7395833333333334,0.010416666666666666,0.010842565024329379,-0.0004258983576627129,0.09375,0.08333333333333333,0.8229166666666666
tablebench,Qwen/Qwen2.5-7B-Instruct,reason.enumerate,reason,native.tablebench_qtype=NumericalReasoning,397,0.3501259445843829,0.3677581863979849,0.017632241813602016,0.010842565024329379,0.0067896767892726365,0.08816120906801007,0.07052896725440806,0.8413098236775819
tablebench,Qwen/Qwen2.5-7B-Instruct,reason.enumerate,reason,schema.has_date_col,298,0.31315465390086217,0.330805303988867,0.01765065008800478,0.010842565024329379,0.006808085063675402,0.13087248322147652,0.09731543624161074,0.7718120805369127
tablebench,Qwen/Qwen2.5-7B-Instruct,reason.enumerate,reason,schema.has_rank_col,255,0.32843095204913986,0.349707609812071,0.021276657762931073,0.010842565024329379,0.010434092738601694,0.12941176470588237,0.09803921568627451,0.7725490196078432
tablebench,Qwen/Qwen2.5-7B-Instruct,reason.enumerate,reason,schema.has_score_col,107,0.3826388940634405,0.429655957866753,0.04701706380331258,0.010842565024329379,0.036174498778983204,0.1308411214953271,0.08411214953271028,0.7850467289719626
tablebench,Qwen/Qwen2.5-7B-Instruct,reason.enumerate,reason,schema.has_unit_col,251,0.27067580868108093,0.29004840790978703,0.019372599228705902,0.010842565024329379,0.008530034204376523,0.14342629482071714,0.099601593625498,0.7569721115537849
tablebench,Qwen/Qwen2.5-7B-Instruct,reason.enumerate,reason,schema.header_repetition_marker,28,0.237374138305873,0.16896027769752256,-0.06841386060835043,0.010842565024329379,-0.07925642563267982,0.14285714285714285,0.21428571428571427,0.6428571428571429
tablebench,Qwen/Qwen2.5-7B-Instruct,reason.enumerate,reason,table.cols_bin=4_6,523,0.3211855109068761,0.3266168270759002,0.005431316169024003,0.010842565024329379,-0.005411248855305376,0.12237093690248566,0.124282982791587,0.7533460803059273
tablebench,Qwen/Qwen2.5-7B-Instruct,reason.enumerate,reason,table.cols_bin=7_10,263,0.29255721091319653,0.3120326396627509,0.019475428749554245,0.010842565024329379,0.008632863725224866,0.12547528517110265,0.08745247148288973,0.7870722433460076
tablebench,Qwen/Qwen2.5-7B-Instruct,reason.enumerate,reason,table.cols_bin=gt_10,50,0.2782620051170684,0.3002973699732091,0.022035364856140743,0.010842565024329379,0.011192799831811364,0.14,0.08,0.78
tablebench,Qwen/Qwen2.5-7B-Instruct,reason.enumerate,reason,table.numeric_cols_bin=0,1,0.0,0.0,0.0,0.010842565024329379,-0.010842565024329379,0.0,0.0,1.0
tablebench,Qwen/Qwen2.5-7B-Instruct,reason.enumerate,reason,table.numeric_cols_bin=1,42,0.5238095238095238,0.5,-0.023809523809523808,0.010842565024329379,-0.034652088833853185,0.09523809523809523,0.11904761904761904,0.7857142857142857
tablebench,Qwen/Qwen2.5-7B-Instruct,reason.enumerate,reason,table.numeric_cols_bin=2_3,179,0.34171808558699013,0.3483215734818992,0.006603487894909082,0.010842565024329379,-0.004239077129420297,0.15083798882681565,0.1340782122905028,0.7150837988826816
tablebench,Qwen/Qwen2.5-7B-Instruct,reason.enumerate,reason,table.numeric_cols_bin=ge_4,614,0.2861044488766272,0.30057083328566725,0.01446638440904012,0.010842565024329379,0.003623819384710741,0.11889250814332247,0.10260586319218241,0.7785016286644951
tablebench,Qwen/Qwen2.5-7B-Instruct,reason.enumerate,reason,table.numeric_density_bin=high,659,0.3051041937042244,0.31351436200545424,0.008410168301229927,0.010842565024329379,-0.0024323967230994517,0.1244309559939302,0.11836115326251896,0.7572078907435509
tablebench,Qwen/Qwen2.5-7B-Instruct,reason.enumerate,reason,table.numeric_density_bin=low,42,0.5238095238095238,0.5,-0.023809523809523808,0.010842565024329379,-0.034652088833853185,0.09523809523809523,0.11904761904761904,0.7857142857142857
tablebench,Qwen/Qwen2.5-7B-Instruct,reason.enumerate,reason,table.numeric_density_bin=mid,134,0.266955263277884,0.3007021546945171,0.03374689141663312,0.010842565024329379,0.02290432639230374,0.13432835820895522,0.06716417910447761,0.7985074626865671
tablebench,Qwen/Qwen2.5-7B-Instruct,reason.enumerate,reason,table.numeric_density_bin=none,1,0.0,0.0,0.0,0.010842565024329379,-0.010842565024329379,0.0,0.0,1.0
tablebench,Qwen/Qwen2.5-7B-Instruct,reason.enumerate,reason,table.rows_bin=11_25,384,0.3414674027810558,0.3222234615089807,-0.019243941272075196,0.010842565024329379,-0.030086506296404573,0.11197916666666667,0.11458333333333333,0.7734375
tablebench,Qwen/Qwen2.5-7B-Instruct,reason.enumerate,reason,table.rows_bin=26_50,130,0.22077164693655682,0.2681836747029379,0.047412027766381086,0.010842565024329379,0.03656946274205171,0.14615384615384616,0.09230769230769231,0.7615384615384615
tablebench,Qwen/Qwen2.5-7B-Instruct,reason.enumerate,reason,table.rows_bin=6_10,319,0.3041124519142396,0.3363710544195273,0.03225860250528744,0.010842565024329379,0.021416037480958064,0.13166144200626959,0.11285266457680251,0.7554858934169278
tablebench,Qwen/Qwen2.5-7B-Instruct,reason.enumerate,reason,table.rows_bin=gt_50,3,0.6666666666666666,0.6666666666666666,0.0,0.010842565024329379,-0.010842565024329379,0.0,0.0,1.0
tablebench,Qwen/Qwen2.5-7B-Instruct,reason.enumerate,reason,table.shape=balanced,452,0.32198610116248044,0.32681242203039385,0.004826320867913448,0.010842565024329379,-0.006016244156415931,0.1261061946902655,0.10619469026548672,0.7676991150442478
tablebench,Qwen/Qwen2.5-7B-Instruct,reason.enumerate,reason,table.shape=tall,4,0.25,0.0,-0.25,0.010842565024329379,-0.2608425650243294,0.0,0.25,0.75
tablebench,Qwen/Qwen2.5-7B-Instruct,reason.enumerate,reason,table.shape=wide,380,0.295520924223366,0.3162653645603201,0.020744440336953888,0.010842565024329379,0.009901875312624509,0.12368421052631579,0.11315789473684211,0.7631578947368421
tablebench,Qwen/Qwen2.5-7B-Instruct,reason.enumerate,reason,text.has_number,336,0.33367435430211545,0.3392183267016004,0.005543972399484951,0.010842565024329379,-0.005298592624844428,0.08333333333333333,0.08035714285714286,0.8363095238095238
tablebench,Qwen/Qwen2.5-7B-Instruct,reason.enumerate,reason,text.has_ordinal,39,0.47558446455505277,0.424485236985237,-0.05109922756981581,0.010842565024329379,-0.06194179259414519,0.07692307692307693,0.10256410256410256,0.8205128205128205
tablebench,Qwen/Qwen2.5-7B-Instruct,reason.enumerate,reason,text.has_quoted_span,168,0.21881171900788357,0.24683211787719495,0.028020398869311396,0.010842565024329379,0.01717783384498202,0.05952380952380952,0.041666666666666664,0.8988095238095238
tablebench,Qwen/Qwen2.5-7B-Instruct,reason.enumerate,reason,text.has_year,170,0.2816644589445453,0.3044737435203967,0.022809284575851376,0.010842565024329379,0.011966719551521997,0.08235294117647059,0.058823529411764705,0.8588235294117647
tablebench,Qwen/Qwen2.5-7B-Instruct,reason.evidence_localize,reason,cell.has_comma_number,41,0.4532161596689123,0.33143418959264925,-0.12178197007626301,0.0029998818428325653,-0.12478185191909558,0.0975609756097561,0.1951219512195122,0.7073170731707317
tablebench,Qwen/Qwen2.5-7B-Instruct,reason.evidence_localize,reason,cell.has_date_like,618,0.2962765924251681,0.2977557587341689,0.0014791663090007452,0.0029998818428325653,-0.00152071553383182,0.12459546925566344,0.11812297734627832,0.7572815533980582
tablebench,Qwen/Qwen2.5-7B-Instruct,reason.evidence_localize,reason,cell.has_numeric_range,127,0.25528515139569213,0.26725921469195246,0.011974063296260249,0.0029998818428325653,0.008974181453427684,0.11811023622047244,0.15748031496062992,0.7244094488188977
tablebench,Qwen/Qwen2.5-7B-Instruct,reason.evidence_localize,reason,cell.has_percent,75,0.21459930719042153,0.25827070560954835,0.04367139841912684,0.0029998818428325653,0.040671516576294274,0.12,0.08,0.8
tablebench,Qwen/Qwen2.5-7B-Instruct,reason.evidence_localize,reason,cell.has_score_surface,29,0.3543400713436385,0.4226082447498055,0.06826817340616702,0.0029998818428325653,0.06526829156333445,0.06896551724137931,0.034482758620689655,0.896551724137931
tablebench,Qwen/Qwen2.5-7B-Instruct,reason.evidence_localize,reason,cell.missing_value_marker,110,0.31183395568172917,0.3571859979234209,0.045352042241691704,0.0029998818428325653,0.04235216039885914,0.16363636363636364,0.10909090909090909,0.7272727272727273
tablebench,Qwen/Qwen2.5-7B-Instruct,reason.evidence_localize,reason,grounding.cell_overlap,400,0.3602515404861317,0.38748256569792217,0.027231025211790553,0.0029998818428325653,0.024231143368957986,0.1,0.0725,0.8275
tablebench,Qwen/Qwen2.5-7B-Instruct,reason.evidence_localize,reason,grounding.header_overlap,734,0.3217612030387408,0.3225319287941375,0.0007707257553967327,0.0029998818428325653,-0.0022291560874358324,0.1008174386920981,0.08719346049046321,0.8119891008174387
tablebench,Qwen/Qwen2.5-7B-Instruct,reason.evidence_localize,reason,intent.aggregate_noncount,306,0.24793695078903324,0.27765744417974475,0.029720493390711443,0.0029998818428325653,0.02672061154787888,0.10130718954248366,0.0718954248366013,0.826797385620915
tablebench,Qwen/Qwen2.5-7B-Instruct,reason.evidence_localize,reason,intent.arithmetic,131,0.2913964675649644,0.2960260539378479,0.004629586372883498,0.0029998818428325653,0.0016297045300509329,0.07633587786259542,0.07633587786259542,0.8473282442748091
tablebench,Qwen/Qwen2.5-7B-Instruct,reason.evidence_localize,reason,intent.comparison,39,0.2564102564102564,0.15384615384615385,-0.10256410256410256,0.0029998818428325653,-0.10556398440693512,0.07692307692307693,0.1794871794871795,0.7435897435897436
tablebench,Qwen/Qwen2.5-7B-Instruct,reason.evidence_localize,reason,intent.count,234,0.336914215798716,0.31443913964707687,-0.02247507615163907,0.0029998818428325653,-0.025474957994471636,0.06837606837606838,0.10256410256410256,0.8290598290598291
tablebench,Qwen/Qwen2.5-7B-Instruct,reason.evidence_localize,reason,intent.negation_marker,30,0.24347826086956523,0.26666666666666666,0.02318840579710145,0.0029998818428325653,0.020188523954268886,0.03333333333333333,0.03333333333333333,0.9333333333333333
tablebench,Qwen/Qwen2.5-7B-Instruct,reason.evidence_localize,reason,intent.superlative_rank,243,0.3979791728979513,0.38165887183251435,-0.016320301065437012,0.0029998818428325653,-0.019320182908269576,0.06995884773662552,0.08641975308641975,0.8436213991769548
tablebench,Qwen/Qwen2.5-7B-Instruct,reason.evidence_localize,reason,intent.temporal,366,0.2924309119121662,0.2939254507324477,0.0014945388202814525,0.0029998818428325653,-0.0015053430225511128,0.08196721311475409,0.07103825136612021,0.8469945355191257
tablebench,Qwen/Qwen2.5-7B-Instruct,reason.evidence_localize,reason,native.tablebench_qsubtype=Aggregation,50,0.18,0.18,0.0,0.0029998818428325653,-0.0029998818428325653,0.08,0.08,0.84
tablebench,Qwen/Qwen2.5-7B-Instruct,reason.evidence_localize,reason,native.tablebench_qsubtype=AnomalyDetection,47,0.10134381246219815,0.11425178849106868,0.012907976028870505,0.0029998818428325653,0.00990809418603794,0.3191489361702128,0.2553191489361702,0.425531914893617
tablebench,Qwen/Qwen2.5-7B-Instruct,reason.evidence_localize,reason,native.tablebench_qsubtype=ArithmeticCalculation,50,0.4,0.48,0.08,0.0029998818428325653,0.07700011815716744,0.14,0.06,0.8
tablebench,Qwen/Qwen2.5-7B-Instruct,reason.evidence_localize,reason,native.tablebench_qsubtype=CausalAnalysis,45,0.23341842737934768,0.23553106980736888,0.002112642428021193,0.0029998818428325653,-0.0008872394148113725,0.35555555555555557,0.3111111111111111,0.3333333333333333
tablebench,Qwen/Qwen2.5-7B-Instruct,reason.evidence_localize,reason,native.tablebench_qsubtype=Comparison,50,0.5,0.5,0.0,0.0029998818428325653,-0.0029998818428325653,0.04,0.04,0.92
tablebench,Qwen/Qwen2.5-7B-Instruct,reason.evidence_localize,reason,native.tablebench_qsubtype=CorrelationAnalysis,50,0.0,0.0,0.0,0.0029998818428325653,-0.0029998818428325653,0.0,0.0,1.0
tablebench,Qwen/Qwen2.5-7B-Instruct,reason.evidence_localize,reason,native.tablebench_qsubtype=Counting,50,0.32,0.16,-0.16,0.0029998818428325653,-0.16299988184283257,0.02,0.18,0.8
tablebench,Qwen/Qwen2.5-7B-Instruct,reason.evidence_localize,reason,native.tablebench_qsubtype=DescriptiveAnalysis,51,0.28566040220639816,0.28185956765718556,-0.003800834549212585,0.0029998818428325653,-0.00680071639204515,0.47058823529411764,0.5294117647058824,0.0
tablebench,Qwen/Qwen2.5-7B-Instruct,reason.evidence_localize,reason,native.tablebench_qsubtype=Domain-Specific,49,0.3877551020408163,0.46938775510204084,0.08163265306122448,0.0029998818428325653,0.07863277121839192,0.10204081632653061,0.02040816326530612,0.8775510204081632
tablebench,Qwen/Qwen2.5-7B-Instruct,reason.evidence_localize,reason,native.tablebench_qsubtype=ImpactAnalysis,50,0.1,0.12,0.02,0.0029998818428325653,0.017000118157167433,0.02,0.0,0.98
tablebench,Qwen/Qwen2.5-7B-Instruct,reason.evidence_localize,reason,native.tablebench_qsubtype=MatchBased,46,0.9130434782608695,0.8913043478260869,-0.021739130434782608,0.0029998818428325653,-0.02473901227761517,0.0,0.021739130434782608,0.9782608695652174
tablebench,Qwen/Qwen2.5-7B-Instruct,reason.evidence_localize,reason,native.tablebench_qsubtype=Multi-hop FactChecking,50,0.56,0.6,0.04,0.0029998818428325653,0.03700011815716744,0.1,0.06,0.84
tablebench,Qwen/Qwen2.5-7B-Instruct,reason.evidence_localize,reason,native.tablebench_qsubtype=Multi-hop NumericalReasoing,51,0.21568627450980393,0.19607843137254902,-0.0196078431372549,0.0029998818428325653,-0.022607724980087465,0.0784313725490196,0.09803921568627451,0.8235294117647058
tablebench,Qwen/Qwen2.5-7B-Instruct,reason.evidence_localize,reason,native.tablebench_qsubtype=Ranking,50,0.52,0.46,-0.06,0.0029998818428325653,-0.06299988184283256,0.02,0.08,0.9
tablebench,Qwen/Qwen2.5-7B-Instruct,reason.evidence_localize,reason,native.tablebench_qsubtype=StatisticalAnalysis,50,0.16,0.2,0.04,0.0029998818428325653,0.03700011815716744,0.1,0.06,0.84
tablebench,Qwen/Qwen2.5-7B-Instruct,reason.evidence_localize,reason,native.tablebench_qsubtype=Time-basedCalculation,47,0.2765957446808511,0.3404255319148936,0.06382978723404255,0.0029998818428325653,0.060829905391209985,0.2127659574468085,0.14893617021276595,0.6382978723404256
tablebench,Qwen/Qwen2.5-7B-Instruct,reason.evidence_localize,reason,native.tablebench_qsubtype=TrendForecasting,50,0.14,0.12,-0.02,0.0029998818428325653,-0.022999881842832567,0.04,0.06,0.9
tablebench,Qwen/Qwen2.5-7B-Instruct,reason.evidence_localize,reason,native.tablebench_qtype=DataAnalysis,343,0.14529349542367417,0.1526051607898784,0.007311665366204155,0.0029998818428325653,0.00431178352337159,0.1836734693877551,0.17201166180758018,0.6443148688046647
tablebench,Qwen/Qwen2.5-7B-Instruct,reason.evidence_localize,reason,native.tablebench_qtype=FactChecking,96,0.7291666666666666,0.7395833333333334,0.010416666666666666,0.0029998818428325653,0.007416784823834101,0.052083333333333336,0.041666666666666664,0.90625
tablebench,Qwen/Qwen2.5-7B-Instruct,reason.evidence_localize,reason,native.tablebench_qtype=NumericalReasoning,397,0.3501259445843829,0.34760705289672544,-0.0025188916876574307,0.0029998818428325653,-0.005518773530489996,0.08564231738035265,0.08816120906801007,0.8261964735516373
tablebench,Qwen/Qwen2.5-7B-Instruct,reason.evidence_localize,reason,schema.has_date_col,298,0.31315465390086217,0.3335213358719333,0.02036668197107111,0.0029998818428325653,0.017366800128238546,0.13087248322147652,0.1040268456375839,0.7651006711409396
tablebench,Qwen/Qwen2.5-7B-Instruct,reason.evidence_localize,reason,schema.has_rank_col,255,0.32843095204913986,0.33050280597650544,0.0020718539273655435,0.0029998818428325653,-0.0009280279154670217,0.10588235294117647,0.09411764705882353,0.8
tablebench,Qwen/Qwen2.5-7B-Instruct,reason.evidence_localize,reason,schema.has_score_col,107,0.3826388940634405,0.3820466793208944,-0.0005922147425459536,0.0029998818428325653,-0.003592096585378519,0.06542056074766354,0.07476635514018691,0.8598130841121495
tablebench,Qwen/Qwen2.5-7B-Instruct,reason.evidence_localize,reason,schema.has_unit_col,251,0.27067580868108093,0.26742441778308834,-0.00325139089799277,0.0029998818428325653,-0.0062512727408253355,0.14342629482071714,0.11553784860557768,0.7410358565737052
tablebench,Qwen/Qwen2.5-7B-Instruct,reason.evidence_localize,reason,schema.header_repetition_marker,28,0.237374138305873,0.19421248932451224,-0.04316164898136082,0.0029998818428325653,-0.046161530824193386,0.10714285714285714,0.21428571428571427,0.6785714285714286
tablebench,Qwen/Qwen2.5-7B-Instruct,reason.evidence_localize,reason,table.cols_bin=4_6,523,0.3211855109068761,0.3347770448424157,0.013591533935539689,0.0029998818428325653,0.010591652092707123,0.14149139579349904,0.10707456978967496,0.751434034416826
tablebench,Qwen/Qwen2.5-7B-Instruct,reason.evidence_localize,reason,table.cols_bin=7_10,263,0.29255721091319653,0.27641937520876897,-0.016137835704427554,0.0029998818428325653,-0.019137717547260118,0.09125475285171103,0.12927756653992395,0.779467680608365
tablebench,Qwen/Qwen2.5-7B-Instruct,reason.evidence_localize,reason,table.cols_bin=gt_10,50,0.2782620051170684,0.27113760036877266,-0.007124404748295716,0.0029998818428325653,-0.010124286591128281,0.08,0.16,0.76
tablebench,Qwen/Qwen2.5-7B-Instruct,reason.evidence_localize,reason,table.numeric_cols_bin=0,1,0.0,0.0,0.0,0.0029998818428325653,-0.0029998818428325653,0.0,0.0,1.0
tablebench,Qwen/Qwen2.5-7B-Instruct,reason.evidence_localize,reason,table.numeric_cols_bin=1,42,0.5238095238095238,0.5476190476190477,0.023809523809523808,0.0029998818428325653,0.020809641966691245,0.09523809523809523,0.07142857142857142,0.8333333333333334
tablebench,Qwen/Qwen2.5-7B-Instruct,reason.evidence_localize,reason,table.numeric_cols_bin=2_3,179,0.34171808558699013,0.3509642405230964,0.009246154936106248,0.0029998818428325653,0.006246273093273682,0.1564245810055866,0.13966480446927373,0.7039106145251397
tablebench,Qwen/Qwen2.5-7B-Instruct,reason.evidence_localize,reason,table.numeric_cols_bin=ge_4,614,0.2861044488766272,0.28586477377409464,-0.00023967510253255917,0.0029998818428325653,-0.0032395569453651245,0.11400651465798045,0.11400651465798045,0.7719869706840391
tablebench,Qwen/Qwen2.5-7B-Instruct,reason.evidence_localize,reason,table.numeric_density_bin=high,659,0.3051041937042244,0.29871430323343445,-0.00638989047078997,0.0029998818428325653,-0.009389772313622535,0.11836115326251896,0.1244309559939302,0.7572078907435509
tablebench,Qwen/Qwen2.5-7B-Instruct,reason.evidence_localize,reason,table.numeric_density_bin=low,42,0.5238095238095238,0.5476190476190477,0.023809523809523808,0.0029998818428325653,0.020809641966691245,0.09523809523809523,0.07142857142857142,0.8333333333333334
tablebench,Qwen/Qwen2.5-7B-Instruct,reason.evidence_localize,reason,table.numeric_density_bin=mid,134,0.266955263277884,0.30963316656787365,0.04267790328998967,0.0029998818428325653,0.039678021447157104,0.14925373134328357,0.09701492537313433,0.753731343283582
tablebench,Qwen/Qwen2.5-7B-Instruct,reason.evidence_localize,reason,table.numeric_density_bin=none,1,0.0,0.0,0.0,0.0029998818428325653,-0.0029998818428325653,0.0,0.0,1.0
tablebench,Qwen/Qwen2.5-7B-Instruct,reason.evidence_localize,reason,table.rows_bin=11_25,384,0.3414674027810558,0.3349735991256572,-0.006493803655398564,0.0029998818428325653,-0.009493685498231128,0.10677083333333333,0.109375,0.7838541666666666
tablebench,Qwen/Qwen2.5-7B-Instruct,reason.evidence_localize,reason,table.rows_bin=26_50,130,0.22077164693655682,0.24398249430722657,0.02321084737066976,0.0029998818428325653,0.020210965527837195,0.13076923076923078,0.1,0.7692307692307693
tablebench,Qwen/Qwen2.5-7B-Instruct,reason.evidence_localize,reason,table.rows_bin=6_10,319,0.3041124519142396,0.31033223770136836,0.0062197857871285475,0.0029998818428325653,0.003219903944295982,0.13793103448275862,0.13479623824451412,0.7272727272727273
tablebench,Qwen/Qwen2.5-7B-Instruct,reason.evidence_localize,reason,table.rows_bin=gt_50,3,0.6666666666666666,0.6666666666666666,0.0,0.0029998818428325653,-0.0029998818428325653,0.0,0.0,1.0
tablebench,Qwen/Qwen2.5-7B-Instruct,reason.evidence_localize,reason,table.shape=balanced,452,0.32198610116248044,0.32097463269088145,-0.0010114684715989675,0.0029998818428325653,-0.004011350314431533,0.11504424778761062,0.10176991150442478,0.7831858407079646
tablebench,Qwen/Qwen2.5-7B-Instruct,reason.evidence_localize,reason,table.shape=tall,4,0.25,0.0,-0.25,0.0029998818428325653,-0.25299988184283256,0.0,0.25,0.75
tablebench,Qwen/Qwen2.5-7B-Instruct,reason.evidence_localize,reason,table.shape=wide,380,0.295520924223366,0.30595535835434184,0.010434434130975686,0.0029998818428325653,0.007434552288143121,0.13157894736842105,0.13421052631578947,0.7342105263157894
tablebench,Qwen/Qwen2.5-7B-Instruct,reason.evidence_localize,reason,text.has_number,336,0.33367435430211545,0.3302319946134211,-0.0034423596886943614,0.0029998818428325653,-0.006442241531526926,0.07738095238095238,0.08333333333333333,0.8392857142857143
tablebench,Qwen/Qwen2.5-7B-Instruct,reason.evidence_localize,reason,text.has_ordinal,39,0.47558446455505277,0.5270493395493395,0.05146487499428675,0.0029998818428325653,0.04846499315145419,0.10256410256410256,0.02564102564102564,0.8717948717948718
tablebench,Qwen/Qwen2.5-7B-Instruct,reason.evidence_localize,reason,text.has_quoted_span,168,0.21881171900788357,0.2567968724999253,0.037985153492041665,0.0029998818428325653,0.0349852716492091,0.07738095238095238,0.06547619047619048,0.8571428571428571
tablebench,Qwen/Qwen2.5-7B-Instruct,reason.evidence_localize,reason,text.has_year,170,0.2816644589445453,0.2988858131487889,0.01722135420424364,0.0029998818428325653,0.014221472361411075,0.09411764705882353,0.07647058823529412,0.8294117647058824
tablebench,Qwen/Qwen2.5-7B-Instruct,reason.evidence_table,reason,cell.has_comma_number,41,0.4532161596689123,0.3377500293582146,-0.11546613031069777,-0.005167176433534555,-0.11029895387716322,0.12195121951219512,0.17073170731707318,0.7073170731707317
tablebench,Qwen/Qwen2.5-7B-Instruct,reason.evidence_table,reason,cell.has_date_like,618,0.2962765924251681,0.2932533522549898,-0.0030232401701783935,-0.005167176433534555,0.002143936263356162,0.14563106796116504,0.13106796116504854,0.7233009708737864
tablebench,Qwen/Qwen2.5-7B-Instruct,reason.evidence_table,reason,cell.has_numeric_range,127,0.25528515139569213,0.2674635670703303,0.01217841567463809,-0.005167176433534555,0.017345592108172644,0.1889763779527559,0.16535433070866143,0.6456692913385826
tablebench,Qwen/Qwen2.5-7B-Instruct,reason.evidence_table,reason,cell.has_percent,75,0.21459930719042153,0.2671999123826931,0.05260060519227158,-0.005167176433534555,0.05776778162580614,0.17333333333333334,0.08,0.7466666666666667
tablebench,Qwen/Qwen2.5-7B-Instruct,reason.evidence_table,reason,cell.has_score_surface,29,0.3543400713436385,0.39316140249203124,0.03882133114839277,-0.005167176433534555,0.04398850758192733,0.13793103448275862,0.10344827586206896,0.7586206896551724
tablebench,Qwen/Qwen2.5-7B-Instruct,reason.evidence_table,reason,cell.missing_value_marker,110,0.31183395568172917,0.34841983616740313,0.03658588048567403,-0.005167176433534555,0.04175305691920859,0.18181818181818182,0.11818181818181818,0.7
tablebench,Qwen/Qwen2.5-7B-Instruct,reason.evidence_table,reason,grounding.cell_overlap,400,0.3602515404861317,0.3751798695564121,0.01492832907028035,-0.005167176433534555,0.020095505503814906,0.115,0.085,0.8
tablebench,Qwen/Qwen2.5-7B-Instruct,reason.evidence_table,reason,grounding.header_overlap,734,0.3217612030387408,0.31375736697601875,-0.008003836062721996,-0.005167176433534555,-0.002836659629187441,0.10899182561307902,0.10217983651226158,0.7888283378746594
tablebench,Qwen/Qwen2.5-7B-Instruct,reason.evidence_table,reason,intent.aggregate_noncount,306,0.24793695078903324,0.2445468248494357,-0.0033901259395975507,-0.005167176433534555,0.0017770504939370046,0.0915032679738562,0.0915032679738562,0.8169934640522876
tablebench,Qwen/Qwen2.5-7B-Instruct,reason.evidence_table,reason,intent.arithmetic,131,0.2913964675649644,0.2758986237721243,-0.015497843792840119,-0.005167176433534555,-0.010330667359305563,0.08396946564885496,0.12213740458015267,0.7938931297709924
tablebench,Qwen/Qwen2.5-7B-Instruct,reason.evidence_table,reason,intent.comparison,39,0.2564102564102564,0.10256410256410256,-0.15384615384615385,-0.005167176433534555,-0.1486789774126193,0.02564102564102564,0.1794871794871795,0.7948717948717948
tablebench,Qwen/Qwen2.5-7B-Instruct,reason.evidence_table,reason,intent.count,234,0.336914215798716,0.3275465078512256,-0.009367707947490376,-0.005167176433534555,-0.00420053151395582,0.1111111111111111,0.11538461538461539,0.7735042735042735
tablebench,Qwen/Qwen2.5-7B-Instruct,reason.evidence_table,reason,intent.negation_marker,30,0.24347826086956523,0.24308943089430896,-0.0003888299752562737,-0.005167176433534555,0.004778346458278282,0.03333333333333333,0.06666666666666667,0.9
tablebench,Qwen/Qwen2.5-7B-Instruct,reason.evidence_table,reason,intent.superlative_rank,243,0.3979791728979513,0.38624053313992296,-0.01173863975802837,-0.005167176433534555,-0.006571463324493814,0.10699588477366255,0.11934156378600823,0.7736625514403292
tablebench,Qwen/Qwen2.5-7B-Instruct,reason.evidence_table,reason,intent.temporal,366,0.2924309119121662,0.28256261377124264,-0.009868298140923564,-0.005167176433534555,-0.004701121707389008,0.07650273224043716,0.08469945355191257,0.8387978142076503
tablebench,Qwen/Qwen2.5-7B-Instruct,reason.evidence_table,reason,native.tablebench_qsubtype=Aggregation,50,0.18,0.12,-0.06,-0.005167176433534555,-0.05483282356646544,0.04,0.1,0.86
tablebench,Qwen/Qwen2.5-7B-Instruct,reason.evidence_table,reason,native.tablebench_qsubtype=AnomalyDetection,47,0.10134381246219815,0.12790788033980266,0.026564067877604527,-0.005167176433534555,0.031731244311139085,0.44680851063829785,0.3404255319148936,0.2127659574468085
tablebench,Qwen/Qwen2.5-7B-Instruct,reason.evidence_table,reason,native.tablebench_qsubtype=ArithmeticCalculation,50,0.4,0.42,0.02,-0.005167176433534555,0.025167176433534555,0.1,0.08,0.82
tablebench,Qwen/Qwen2.5-7B-Instruct,reason.evidence_table,reason,native.tablebench_qsubtype=CausalAnalysis,45,0.23341842737934768,0.26459192801317644,0.03117350063382878,-0.005167176433534555,0.03634067706736334,0.4666666666666667,0.2,0.3333333333333333
tablebench,Qwen/Qwen2.5-7B-Instruct,reason.evidence_table,reason,native.tablebench_qsubtype=Comparison,50,0.5,0.46,-0.04,-0.005167176433534555,-0.03483282356646544,0.04,0.08,0.88
tablebench,Qwen/Qwen2.5-7B-Instruct,reason.evidence_table,reason,native.tablebench_qsubtype=CorrelationAnalysis,50,0.0,0.0,0.0,-0.005167176433534555,0.005167176433534555,0.0,0.0,1.0
tablebench,Qwen/Qwen2.5-7B-Instruct,reason.evidence_table,reason,native.tablebench_qsubtype=Counting,50,0.32,0.2,-0.12,-0.005167176433534555,-0.11483282356646544,0.08,0.2,0.72
tablebench,Qwen/Qwen2.5-7B-Instruct,reason.evidence_table,reason,native.tablebench_qsubtype=DescriptiveAnalysis,51,0.28566040220639816,0.28622749598670005,0.0005670937803020147,-0.005167176433534555,0.00573427021383657,0.43137254901960786,0.5490196078431373,0.0196078431372549
tablebench,Qwen/Qwen2.5-7B-Instruct,reason.evidence_table,reason,native.tablebench_qsubtype=Domain-Specific,49,0.3877551020408163,0.4897959183673469,0.10204081632653061,-0.005167176433534555,0.10720799276006517,0.20408163265306123,0.10204081632653061,0.6938775510204082
tablebench,Qwen/Qwen2.5-7B-Instruct,reason.evidence_table,reason,native.tablebench_qsubtype=ImpactAnalysis,50,0.1,0.12,0.02,-0.005167176433534555,0.025167176433534555,0.02,0.0,0.98
tablebench,Qwen/Qwen2.5-7B-Instruct,reason.evidence_table,reason,native.tablebench_qsubtype=MatchBased,46,0.9130434782608695,0.8695652173913043,-0.043478260869565216,-0.005167176433534555,-0.03831108443603066,0.021739130434782608,0.06521739130434782,0.9130434782608695
tablebench,Qwen/Qwen2.5-7B-Instruct,reason.evidence_table,reason,native.tablebench_qsubtype=Multi-hop FactChecking,50,0.56,0.6,0.04,-0.005167176433534555,0.04516717643353456,0.12,0.08,0.8
tablebench,Qwen/Qwen2.5-7B-Instruct,reason.evidence_table,reason,native.tablebench_qsubtype=Multi-hop NumericalReasoing,51,0.21568627450980393,0.1568627450980392,-0.058823529411764705,-0.005167176433534555,-0.05365635297823015,0.0784313725490196,0.13725490196078433,0.7843137254901961
tablebench,Qwen/Qwen2.5-7B-Instruct,reason.evidence_table,reason,native.tablebench_qsubtype=Ranking,50,0.52,0.48,-0.04,-0.005167176433534555,-0.03483282356646544,0.04,0.08,0.88
tablebench,Qwen/Qwen2.5-7B-Instruct,reason.evidence_table,reason,native.tablebench_qsubtype=StatisticalAnalysis,50,0.16,0.14,-0.02,-0.005167176433534555,-0.014832823566465446,0.06,0.08,0.86
tablebench,Qwen/Qwen2.5-7B-Instruct,reason.evidence_table,reason,native.tablebench_qsubtype=Time-basedCalculation,47,0.2765957446808511,0.3404255319148936,0.06382978723404255,-0.005167176433534555,0.0689969636675771,0.1702127659574468,0.10638297872340426,0.723404255319149
tablebench,Qwen/Qwen2.5-7B-Instruct,reason.evidence_table,reason,native.tablebench_qsubtype=TrendForecasting,50,0.14,0.14,0.0,-0.005167176433534555,0.005167176433534555,0.04,0.04,0.92
tablebench,Qwen/Qwen2.5-7B-Instruct,reason.evidence_table,reason,native.tablebench_qtype=DataAnalysis,343,0.14529349542367417,0.15310760767313525,0.007814112249460964,-0.005167176433534555,0.012981288682995518,0.20408163265306123,0.17201166180758018,0.6239067055393586
tablebench,Qwen/Qwen2.5-7B-Instruct,reason.evidence_table,reason,native.tablebench_qtype=FactChecking,96,0.7291666666666666,0.7291666666666666,0.0,-0.005167176433534555,0.005167176433534555,0.07291666666666667,0.07291666666666667,0.8541666666666666
tablebench,Qwen/Qwen2.5-7B-Instruct,reason.evidence_table,reason,native.tablebench_qtype=NumericalReasoning,397,0.3501259445843829,0.33249370277078083,-0.017632241813602016,-0.005167176433534555,-0.012465065380067461,0.09319899244332494,0.11083123425692695,0.7959697732997482
tablebench,Qwen/Qwen2.5-7B-Instruct,reason.evidence_table,reason,schema.has_date_col,298,0.31315465390086217,0.3555261074240137,0.04237145352315164,-0.005167176433534555,0.0475386299566862,0.1476510067114094,0.1040268456375839,0.7483221476510067
tablebench,Qwen/Qwen2.5-7B-Instruct,reason.evidence_table,reason,schema.has_rank_col,255,0.32843095204913986,0.32544084542728596,-0.0029901066218538646,-0.005167176433534555,0.0021770698116806908,0.12549019607843137,0.11372549019607843,0.7607843137254902
tablebench,Qwen/Qwen2.5-7B-Instruct,reason.evidence_table,reason,schema.has_score_col,107,0.3826388940634405,0.36251708851686887,-0.020121805546571562,-0.005167176433534555,-0.014954629113037007,0.08411214953271028,0.102803738317757,0.8130841121495327
tablebench,Qwen/Qwen2.5-7B-Instruct,reason.evidence_table,reason,schema.has_unit_col,251,0.27067580868108093,0.23960681896597733,-0.031068989715103645,-0.005167176433534555,-0.02590181328156909,0.14741035856573706,0.13147410358565736,0.7211155378486056
tablebench,Qwen/Qwen2.5-7B-Instruct,reason.evidence_table,reason,schema.header_repetition_marker,28,0.237374138305873,0.277850766627979,0.040476628322105954,-0.005167176433534555,0.04564380475564051,0.25,0.21428571428571427,0.5357142857142857
tablebench,Qwen/Qwen2.5-7B-Instruct,reason.evidence_table,reason,table.cols_bin=4_6,523,0.3211855109068761,0.2982481479712387,-0.022937362935637397,-0.005167176433534555,-0.017770186502102842,0.12237093690248566,0.13193116634799235,0.745697896749522
tablebench,Qwen/Qwen2.5-7B-Instruct,reason.evidence_table,reason,table.cols_bin=7_10,263,0.29255721091319653,0.2988393075880006,0.006282096674804153,-0.005167176433534555,0.011449273108338709,0.1444866920152091,0.13307984790874525,0.7224334600760456
tablebench,Qwen/Qwen2.5-7B-Instruct,reason.evidence_table,reason,table.cols_bin=gt_10,50,0.2782620051170684,0.3987478029456679,0.1204857978285996,-0.005167176433534555,0.12565297426213415,0.24,0.12,0.64
tablebench,Qwen/Qwen2.5-7B-Instruct,reason.evidence_table,reason,table.numeric_cols_bin=0,1,0.0,0.0,0.0,-0.005167176433534555,0.005167176433534555,0.0,0.0,1.0
tablebench,Qwen/Qwen2.5-7B-Instruct,reason.evidence_table,reason,table.numeric_cols_bin=1,42,0.5238095238095238,0.5714285714285714,0.047619047619047616,-0.005167176433534555,0.052786224052582174,0.11904761904761904,0.07142857142857142,0.8095238095238095
tablebench,Qwen/Qwen2.5-7B-Instruct,reason.evidence_table,reason,table.numeric_cols_bin=2_3,179,0.34171808558699013,0.3026118932829135,-0.03910619230407665,-0.005167176433534555,-0.03393901587054209,0.15083798882681565,0.16201117318435754,0.6871508379888268
tablebench,Qwen/Qwen2.5-7B-Instruct,reason.evidence_table,reason,table.numeric_cols_bin=ge_4,614,0.2861044488766272,0.28721234614697716,0.0011078972703498842,-0.005167176433534555,0.006275073703884439,0.13355048859934854,0.1270358306188925,0.739413680781759
tablebench,Qwen/Qwen2.5-7B-Instruct,reason.evidence_table,reason,table.numeric_density_bin=high,659,0.3051041937042244,0.28307191542075916,-0.022032278283465333,-0.005167176433534555,-0.01686510184993078,0.1274658573596358,0.13960546282245828,0.7329286798179059
tablebench,Qwen/Qwen2.5-7B-Instruct,reason.evidence_table,reason,table.numeric_density_bin=low,42,0.5238095238095238,0.5714285714285714,0.047619047619047616,-0.005167176433534555,0.052786224052582174,0.11904761904761904,0.07142857142857142,0.8095238095238095
tablebench,Qwen/Qwen2.5-7B-Instruct,reason.evidence_table,reason,table.numeric_density_bin=mid,134,0.266955263277884,0.328145650519442,0.06119038724155799,-0.005167176433534555,0.06635756367509255,0.1865671641791045,0.11194029850746269,0.7014925373134329
tablebench,Qwen/Qwen2.5-7B-Instruct,reason.evidence_table,reason,table.numeric_density_bin=none,1,0.0,0.0,0.0,-0.005167176433534555,0.005167176433534555,0.0,0.0,1.0
tablebench,Qwen/Qwen2.5-7B-Instruct,reason.evidence_table,reason,table.rows_bin=11_25,384,0.3414674027810558,0.3077517266017051,-0.03371567617935068,-0.005167176433534555,-0.028548499745816126,0.11979166666666667,0.140625,0.7395833333333334
tablebench,Qwen/Qwen2.5-7B-Instruct,reason.evidence_table,reason,table.rows_bin=26_50,130,0.22077164693655682,0.24284571473186423,0.022074067795307337,-0.005167176433534555,0.02724124422884189,0.16923076923076924,0.11538461538461539,0.7153846153846154
tablebench,Qwen/Qwen2.5-7B-Instruct,reason.evidence_table,reason,table.rows_bin=6_10,319,0.3041124519142396,0.32529562226234554,0.02118317034810601,-0.005167176433534555,0.026350346781640565,0.14420062695924765,0.12539184952978055,0.7304075235109718
tablebench,Qwen/Qwen2.5-7B-Instruct,reason.evidence_table,reason,table.rows_bin=gt_50,3,0.6666666666666666,0.3333333333333333,-0.3333333333333333,-0.005167176433534555,-0.3281661568997988,0.0,0.3333333333333333,0.6666666666666666
tablebench,Qwen/Qwen2.5-7B-Instruct,reason.evidence_table,reason,table.shape=balanced,452,0.32198610116248044,0.28439377958311013,-0.03759232157937026,-0.005167176433534555,-0.0324251451458357,0.12168141592920353,0.13274336283185842,0.745575221238938
tablebench,Qwen/Qwen2.5-7B-Instruct,reason.evidence_table,reason,table.shape=tall,4,0.25,0.0,-0.25,-0.005167176433534555,-0.24483282356646544,0.0,0.25,0.75
tablebench,Qwen/Qwen2.5-7B-Instruct,reason.evidence_table,reason,table.shape=wide,380,0.295520924223366,0.3314997922639989,0.03597886804063283,-0.005167176433534555,0.041146044474167386,0.15526315789473685,0.12894736842105264,0.7157894736842105
tablebench,Qwen/Qwen2.5-7B-Instruct,reason.evidence_table,reason,text.has_number,336,0.33367435430211545,0.30713029904526995,-0.026544055256845483,-0.005167176433534555,-0.02137687882331093,0.07738095238095238,0.10416666666666667,0.8184523809523809
tablebench,Qwen/Qwen2.5-7B-Instruct,reason.evidence_table,reason,text.has_ordinal,39,0.47558446455505277,0.5016025641025641,0.02601809954751131,-0.005167176433534555,0.031185275981045864,0.1282051282051282,0.07692307692307693,0.7948717948717948
tablebench,Qwen/Qwen2.5-7B-Instruct,reason.evidence_table,reason,text.has_quoted_span,168,0.21881171900788357,0.21450961208128516,-0.004302106926598399,-0.005167176433534555,0.0008650695069361567,0.07142857142857142,0.07142857142857142,0.8571428571428571
tablebench,Qwen/Qwen2.5-7B-Instruct,reason.evidence_table,reason,text.has_year,170,0.2816644589445453,0.2992869875222816,0.01762252857773635,-0.005167176433534555,0.022789705011270905,0.08823529411764706,0.07647058823529412,0.8352941176470589
tablebench,Qwen/Qwen2.5-7B-Instruct,reason.extract_compute,reason,cell.has_comma_number,41,0.4532161596689123,0.3167243597334783,-0.13649179993543406,0.021136659782264915,-0.15762845971769898,0.14634146341463414,0.1951219512195122,0.6585365853658537
tablebench,Qwen/Qwen2.5-7B-Instruct,reason.extract_compute,reason,cell.has_date_like,618,0.2962765924251681,0.3176648306468703,0.021388238221702122,0.021136659782264915,0.0002515784394372077,0.15372168284789645,0.10194174757281553,0.7443365695792881
tablebench,Qwen/Qwen2.5-7B-Instruct,reason.extract_compute,reason,cell.has_numeric_range,127,0.25528515139569213,0.30047749203694774,0.04519234064125549,0.021136659782264915,0.024055680858990576,0.2047244094488189,0.11811023622047244,0.6771653543307087
tablebench,Qwen/Qwen2.5-7B-Instruct,reason.extract_compute,reason,cell.has_percent,75,0.21459930719042153,0.2578987691250397,0.04329946193461818,0.021136659782264915,0.022162802152353264,0.14666666666666667,0.13333333333333333,0.72
tablebench,Qwen/Qwen2.5-7B-Instruct,reason.extract_compute,reason,cell.has_score_surface,29,0.3543400713436385,0.49919427803564453,0.14485420669200597,0.021136659782264915,0.12371754690974104,0.2413793103448276,0.034482758620689655,0.7241379310344828
tablebench,Qwen/Qwen2.5-7B-Instruct,reason.extract_compute,reason,cell.missing_value_marker,110,0.31183395568172917,0.3591854311062922,0.04735147542456304,0.021136659782264915,0.026214815642298127,0.19090909090909092,0.09090909090909091,0.7181818181818181
tablebench,Qwen/Qwen2.5-7B-Instruct,reason.extract_compute,reason,grounding.cell_overlap,400,0.3602515404861317,0.3828654407129578,0.022613900226826144,0.021136659782264915,0.0014772404445612293,0.1075,0.0725,0.82
tablebench,Qwen/Qwen2.5-7B-Instruct,reason.extract_compute,reason,grounding.header_overlap,734,0.3217612030387408,0.3403776435799207,0.01861644054118009,0.021136659782264915,-0.0025202192410848263,0.10899182561307902,0.07629427792915532,0.8147138964577657
tablebench,Qwen/Qwen2.5-7B-Instruct,reason.extract_compute,reason,intent.aggregate_noncount,306,0.24793695078903324,0.2837212366349512,0.03578428584591789,0.021136659782264915,0.014647626063652976,0.09803921568627451,0.058823529411764705,0.8431372549019608
tablebench,Qwen/Qwen2.5-7B-Instruct,reason.extract_compute,reason,intent.arithmetic,131,0.2913964675649644,0.3196845226262467,0.02828805506128227,0.021136659782264915,0.007151395279017356,0.09923664122137404,0.06870229007633588,0.8320610687022901
tablebench,Qwen/Qwen2.5-7B-Instruct,reason.extract_compute,reason,intent.comparison,39,0.2564102564102564,0.1794871794871795,-0.07692307692307693,0.021136659782264915,-0.09805973670534185,0.05128205128205128,0.1282051282051282,0.8205128205128205
tablebench,Qwen/Qwen2.5-7B-Instruct,reason.extract_compute,reason,intent.count,234,0.336914215798716,0.3631525186263748,0.02623830282765888,0.021136659782264915,0.005101643045393966,0.10683760683760683,0.07692307692307693,0.8162393162393162
tablebench,Qwen/Qwen2.5-7B-Instruct,reason.extract_compute,reason,intent.negation_marker,30,0.24347826086956523,0.24347826086956523,0.0,0.021136659782264915,-0.021136659782264915,0.03333333333333333,0.03333333333333333,0.9333333333333333
tablebench,Qwen/Qwen2.5-7B-Instruct,reason.extract_compute,reason,intent.superlative_rank,243,0.3979791728979513,0.4463315742976018,0.04835240139965047,0.021136659782264915,0.027215741617385554,0.12345679012345678,0.07818930041152264,0.7983539094650206
tablebench,Qwen/Qwen2.5-7B-Instruct,reason.extract_compute,reason,intent.temporal,366,0.2924309119121662,0.3265577604680586,0.03412684855589246,0.021136659782264915,0.012990188773627544,0.08743169398907104,0.06284153005464481,0.8497267759562842
tablebench,Qwen/Qwen2.5-7B-Instruct,reason.extract_compute,reason,native.tablebench_qsubtype=Aggregation,50,0.18,0.16,-0.02,0.021136659782264915,-0.04113665978226491,0.02,0.04,0.94
tablebench,Qwen/Qwen2.5-7B-Instruct,reason.extract_compute,reason,native.tablebench_qsubtype=AnomalyDetection,47,0.10134381246219815,0.14676839518536572,0.04542458272316756,0.021136659782264915,0.024287922940902644,0.5106382978723404,0.2127659574468085,0.2765957446808511
tablebench,Qwen/Qwen2.5-7B-Instruct,reason.extract_compute,reason,native.tablebench_qsubtype=ArithmeticCalculation,50,0.4,0.44,0.04,0.021136659782264915,0.018863340217735086,0.1,0.06,0.84
tablebench,Qwen/Qwen2.5-7B-Instruct,reason.extract_compute,reason,native.tablebench_qsubtype=CausalAnalysis,45,0.23341842737934768,0.27338793777387715,0.03996951039452949,0.021136659782264915,0.018832850612264578,0.4,0.2222222222222222,0.37777777777777777
tablebench,Qwen/Qwen2.5-7B-Instruct,reason.extract_compute,reason,native.tablebench_qsubtype=Comparison,50,0.5,0.46,-0.04,0.021136659782264915,-0.061136659782264915,0.04,0.08,0.88
tablebench,Qwen/Qwen2.5-7B-Instruct,reason.extract_compute,reason,native.tablebench_qsubtype=CorrelationAnalysis,50,0.0,0.0,0.0,0.021136659782264915,-0.021136659782264915,0.0,0.0,1.0
tablebench,Qwen/Qwen2.5-7B-Instruct,reason.extract_compute,reason,native.tablebench_qsubtype=Counting,50,0.32,0.3,-0.02,0.021136659782264915,-0.04113665978226491,0.08,0.1,0.82
tablebench,Qwen/Qwen2.5-7B-Instruct,reason.extract_compute,reason,native.tablebench_qsubtype=DescriptiveAnalysis,51,0.28566040220639816,0.28049695558347204,-0.005163446622926109,0.021136659782264915,-0.026300106405191023,0.47058823529411764,0.5098039215686274,0.0196078431372549
tablebench,Qwen/Qwen2.5-7B-Instruct,reason.extract_compute,reason,native.tablebench_qsubtype=Domain-Specific,49,0.3877551020408163,0.5102040816326531,0.12244897959183673,0.021136659782264915,0.10131231980957181,0.16326530612244897,0.04081632653061224,0.7959183673469388
tablebench,Qwen/Qwen2.5-7B-Instruct,reason.extract_compute,reason,native.tablebench_qsubtype=ImpactAnalysis,50,0.1,0.12,0.02,0.021136659782264915,-0.0011366597822649142,0.02,0.0,0.98
tablebench,Qwen/Qwen2.5-7B-Instruct,reason.extract_compute,reason,native.tablebench_qsubtype=MatchBased,46,0.9130434782608695,0.9347826086956522,0.021739130434782608,0.021136659782264915,0.0006024706525176934,0.021739130434782608,0.0,0.9782608695652174
tablebench,Qwen/Qwen2.5-7B-Instruct,reason.extract_compute,reason,native.tablebench_qsubtype=Multi-hop FactChecking,50,0.56,0.58,0.02,0.021136659782264915,-0.0011366597822649142,0.1,0.08,0.82
tablebench,Qwen/Qwen2.5-7B-Instruct,reason.extract_compute,reason,native.tablebench_qsubtype=Multi-hop NumericalReasoing,51,0.21568627450980393,0.23529411764705882,0.0196078431372549,0.021136659782264915,-0.001528816645010013,0.0784313725490196,0.058823529411764705,0.8627450980392157
tablebench,Qwen/Qwen2.5-7B-Instruct,reason.extract_compute,reason,native.tablebench_qsubtype=Ranking,50,0.52,0.6,0.08,0.021136659782264915,0.05886334021773509,0.14,0.06,0.8
tablebench,Qwen/Qwen2.5-7B-Instruct,reason.extract_compute,reason,native.tablebench_qsubtype=StatisticalAnalysis,50,0.16,0.14,-0.02,0.021136659782264915,-0.04113665978226491,0.08,0.1,0.82
tablebench,Qwen/Qwen2.5-7B-Instruct,reason.extract_compute,reason,native.tablebench_qsubtype=Time-basedCalculation,47,0.2765957446808511,0.3617021276595745,0.0851063829787234,0.021136659782264915,0.0639697231964585,0.19148936170212766,0.10638297872340426,0.7021276595744681
tablebench,Qwen/Qwen2.5-7B-Instruct,reason.extract_compute,reason,native.tablebench_qsubtype=TrendForecasting,50,0.14,0.12,-0.02,0.021136659782264915,-0.04113665978226491,0.04,0.06,0.9
tablebench,Qwen/Qwen2.5-7B-Instruct,reason.extract_compute,reason,native.tablebench_qtype=DataAnalysis,343,0.14529349542367417,0.15307847378511297,0.00778497836143869,0.021136659782264915,-0.013351681420826225,0.21282798833819241,0.15743440233236153,0.6297376093294461
tablebench,Qwen/Qwen2.5-7B-Instruct,reason.extract_compute,reason,native.tablebench_qtype=FactChecking,96,0.7291666666666666,0.75,0.020833333333333332,0.021136659782264915,-0.0003033264489315825,0.0625,0.041666666666666664,0.8958333333333334
tablebench,Qwen/Qwen2.5-7B-Instruct,reason.extract_compute,reason,native.tablebench_qtype=NumericalReasoning,397,0.3501259445843829,0.38287153652392947,0.0327455919395466,0.021136659782264915,0.011608932157281683,0.10075566750629723,0.06801007556675064,0.8312342569269522
tablebench,Qwen/Qwen2.5-7B-Instruct,reason.extract_compute,reason,schema.has_date_col,298,0.31315465390086217,0.35181713973595546,0.03866248583509335,0.021136659782264915,0.017525826052828437,0.15100671140939598,0.08389261744966443,0.7651006711409396
tablebench,Qwen/Qwen2.5-7B-Instruct,reason.extract_compute,reason,schema.has_rank_col,255,0.32843095204913986,0.36762077075699623,0.03918981870785633,0.021136659782264915,0.018053158925591416,0.1411764705882353,0.06274509803921569,0.796078431372549
tablebench,Qwen/Qwen2.5-7B-Instruct,reason.extract_compute,reason,schema.has_score_col,107,0.3826388940634405,0.39122362084353846,0.008584726780097973,0.021136659782264915,-0.012551933002166941,0.08411214953271028,0.09345794392523364,0.822429906542056
tablebench,Qwen/Qwen2.5-7B-Instruct,reason.extract_compute,reason,schema.has_unit_col,251,0.27067580868108093,0.26537147318101967,-0.0053043355000613945,0.021136659782264915,-0.02644099528232631,0.15139442231075698,0.11155378486055777,0.7370517928286853
tablebench,Qwen/Qwen2.5-7B-Instruct,reason.extract_compute,reason,schema.header_repetition_marker,28,0.237374138305873,0.17916386255997072,-0.05821027574590234,0.021136659782264915,-0.07934693552816725,0.21428571428571427,0.14285714285714285,0.6428571428571429
tablebench,Qwen/Qwen2.5-7B-Instruct,reason.extract_compute,reason,table.cols_bin=4_6,523,0.3211855109068761,0.32723290354891443,0.006047392642038326,0.021136659782264915,-0.015089267140226589,0.13001912045889102,0.11854684512428298,0.751434034416826
tablebench,Qwen/Qwen2.5-7B-Instruct,reason.extract_compute,reason,table.cols_bin=7_10,263,0.29255721091319653,0.34754691701630275,0.0549897061031062,0.021136659782264915,0.03385304632084129,0.17490494296577946,0.060836501901140684,0.7642585551330798
tablebench,Qwen/Qwen2.5-7B-Instruct,reason.extract_compute,reason,table.cols_bin=gt_10,50,0.2782620051170684,0.2791653755384783,0.0009033704214099431,0.021136659782264915,-0.020233289360854972,0.1,0.14,0.76
tablebench,Qwen/Qwen2.5-7B-Instruct,reason.extract_compute,reason,table.numeric_cols_bin=0,1,0.0,0.0,0.0,0.021136659782264915,-0.021136659782264915,0.0,0.0,1.0
tablebench,Qwen/Qwen2.5-7B-Instruct,reason.extract_compute,reason,table.numeric_cols_bin=1,42,0.5238095238095238,0.5238095238095238,0.0,0.021136659782264915,-0.021136659782264915,0.09523809523809523,0.09523809523809523,0.8095238095238095
tablebench,Qwen/Qwen2.5-7B-Instruct,reason.extract_compute,reason,table.numeric_cols_bin=2_3,179,0.34171808558699013,0.36636604691445357,0.024647961327463365,0.021136659782264915,0.0035113015451984503,0.17318435754189945,0.11173184357541899,0.7150837988826816
tablebench,Qwen/Qwen2.5-7B-Instruct,reason.extract_compute,reason,table.numeric_cols_bin=ge_4,614,0.2861044488766272,0.30769771027786097,0.021593261401233757,0.021136659782264915,0.0004566016189688424,0.13680781758957655,0.0993485342019544,0.7638436482084691
tablebench,Qwen/Qwen2.5-7B-Instruct,reason.extract_compute,reason,table.numeric_density_bin=high,659,0.3051041937042244,0.3118148183564865,0.0067106246522620275,0.021136659782264915,-0.014426035130002887,0.13201820940819423,0.11380880121396054,0.7541729893778453
tablebench,Qwen/Qwen2.5-7B-Instruct,reason.extract_compute,reason,table.numeric_density_bin=low,42,0.5238095238095238,0.5238095238095238,0.0,0.021136659782264915,-0.021136659782264915,0.09523809523809523,0.09523809523809523,0.8095238095238095
tablebench,Qwen/Qwen2.5-7B-Instruct,reason.extract_compute,reason,table.numeric_density_bin=mid,134,0.266955263277884,0.36582053142812876,0.09886526815024475,0.021136659782264915,0.07772860836797985,0.208955223880597,0.04477611940298507,0.746268656716418
tablebench,Qwen/Qwen2.5-7B-Instruct,reason.extract_compute,reason,table.numeric_density_bin=none,1,0.0,0.0,0.0,0.021136659782264915,-0.021136659782264915,0.0,0.0,1.0
tablebench,Qwen/Qwen2.5-7B-Instruct,reason.extract_compute,reason,table.rows_bin=11_25,384,0.3414674027810558,0.33999609194016395,-0.0014713108408918828,0.021136659782264915,-0.0226079706231568,0.13541666666666666,0.10677083333333333,0.7578125
tablebench,Qwen/Qwen2.5-7B-Instruct,reason.extract_compute,reason,table.rows_bin=26_50,130,0.22077164693655682,0.2668642777832068,0.04609263084665001,0.021136659782264915,0.024955971064385095,0.16153846153846155,0.08461538461538462,0.7538461538461538
tablebench,Qwen/Qwen2.5-7B-Instruct,reason.extract_compute,reason,table.rows_bin=6_10,319,0.3041124519142396,0.34249235451866417,0.038379902604424615,0.021136659782264915,0.0172432428221597,0.14420062695924765,0.10344827586206896,0.7523510971786834
tablebench,Qwen/Qwen2.5-7B-Instruct,reason.extract_compute,reason,table.rows_bin=gt_50,3,0.6666666666666666,0.6666666666666666,0.0,0.021136659782264915,-0.021136659782264915,0.0,0.0,1.0
tablebench,Qwen/Qwen2.5-7B-Instruct,reason.extract_compute,reason,table.shape=balanced,452,0.32198610116248044,0.33039179471396163,0.008405693551481193,0.021136659782264915,-0.012730966230783722,0.1415929203539823,0.09955752212389381,0.7588495575221239
tablebench,Qwen/Qwen2.5-7B-Instruct,reason.extract_compute,reason,table.shape=tall,4,0.25,0.0,-0.25,0.021136659782264915,-0.2711366597822649,0.0,0.25,0.75
tablebench,Qwen/Qwen2.5-7B-Instruct,reason.extract_compute,reason,table.shape=wide,380,0.295520924223366,0.3346548034146922,0.039133879191326236,0.021136659782264915,0.01799721940906132,0.14473684210526316,0.10263157894736842,0.7526315789473684
tablebench,Qwen/Qwen2.5-7B-Instruct,reason.extract_compute,reason,text.has_number,336,0.33367435430211545,0.35791012675560036,0.024235772453484877,0.021136659782264915,0.0030991126712199626,0.08333333333333333,0.05654761904761905,0.8601190476190477
tablebench,Qwen/Qwen2.5-7B-Instruct,reason.extract_compute,reason,text.has_ordinal,39,0.47558446455505277,0.5578703703703703,0.08228590581531758,0.021136659782264915,0.06114924603305267,0.1282051282051282,0.02564102564102564,0.8461538461538461
tablebench,Qwen/Qwen2.5-7B-Instruct,reason.extract_compute,reason,text.has_quoted_span,168,0.21881171900788357,0.2729713717739976,0.054159652766113994,0.021136659782264915,0.03302299298384908,0.09523809523809523,0.041666666666666664,0.8630952380952381
tablebench,Qwen/Qwen2.5-7B-Instruct,reason.extract_compute,reason,text.has_year,170,0.2816644589445453,0.3307870175649422,0.049122558620396925,0.021136659782264915,0.02798589883813201,0.09411764705882353,0.047058823529411764,0.8588235294117647
tablebench,Qwen/Qwen2.5-7B-Instruct,reason.plan_answer,reason,cell.has_comma_number,41,0.4532161596689123,0.38599609243050076,-0.06722006723841159,-0.002572877395454231,-0.06464718984295736,0.21951219512195122,0.17073170731707318,0.6097560975609756
tablebench,Qwen/Qwen2.5-7B-Instruct,reason.plan_answer,reason,cell.has_date_like,618,0.2962765924251681,0.2986861479606806,0.0024095555355126913,-0.002572877395454231,0.004982432930966922,0.14724919093851133,0.12944983818770225,0.7233009708737864
tablebench,Qwen/Qwen2.5-7B-Instruct,reason.plan_answer,reason,cell.has_numeric_range,127,0.25528515139569213,0.292950221688965,0.03766507029327279,-0.002572877395454231,0.04023794768872702,0.16535433070866143,0.16535433070866143,0.6692913385826772
tablebench,Qwen/Qwen2.5-7B-Instruct,reason.plan_answer,reason,cell.has_percent,75,0.21459930719042153,0.2442324159716927,0.0296331087812712,-0.002572877395454231,0.03220598617672543,0.12,0.09333333333333334,0.7866666666666666
tablebench,Qwen/Qwen2.5-7B-Instruct,reason.plan_answer,reason,cell.has_score_surface,29,0.3543400713436385,0.460665209822586,0.1063251384789475,-0.002572877395454231,0.10889801587440173,0.1724137931034483,0.06896551724137931,0.7586206896551724
tablebench,Qwen/Qwen2.5-7B-Instruct,reason.plan_answer,reason,cell.missing_value_marker,110,0.31183395568172917,0.3278413130158956,0.01600735733416648,-0.002572877395454231,0.01858023472962071,0.14545454545454545,0.14545454545454545,0.7090909090909091
tablebench,Qwen/Qwen2.5-7B-Instruct,reason.plan_answer,reason,grounding.cell_overlap,400,0.3602515404861317,0.35652202844171865,-0.0037295120444129836,-0.002572877395454231,-0.0011566346489587528,0.1075,0.0975,0.795
tablebench,Qwen/Qwen2.5-7B-Instruct,reason.plan_answer,reason,grounding.header_overlap,734,0.3217612030387408,0.32012776490101436,-0.0016334381377263593,-0.002572877395454231,0.0009394392577278716,0.11716621253405994,0.0994550408719346,0.7833787465940054
tablebench,Qwen/Qwen2.5-7B-Instruct,reason.plan_answer,reason,intent.aggregate_noncount,306,0.24793695078903324,0.2547806471446,0.006843696355566722,-0.002572877395454231,0.009416573751020953,0.09477124183006536,0.0718954248366013,0.8333333333333334
tablebench,Qwen/Qwen2.5-7B-Instruct,reason.plan_answer,reason,intent.arithmetic,131,0.2913964675649644,0.3118521547720021,0.02045568720703767,-0.002572877395454231,0.023028564602491898,0.10687022900763359,0.0916030534351145,0.8015267175572519
tablebench,Qwen/Qwen2.5-7B-Instruct,reason.plan_answer,reason,intent.comparison,39,0.2564102564102564,0.15384615384615385,-0.10256410256410256,-0.002572877395454231,-0.09999122516864833,0.07692307692307693,0.1794871794871795,0.7435897435897436
tablebench,Qwen/Qwen2.5-7B-Instruct,reason.plan_answer,reason,intent.count,234,0.336914215798716,0.31911608856053303,-0.01779812723818295,-0.002572877395454231,-0.015225249842728718,0.11538461538461539,0.11965811965811966,0.7649572649572649
tablebench,Qwen/Qwen2.5-7B-Instruct,reason.plan_answer,reason,intent.negation_marker,30,0.24347826086956523,0.24358974358974358,0.00011148272017837227,-0.002572877395454231,0.002684360115632603,0.1,0.06666666666666667,0.8333333333333334
tablebench,Qwen/Qwen2.5-7B-Instruct,reason.plan_answer,reason,intent.superlative_rank,243,0.3979791728979513,0.4047108542993317,0.00673168140138034,-0.002572877395454231,0.009304558796834572,0.1111111111111111,0.09876543209876543,0.7901234567901234
tablebench,Qwen/Qwen2.5-7B-Instruct,reason.plan_answer,reason,intent.temporal,366,0.2924309119121662,0.31823017735514136,0.025799265442975176,-0.002572877395454231,0.028372142838429405,0.10109289617486339,0.07923497267759563,0.819672131147541
tablebench,Qwen/Qwen2.5-7B-Instruct,reason.plan_answer,reason,native.tablebench_qsubtype=Aggregation,50,0.18,0.14,-0.04,-0.002572877395454231,-0.03742712260454577,0.04,0.08,0.88
tablebench,Qwen/Qwen2.5-7B-Instruct,reason.plan_answer,reason,native.tablebench_qsubtype=AnomalyDetection,47,0.10134381246219815,0.12038523970034923,0.019041427238151064,-0.002572877395454231,0.021614304633605294,0.425531914893617,0.2765957446808511,0.2978723404255319
tablebench,Qwen/Qwen2.5-7B-Instruct,reason.plan_answer,reason,native.tablebench_qsubtype=ArithmeticCalculation,50,0.4,0.36,-0.04,-0.002572877395454231,-0.03742712260454577,0.06,0.1,0.84
tablebench,Qwen/Qwen2.5-7B-Instruct,reason.plan_answer,reason,native.tablebench_qsubtype=CausalAnalysis,45,0.23341842737934768,0.2718918653394729,0.038473437960125284,-0.002572877395454231,0.04104631535557952,0.5111111111111111,0.2,0.28888888888888886
tablebench,Qwen/Qwen2.5-7B-Instruct,reason.plan_answer,reason,native.tablebench_qsubtype=Comparison,50,0.5,0.44,-0.06,-0.002572877395454231,-0.057427122604545765,0.08,0.14,0.78
tablebench,Qwen/Qwen2.5-7B-Instruct,reason.plan_answer,reason,native.tablebench_qsubtype=CorrelationAnalysis,50,0.0,0.0,0.0,-0.002572877395454231,0.002572877395454231,0.0,0.0,1.0
tablebench,Qwen/Qwen2.5-7B-Instruct,reason.plan_answer,reason,native.tablebench_qsubtype=Counting,50,0.32,0.2,-0.12,-0.002572877395454231,-0.11742712260454577,0.12,0.24,0.64
tablebench,Qwen/Qwen2.5-7B-Instruct,reason.plan_answer,reason,native.tablebench_qsubtype=DescriptiveAnalysis,51,0.28566040220639816,0.2704216317946634,-0.01523877041173478,-0.002572877395454231,-0.012665893016280549,0.39215686274509803,0.6078431372549019,0.0
tablebench,Qwen/Qwen2.5-7B-Instruct,reason.plan_answer,reason,native.tablebench_qsubtype=Domain-Specific,49,0.3877551020408163,0.4489795918367347,0.061224489795918366,-0.002572877395454231,0.06379736719137259,0.10204081632653061,0.04081632653061224,0.8571428571428571
tablebench,Qwen/Qwen2.5-7B-Instruct,reason.plan_answer,reason,native.tablebench_qsubtype=ImpactAnalysis,50,0.1,0.1,0.0,-0.002572877395454231,0.002572877395454231,0.02,0.02,0.96
tablebench,Qwen/Qwen2.5-7B-Instruct,reason.plan_answer,reason,native.tablebench_qsubtype=MatchBased,46,0.9130434782608695,0.9130434782608695,0.0,-0.002572877395454231,0.002572877395454231,0.043478260869565216,0.043478260869565216,0.9130434782608695
tablebench,Qwen/Qwen2.5-7B-Instruct,reason.plan_answer,reason,native.tablebench_qsubtype=Multi-hop FactChecking,50,0.56,0.48,-0.08,-0.002572877395454231,-0.07742712260454578,0.04,0.12,0.84
tablebench,Qwen/Qwen2.5-7B-Instruct,reason.plan_answer,reason,native.tablebench_qsubtype=Multi-hop NumericalReasoing,51,0.21568627450980393,0.2549019607843137,0.0392156862745098,-0.002572877395454231,0.041788563669964036,0.11764705882352941,0.0784313725490196,0.803921568627451
tablebench,Qwen/Qwen2.5-7B-Instruct,reason.plan_answer,reason,native.tablebench_qsubtype=Ranking,50,0.52,0.54,0.02,-0.002572877395454231,0.02257287739545423,0.1,0.08,0.82
tablebench,Qwen/Qwen2.5-7B-Instruct,reason.plan_answer,reason,native.tablebench_qsubtype=StatisticalAnalysis,50,0.16,0.2,0.04,-0.002572877395454231,0.042572877395454234,0.08,0.04,0.88
tablebench,Qwen/Qwen2.5-7B-Instruct,reason.plan_answer,reason,native.tablebench_qsubtype=Time-basedCalculation,47,0.2765957446808511,0.3829787234042553,0.10638297872340426,-0.002572877395454231,0.10895585611885848,0.23404255319148937,0.1276595744680851,0.6382978723404256
tablebench,Qwen/Qwen2.5-7B-Instruct,reason.plan_answer,reason,native.tablebench_qsubtype=TrendForecasting,50,0.14,0.14,0.0,-0.002572877395454231,0.002572877395454231,0.06,0.06,0.88
tablebench,Qwen/Qwen2.5-7B-Instruct,reason.plan_answer,reason,native.tablebench_qtype=DataAnalysis,343,0.14529349542367417,0.1565152869612844,0.011221791537610099,-0.002572877395454231,0.01379466893306433,0.20699708454810495,0.17201166180758018,0.6209912536443148
tablebench,Qwen/Qwen2.5-7B-Instruct,reason.plan_answer,reason,native.tablebench_qtype=FactChecking,96,0.7291666666666666,0.6875,-0.041666666666666664,-0.002572877395454231,-0.03909378927121243,0.041666666666666664,0.08333333333333333,0.875
tablebench,Qwen/Qwen2.5-7B-Instruct,reason.plan_answer,reason,native.tablebench_qtype=NumericalReasoning,397,0.3501259445843829,0.345088161209068,-0.005037783375314861,-0.002572877395454231,-0.0024649059798606304,0.10579345088161209,0.11083123425692695,0.783375314861461
tablebench,Qwen/Qwen2.5-7B-Instruct,reason.plan_answer,reason,schema.has_date_col,298,0.31315465390086217,0.34673897377753266,0.03358431987667047,-0.002572877395454231,0.0361571972721247,0.1610738255033557,0.09731543624161074,0.7416107382550335
tablebench,Qwen/Qwen2.5-7B-Instruct,reason.plan_answer,reason,schema.has_rank_col,255,0.32843095204913986,0.3249900191981156,-0.0034409328510242726,-0.002572877395454231,-0.0008680554555700417,0.1411764705882353,0.10588235294117647,0.7529411764705882
tablebench,Qwen/Qwen2.5-7B-Instruct,reason.plan_answer,reason,schema.has_score_col,107,0.3826388940634405,0.3748932385872178,-0.00774565547622258,-0.002572877395454231,-0.00517277808076835,0.09345794392523364,0.102803738317757,0.8037383177570093
tablebench,Qwen/Qwen2.5-7B-Instruct,reason.plan_answer,reason,schema.has_unit_col,251,0.27067580868108093,0.26746445982781997,-0.0032113488532611477,-0.002572877395454231,-0.0006384714578069168,0.15139442231075698,0.12749003984063745,0.7211155378486056
tablebench,Qwen/Qwen2.5-7B-Instruct,reason.plan_answer,reason,schema.header_repetition_marker,28,0.237374138305873,0.20158907702184076,-0.035785061284032284,-0.002572877395454231,-0.03321218388857805,0.10714285714285714,0.2857142857142857,0.6071428571428571
tablebench,Qwen/Qwen2.5-7B-Instruct,reason.plan_answer,reason,table.cols_bin=4_6,523,0.3211855109068761,0.3135504408644147,-0.007635070042461319,-0.002572877395454231,-0.005062192647007089,0.14531548757170173,0.13766730401529637,0.7170172084130019
tablebench,Qwen/Qwen2.5-7B-Instruct,reason.plan_answer,reason,table.cols_bin=7_10,263,0.29255721091319653,0.29606809178602206,0.0035108808728254717,-0.002572877395454231,0.006083758268279702,0.13688212927756654,0.11787072243346007,0.7452471482889734
tablebench,Qwen/Qwen2.5-7B-Instruct,reason.plan_answer,reason,table.cols_bin=gt_10,50,0.2782620051170684,0.29663909431815705,0.01837708920108871,-0.002572877395454231,0.02094996659654294,0.1,0.16,0.74
tablebench,Qwen/Qwen2.5-7B-Instruct,reason.plan_answer,reason,table.numeric_cols_bin=0,1,0.0,0.0,0.0,-0.002572877395454231,0.002572877395454231,0.0,0.0,1.0
tablebench,Qwen/Qwen2.5-7B-Instruct,reason.plan_answer,reason,table.numeric_cols_bin=1,42,0.5238095238095238,0.40476190476190477,-0.11904761904761904,-0.002572877395454231,-0.11647474165216481,0.023809523809523808,0.14285714285714285,0.8333333333333334
tablebench,Qwen/Qwen2.5-7B-Instruct,reason.plan_answer,reason,table.numeric_cols_bin=2_3,179,0.34171808558699013,0.3598219476521311,0.01810386206514093,-0.002572877395454231,0.02067673946059516,0.19553072625698323,0.13966480446927373,0.664804469273743
tablebench,Qwen/Qwen2.5-7B-Instruct,reason.plan_answer,reason,table.numeric_cols_bin=ge_4,614,0.2861044488766272,0.28546679934525904,-0.0006376495313680187,-0.002572877395454231,0.0019352278640862122,0.13192182410423453,0.13029315960912052,0.737785016286645
tablebench,Qwen/Qwen2.5-7B-Instruct,reason.plan_answer,reason,table.numeric_density_bin=high,659,0.3051041937042244,0.2980019701549808,-0.007102223549243457,-0.002572877395454231,-0.004529346153789226,0.13960546282245828,0.1411229135053111,0.7192716236722306
tablebench,Qwen/Qwen2.5-7B-Instruct,reason.plan_answer,reason,table.numeric_density_bin=low,42,0.5238095238095238,0.40476190476190477,-0.11904761904761904,-0.002572877395454231,-0.11647474165216481,0.023809523809523808,0.14285714285714285,0.8333333333333334
tablebench,Qwen/Qwen2.5-7B-Instruct,reason.plan_answer,reason,table.numeric_density_bin=mid,134,0.266955263277884,0.32314511265364304,0.05618984937575897,-0.002572877395454231,0.058762726771213206,0.1791044776119403,0.08955223880597014,0.7313432835820896
tablebench,Qwen/Qwen2.5-7B-Instruct,reason.plan_answer,reason,table.numeric_density_bin=none,1,0.0,0.0,0.0,-0.002572877395454231,0.002572877395454231,0.0,0.0,1.0
tablebench,Qwen/Qwen2.5-7B-Instruct,reason.plan_answer,reason,table.rows_bin=11_25,384,0.3414674027810558,0.3246410345934937,-0.016826368187562075,-0.002572877395454231,-0.014253490792107843,0.12239583333333333,0.13541666666666666,0.7421875
tablebench,Qwen/Qwen2.5-7B-Instruct,reason.plan_answer,reason,table.rows_bin=26_50,130,0.22077164693655682,0.2154093179502578,-0.005362328986298998,-0.002572877395454231,-0.002789451590844767,0.12307692307692308,0.13076923076923078,0.7461538461538462
tablebench,Qwen/Qwen2.5-7B-Instruct,reason.plan_answer,reason,table.rows_bin=6_10,319,0.3041124519142396,0.31980995238333987,0.015697500469100224,-0.002572877395454231,0.018270377864554453,0.16927899686520376,0.13166144200626959,0.6990595611285266
tablebench,Qwen/Qwen2.5-7B-Instruct,reason.plan_answer,reason,table.rows_bin=gt_50,3,0.6666666666666666,0.6666666666666666,0.0,-0.002572877395454231,0.002572877395454231,0.0,0.0,1.0
tablebench,Qwen/Qwen2.5-7B-Instruct,reason.plan_answer,reason,table.shape=balanced,452,0.32198610116248044,0.30524754911658414,-0.01673855204589635,-0.002572877395454231,-0.014165674650442118,0.12831858407079647,0.1261061946902655,0.745575221238938
tablebench,Qwen/Qwen2.5-7B-Instruct,reason.plan_answer,reason,table.shape=tall,4,0.25,0.0,-0.25,-0.002572877395454231,-0.24742712260454577,0.0,0.25,0.75
tablebench,Qwen/Qwen2.5-7B-Instruct,reason.plan_answer,reason,table.shape=wide,380,0.295520924223366,0.3124022400711171,0.0168813158477511,-0.002572877395454231,0.01945419324320533,0.15526315789473685,0.1394736842105263,0.7052631578947368
tablebench,Qwen/Qwen2.5-7B-Instruct,reason.plan_answer,reason,text.has_number,336,0.33367435430211545,0.3142413333823926,-0.019433020919722904,-0.002572877395454231,-0.016860143524268675,0.09523809523809523,0.11011904761904762,0.7946428571428571
tablebench,Qwen/Qwen2.5-7B-Instruct,reason.plan_answer,reason,text.has_ordinal,39,0.47558446455505277,0.3733974358974359,-0.10218702865761689,-0.002572877395454231,-0.09961415126216266,0.07692307692307693,0.15384615384615385,0.7692307692307693
tablebench,Qwen/Qwen2.5-7B-Instruct,reason.plan_answer,reason,text.has_quoted_span,168,0.21881171900788357,0.24155205791534512,0.022740338907461594,-0.002572877395454231,0.025313216302915824,0.08333333333333333,0.06547619047619048,0.8511904761904762
tablebench,Qwen/Qwen2.5-7B-Instruct,reason.plan_answer,reason,text.has_year,170,0.2816644589445453,0.31938128744320693,0.03771682849866166,-0.002572877395454231,0.040289705894115894,0.12941176470588237,0.08823529411764706,0.7823529411764706
tablebench,Qwen/Qwen2.5-7B-Instruct,reason.symbolic_op,reason,cell.has_comma_number,41,0.4532161596689123,0.21072831637877845,-0.24248784329013387,-0.07081335539602643,-0.17167448789410744,0.07317073170731707,0.3170731707317073,0.6097560975609756
tablebench,Qwen/Qwen2.5-7B-Instruct,reason.symbolic_op,reason,cell.has_date_like,618,0.2962765924251681,0.22900399851018002,-0.06727259391498802,-0.07081335539602643,0.003540761481038407,0.11003236245954692,0.18770226537216828,0.7022653721682848
tablebench,Qwen/Qwen2.5-7B-Instruct,reason.symbolic_op,reason,cell.has_numeric_range,127,0.25528515139569213,0.23934557787643643,-0.01593957351925575,-0.07081335539602643,0.05487378187677068,0.16535433070866143,0.2047244094488189,0.6299212598425197
tablebench,Qwen/Qwen2.5-7B-Instruct,reason.symbolic_op,reason,cell.has_percent,75,0.21459930719042153,0.2175823783119685,0.0029830711215470037,-0.07081335539602643,0.07379642651757343,0.10666666666666667,0.10666666666666667,0.7866666666666666
tablebench,Qwen/Qwen2.5-7B-Instruct,reason.symbolic_op,reason,cell.has_score_surface,29,0.3543400713436385,0.4616292706716571,0.10728919932801857,-0.07081335539602643,0.17810255472404501,0.1724137931034483,0.06896551724137931,0.7586206896551724
tablebench,Qwen/Qwen2.5-7B-Instruct,reason.symbolic_op,reason,cell.missing_value_marker,110,0.31183395568172917,0.26265029418110314,-0.04918366150062599,-0.07081335539602643,0.02162969389540044,0.13636363636363635,0.2,0.6636363636363637
tablebench,Qwen/Qwen2.5-7B-Instruct,reason.symbolic_op,reason,grounding.cell_overlap,400,0.3602515404861317,0.29968175694827476,-0.06056978353785692,-0.07081335539602643,0.010243571858169508,0.0875,0.1525,0.76
tablebench,Qwen/Qwen2.5-7B-Instruct,reason.symbolic_op,reason,grounding.header_overlap,734,0.3217612030387408,0.24724366902518283,-0.0745175340135578,-0.07081335539602643,-0.0037041786175313757,0.08174386920980926,0.1566757493188011,0.7615803814713896
tablebench,Qwen/Qwen2.5-7B-Instruct,reason.symbolic_op,reason,intent.aggregate_noncount,306,0.24793695078903324,0.15313825269099623,-0.09479869809803698,-0.07081335539602643,-0.023985342702010554,0.05228758169934641,0.1437908496732026,0.803921568627451
tablebench,Qwen/Qwen2.5-7B-Instruct,reason.symbolic_op,reason,intent.arithmetic,131,0.2913964675649644,0.20238860937350273,-0.08900785819146173,-0.07081335539602643,-0.018194502795435302,0.03816793893129771,0.1450381679389313,0.816793893129771
tablebench,Qwen/Qwen2.5-7B-Instruct,reason.symbolic_op,reason,intent.comparison,39,0.2564102564102564,0.10256410256410256,-0.15384615384615385,-0.07081335539602643,-0.08303279845012743,0.07692307692307693,0.23076923076923078,0.6923076923076923
tablebench,Qwen/Qwen2.5-7B-Instruct,reason.symbolic_op,reason,intent.count,234,0.336914215798716,0.2525856016578014,-0.08432861414091457,-0.07081335539602643,-0.01351525874488814,0.09829059829059829,0.17094017094017094,0.7307692307692307
tablebench,Qwen/Qwen2.5-7B-Instruct,reason.symbolic_op,reason,intent.negation_marker,30,0.24347826086956523,0.16666666666666666,-0.07681159420289856,-0.07081335539602643,-0.005998238806872128,0.0,0.1,0.9
tablebench,Qwen/Qwen2.5-7B-Instruct,reason.symbolic_op,reason,intent.superlative_rank,243,0.3979791728979513,0.2687121786916025,-0.12926699420634877,-0.07081335539602643,-0.05845363881032234,0.06584362139917696,0.19753086419753085,0.7366255144032922
tablebench,Qwen/Qwen2.5-7B-Instruct,reason.symbolic_op,reason,intent.temporal,366,0.2924309119121662,0.23860948284947273,-0.05382142906269351,-0.07081335539602643,0.01699192633333292,0.05737704918032787,0.11475409836065574,0.8278688524590164
tablebench,Qwen/Qwen2.5-7B-Instruct,reason.symbolic_op,reason,native.tablebench_qsubtype=Aggregation,50,0.18,0.04,-0.14,-0.07081335539602643,-0.06918664460397358,0.02,0.16,0.82
tablebench,Qwen/Qwen2.5-7B-Instruct,reason.symbolic_op,reason,native.tablebench_qsubtype=AnomalyDetection,47,0.10134381246219815,0.11747365406884659,0.01612984160664845,-0.07081335539602643,0.08694319700267487,0.425531914893617,0.2765957446808511,0.2978723404255319
tablebench,Qwen/Qwen2.5-7B-Instruct,reason.symbolic_op,reason,native.tablebench_qsubtype=ArithmeticCalculation,50,0.4,0.24,-0.16,-0.07081335539602643,-0.08918664460397357,0.02,0.18,0.8
tablebench,Qwen/Qwen2.5-7B-Instruct,reason.symbolic_op,reason,native.tablebench_qsubtype=CausalAnalysis,45,0.23341842737934768,0.24488412725379657,0.011465699874448879,-0.07081335539602643,0.08227905527047531,0.4222222222222222,0.26666666666666666,0.3111111111111111
tablebench,Qwen/Qwen2.5-7B-Instruct,reason.symbolic_op,reason,native.tablebench_qsubtype=Comparison,50,0.5,0.3,-0.2,-0.07081335539602643,-0.12918664460397358,0.02,0.22,0.76
tablebench,Qwen/Qwen2.5-7B-Instruct,reason.symbolic_op,reason,native.tablebench_qsubtype=CorrelationAnalysis,50,0.0,0.0,0.0,-0.07081335539602643,0.07081335539602643,0.0,0.0,1.0
tablebench,Qwen/Qwen2.5-7B-Instruct,reason.symbolic_op,reason,native.tablebench_qsubtype=Counting,50,0.32,0.24,-0.08,-0.07081335539602643,-0.009186644603973573,0.16,0.24,0.6
tablebench,Qwen/Qwen2.5-7B-Instruct,reason.symbolic_op,reason,native.tablebench_qsubtype=DescriptiveAnalysis,51,0.28566040220639816,0.23715012454089318,-0.04851027766550485,-0.07081335539602643,0.02230307773052158,0.19607843137254902,0.7843137254901961,0.0196078431372549
tablebench,Qwen/Qwen2.5-7B-Instruct,reason.symbolic_op,reason,native.tablebench_qsubtype=Domain-Specific,49,0.3877551020408163,0.30612244897959184,-0.08163265306122448,-0.07081335539602643,-0.010819297665198055,0.10204081632653061,0.1836734693877551,0.7142857142857143
tablebench,Qwen/Qwen2.5-7B-Instruct,reason.symbolic_op,reason,native.tablebench_qsubtype=ImpactAnalysis,50,0.1,0.08,-0.02,-0.07081335539602643,0.050813355396026424,0.0,0.02,0.98
tablebench,Qwen/Qwen2.5-7B-Instruct,reason.symbolic_op,reason,native.tablebench_qsubtype=MatchBased,46,0.9130434782608695,0.8913043478260869,-0.021739130434782608,-0.07081335539602643,0.04907422496124382,0.021739130434782608,0.043478260869565216,0.9347826086956522
tablebench,Qwen/Qwen2.5-7B-Instruct,reason.symbolic_op,reason,native.tablebench_qsubtype=Multi-hop FactChecking,50,0.56,0.54,-0.02,-0.07081335539602643,0.050813355396026424,0.12,0.14,0.74
tablebench,Qwen/Qwen2.5-7B-Instruct,reason.symbolic_op,reason,native.tablebench_qsubtype=Multi-hop NumericalReasoing,51,0.21568627450980393,0.09803921568627451,-0.11764705882352941,-0.07081335539602643,-0.04683370342750298,0.0196078431372549,0.13725490196078433,0.8431372549019608
tablebench,Qwen/Qwen2.5-7B-Instruct,reason.symbolic_op,reason,native.tablebench_qsubtype=Ranking,50,0.52,0.32,-0.2,-0.07081335539602643,-0.12918664460397358,0.04,0.24,0.72
tablebench,Qwen/Qwen2.5-7B-Instruct,reason.symbolic_op,reason,native.tablebench_qsubtype=StatisticalAnalysis,50,0.16,0.16,0.0,-0.07081335539602643,0.07081335539602643,0.06,0.06,0.88
tablebench,Qwen/Qwen2.5-7B-Instruct,reason.symbolic_op,reason,native.tablebench_qsubtype=Time-basedCalculation,47,0.2765957446808511,0.1702127659574468,-0.10638297872340426,-0.07081335539602643,-0.03556962332737783,0.10638297872340426,0.2127659574468085,0.6808510638297872
tablebench,Qwen/Qwen2.5-7B-Instruct,reason.symbolic_op,reason,native.tablebench_qsubtype=TrendForecasting,50,0.14,0.12,-0.02,-0.07081335539602643,0.050813355396026424,0.02,0.04,0.94
tablebench,Qwen/Qwen2.5-7B-Instruct,reason.symbolic_op,reason,native.tablebench_qtype=DataAnalysis,343,0.14529349542367417,0.13596415107650783,-0.00932934434716639,-0.07081335539602643,0.06148401104886004,0.15451895043731778,0.20699708454810495,0.6384839650145773
tablebench,Qwen/Qwen2.5-7B-Instruct,reason.symbolic_op,reason,native.tablebench_qtype=FactChecking,96,0.7291666666666666,0.7083333333333334,-0.020833333333333332,-0.07081335539602643,0.0499800220626931,0.07291666666666667,0.09375,0.8333333333333334
tablebench,Qwen/Qwen2.5-7B-Instruct,reason.symbolic_op,reason,native.tablebench_qtype=NumericalReasoning,397,0.3501259445843829,0.2141057934508816,-0.13602015113350127,-0.07081335539602643,-0.06520679573747484,0.060453400503778336,0.1964735516372796,0.743073047858942
tablebench,Qwen/Qwen2.5-7B-Instruct,reason.symbolic_op,reason,schema.has_date_col,298,0.31315465390086217,0.2573251457390331,-0.055829508161829126,-0.07081335539602643,0.014983847234197302,0.11409395973154363,0.15771812080536912,0.7281879194630873
tablebench,Qwen/Qwen2.5-7B-Instruct,reason.symbolic_op,reason,schema.has_rank_col,255,0.32843095204913986,0.2563306425275717,-0.07210030952156819,-0.07081335539602643,-0.0012869541255417644,0.10588235294117647,0.16470588235294117,0.7294117647058823
tablebench,Qwen/Qwen2.5-7B-Instruct,reason.symbolic_op,reason,schema.has_score_col,107,0.3826388940634405,0.29855392076866577,-0.0840849732947747,-0.07081335539602643,-0.01327161789874827,0.056074766355140186,0.16822429906542055,0.7757009345794392
tablebench,Qwen/Qwen2.5-7B-Instruct,reason.symbolic_op,reason,schema.has_unit_col,251,0.27067580868108093,0.2129814945731985,-0.057694314107882484,-0.07081335539602643,0.013119041288143944,0.09561752988047809,0.1952191235059761,0.7091633466135459
tablebench,Qwen/Qwen2.5-7B-Instruct,reason.symbolic_op,reason,schema.header_repetition_marker,28,0.237374138305873,0.17445334793514258,-0.06292079037073044,-0.07081335539602643,0.007892565025295992,0.17857142857142858,0.21428571428571427,0.6071428571428571
tablebench,Qwen/Qwen2.5-7B-Instruct,reason.symbolic_op,reason,table.cols_bin=4_6,523,0.3211855109068761,0.23718143333004005,-0.08400407757683603,-0.07081335539602643,-0.013190722180809605,0.08986615678776291,0.1950286806883365,0.7151051625239006
tablebench,Qwen/Qwen2.5-7B-Instruct,reason.symbolic_op,reason,table.cols_bin=7_10,263,0.29255721091319653,0.23488116634827322,-0.057676044564923284,-0.07081335539602643,0.013137310831103144,0.11787072243346007,0.18250950570342206,0.6996197718631179
tablebench,Qwen/Qwen2.5-7B-Instruct,reason.symbolic_op,reason,table.cols_bin=gt_10,50,0.2782620051170684,0.276321348760708,-0.0019406563563603469,-0.07081335539602643,0.06887269903966609,0.12,0.16,0.72
tablebench,Qwen/Qwen2.5-7B-Instruct,reason.symbolic_op,reason,table.numeric_cols_bin=0,1,0.0,0.0,0.0,-0.07081335539602643,0.07081335539602643,0.0,0.0,1.0
tablebench,Qwen/Qwen2.5-7B-Instruct,reason.symbolic_op,reason,table.numeric_cols_bin=1,42,0.5238095238095238,0.5,-0.023809523809523808,-0.07081335539602643,0.04700383158650262,0.11904761904761904,0.14285714285714285,0.7380952380952381
tablebench,Qwen/Qwen2.5-7B-Instruct,reason.symbolic_op,reason,table.numeric_cols_bin=2_3,179,0.34171808558699013,0.21692172275582836,-0.12479636283116176,-0.07081335539602643,-0.05398300743513533,0.1005586592178771,0.21787709497206703,0.6815642458100558
tablebench,Qwen/Qwen2.5-7B-Instruct,reason.symbolic_op,reason,table.numeric_cols_bin=ge_4,614,0.2861044488766272,0.22769823362532393,-0.058406215251303135,-0.07081335539602643,0.012407140144723293,0.0993485342019544,0.18403908794788273,0.7166123778501629
tablebench,Qwen/Qwen2.5-7B-Instruct,reason.symbolic_op,reason,table.numeric_density_bin=high,659,0.3051041937042244,0.23043279819278362,-0.07467139551144074,-0.07081335539602643,-0.00385804011541431,0.09559939301972686,0.19878603945371776,0.7056145675265554
tablebench,Qwen/Qwen2.5-7B-Instruct,reason.symbolic_op,reason,table.numeric_density_bin=low,42,0.5238095238095238,0.5,-0.023809523809523808,-0.07081335539602643,0.04700383158650262,0.11904761904761904,0.14285714285714285,0.7380952380952381
tablebench,Qwen/Qwen2.5-7B-Instruct,reason.symbolic_op,reason,table.numeric_density_bin=mid,134,0.266955263277884,0.1998544015686404,-0.06710086170924358,-0.07081335539602643,0.00371249368678285,0.11940298507462686,0.15671641791044777,0.7238805970149254
tablebench,Qwen/Qwen2.5-7B-Instruct,reason.symbolic_op,reason,table.numeric_density_bin=none,1,0.0,0.0,0.0,-0.07081335539602643,0.07081335539602643,0.0,0.0,1.0
tablebench,Qwen/Qwen2.5-7B-Instruct,reason.symbolic_op,reason,table.rows_bin=11_25,384,0.3414674027810558,0.2721750995494384,-0.06929230323161734,-0.07081335539602643,0.0015210521644090924,0.09635416666666667,0.17708333333333334,0.7265625
tablebench,Qwen/Qwen2.5-7B-Instruct,reason.symbolic_op,reason,table.rows_bin=26_50,130,0.22077164693655682,0.21507977476430742,-0.005691872172249389,-0.07081335539602643,0.06512148322377703,0.14615384615384616,0.14615384615384616,0.7076923076923077
tablebench,Qwen/Qwen2.5-7B-Instruct,reason.symbolic_op,reason,table.rows_bin=6_10,319,0.3041124519142396,0.20739841652946037,-0.09671403538477931,-0.07081335539602643,-0.02590067998875288,0.0877742946708464,0.219435736677116,0.6927899686520376
tablebench,Qwen/Qwen2.5-7B-Instruct,reason.symbolic_op,reason,table.rows_bin=gt_50,3,0.6666666666666666,0.3333333333333333,-0.3333333333333333,-0.07081335539602643,-0.26251997793730686,0.0,0.3333333333333333,0.6666666666666666
tablebench,Qwen/Qwen2.5-7B-Instruct,reason.symbolic_op,reason,table.shape=balanced,452,0.32198610116248044,0.2613289243152812,-0.060657176847199235,-0.07081335539602643,0.010156178548827194,0.11061946902654868,0.17035398230088494,0.7190265486725663
tablebench,Qwen/Qwen2.5-7B-Instruct,reason.symbolic_op,reason,table.shape=tall,4,0.25,0.0,-0.25,-0.07081335539602643,-0.17918664460397357,0.0,0.25,0.75
tablebench,Qwen/Qwen2.5-7B-Instruct,reason.symbolic_op,reason,table.shape=wide,380,0.295520924223366,0.2145132369177239,-0.08100768730564215,-0.07081335539602643,-0.010194331909615717,0.08947368421052632,0.21052631578947367,0.7
tablebench,Qwen/Qwen2.5-7B-Instruct,reason.symbolic_op,reason,text.has_number,336,0.33367435430211545,0.2410033353628989,-0.09267101893921656,-0.07081335539602643,-0.02185766354319013,0.05654761904761905,0.15476190476190477,0.7886904761904762
tablebench,Qwen/Qwen2.5-7B-Instruct,reason.symbolic_op,reason,text.has_ordinal,39,0.47558446455505277,0.3760369532428356,-0.0995475113122172,-0.07081335539602643,-0.028734155916190773,0.10256410256410256,0.1794871794871795,0.717948717948718
tablebench,Qwen/Qwen2.5-7B-Instruct,reason.symbolic_op,reason,text.has_quoted_span,168,0.21881171900788357,0.17950067476383266,-0.039311044244050915,-0.07081335539602643,0.031502311151975514,0.047619047619047616,0.10119047619047619,0.8511904761904762
tablebench,Qwen/Qwen2.5-7B-Instruct,reason.symbolic_op,reason,text.has_year,170,0.2816644589445453,0.23044935933982816,-0.051215099604717144,-0.07081335539602643,0.019598255791309284,0.041176470588235294,0.1,0.8588235294117647
tablebench,Qwen/Qwen2.5-7B-Instruct,reason.verify,reason,cell.has_comma_number,41,0.4532161596689123,0.38195663493040366,-0.07125952473850873,0.001160062539958857,-0.07241958727846759,0.14634146341463414,0.1951219512195122,0.6585365853658537
tablebench,Qwen/Qwen2.5-7B-Instruct,reason.verify,reason,cell.has_date_like,618,0.2962765924251681,0.2950569812024125,-0.001219611222755555,0.001160062539958857,-0.002379673762714412,0.11326860841423948,0.11974110032362459,0.7669902912621359
tablebench,Qwen/Qwen2.5-7B-Instruct,reason.verify,reason,cell.has_numeric_range,127,0.25528515139569213,0.22051570735617218,-0.03476944403951999,0.001160062539958857,-0.03592950657947885,0.13385826771653545,0.18110236220472442,0.6850393700787402
tablebench,Qwen/Qwen2.5-7B-Instruct,reason.verify,reason,cell.has_percent,75,0.21459930719042153,0.2293607421189992,0.014761434928577668,0.001160062539958857,0.013601372388618811,0.12,0.09333333333333334,0.7866666666666666
tablebench,Qwen/Qwen2.5-7B-Instruct,reason.verify,reason,cell.has_score_surface,29,0.3543400713436385,0.3960719083871793,0.0417318370435408,0.001160062539958857,0.04057177450358194,0.13793103448275862,0.034482758620689655,0.8275862068965517
tablebench,Qwen/Qwen2.5-7B-Instruct,reason.verify,reason,cell.missing_value_marker,110,0.31183395568172917,0.3472677270273201,0.035433771345590885,0.001160062539958857,0.034273708805632026,0.16363636363636364,0.11818181818181818,0.7181818181818181
tablebench,Qwen/Qwen2.5-7B-Instruct,reason.verify,reason,grounding.cell_overlap,400,0.3602515404861317,0.3747368372138395,0.014485296727707979,0.001160062539958857,0.013325234187749122,0.095,0.07,0.835
tablebench,Qwen/Qwen2.5-7B-Instruct,reason.verify,reason,grounding.header_overlap,734,0.3217612030387408,0.32065011310030117,-0.0011110899384395914,0.001160062539958857,-0.0022711524783984487,0.08719346049046321,0.0885558583106267,0.8242506811989101
tablebench,Qwen/Qwen2.5-7B-Instruct,reason.verify,reason,intent.aggregate_noncount,306,0.24793695078903324,0.2530199768831553,0.005083026094122065,0.001160062539958857,0.003922963554163208,0.08169934640522876,0.06209150326797386,0.8562091503267973
tablebench,Qwen/Qwen2.5-7B-Instruct,reason.verify,reason,intent.arithmetic,131,0.2913964675649644,0.32283136710617627,0.031434899541211835,0.001160062539958857,0.030274837001252976,0.0916030534351145,0.05343511450381679,0.8549618320610687
tablebench,Qwen/Qwen2.5-7B-Instruct,reason.verify,reason,intent.comparison,39,0.2564102564102564,0.20512820512820512,-0.05128205128205128,0.001160062539958857,-0.05244211382201014,0.07692307692307693,0.1282051282051282,0.7948717948717948
tablebench,Qwen/Qwen2.5-7B-Instruct,reason.verify,reason,intent.count,234,0.336914215798716,0.30041580154396563,-0.036498414254750255,0.001160062539958857,-0.037658476794709114,0.08547008547008547,0.1111111111111111,0.8034188034188035
tablebench,Qwen/Qwen2.5-7B-Instruct,reason.verify,reason,intent.negation_marker,30,0.24347826086956523,0.26666666666666666,0.02318840579710145,0.001160062539958857,0.02202834325714259,0.06666666666666667,0.06666666666666667,0.8666666666666667
tablebench,Qwen/Qwen2.5-7B-Instruct,reason.verify,reason,intent.superlative_rank,243,0.3979791728979513,0.39810127587905364,0.00012210298110232903,0.001160062539958857,-0.001037959558856528,0.08641975308641975,0.0823045267489712,0.831275720164609
tablebench,Qwen/Qwen2.5-7B-Instruct,reason.verify,reason,intent.temporal,366,0.2924309119121662,0.299696415187218,0.007265503275051782,0.001160062539958857,0.006105440735092925,0.06830601092896176,0.06284153005464481,0.8688524590163934
tablebench,Qwen/Qwen2.5-7B-Instruct,reason.verify,reason,native.tablebench_qsubtype=Aggregation,50,0.18,0.18,0.0,0.001160062539958857,-0.001160062539958857,0.04,0.04,0.92
tablebench,Qwen/Qwen2.5-7B-Instruct,reason.verify,reason,native.tablebench_qsubtype=AnomalyDetection,47,0.10134381246219815,0.11722593815406923,0.015882125691871075,0.001160062539958857,0.014722063151912218,0.40425531914893614,0.2553191489361702,0.3404255319148936
tablebench,Qwen/Qwen2.5-7B-Instruct,reason.verify,reason,native.tablebench_qsubtype=ArithmeticCalculation,50,0.4,0.46,0.06,0.001160062539958857,0.05883993746004114,0.12,0.06,0.82
tablebench,Qwen/Qwen2.5-7B-Instruct,reason.verify,reason,native.tablebench_qsubtype=CausalAnalysis,45,0.23341842737934768,0.19702388873957605,-0.03639453863977168,0.001160062539958857,-0.037554601179730536,0.2222222222222222,0.3111111111111111,0.4666666666666667
tablebench,Qwen/Qwen2.5-7B-Instruct,reason.verify,reason,native.tablebench_qsubtype=Comparison,50,0.5,0.46,-0.04,0.001160062539958857,-0.04116006253995886,0.02,0.06,0.92
tablebench,Qwen/Qwen2.5-7B-Instruct,reason.verify,reason,native.tablebench_qsubtype=CorrelationAnalysis,50,0.0,0.0,0.0,0.001160062539958857,-0.001160062539958857,0.0,0.0,1.0
tablebench,Qwen/Qwen2.5-7B-Instruct,reason.verify,reason,native.tablebench_qsubtype=Counting,50,0.32,0.24,-0.08,0.001160062539958857,-0.08116006253995886,0.1,0.18,0.72
tablebench,Qwen/Qwen2.5-7B-Instruct,reason.verify,reason,native.tablebench_qsubtype=DescriptiveAnalysis,51,0.28566040220639816,0.2633291593569352,-0.022331242849462907,0.001160062539958857,-0.023491305389421763,0.39215686274509803,0.5882352941176471,0.0196078431372549
tablebench,Qwen/Qwen2.5-7B-Instruct,reason.verify,reason,native.tablebench_qsubtype=Domain-Specific,49,0.3877551020408163,0.46938775510204084,0.08163265306122448,0.001160062539958857,0.08047259052126562,0.12244897959183673,0.04081632653061224,0.8367346938775511
tablebench,Qwen/Qwen2.5-7B-Instruct,reason.verify,reason,native.tablebench_qsubtype=ImpactAnalysis,50,0.1,0.12,0.02,0.001160062539958857,0.018839937460041145,0.02,0.0,0.98
tablebench,Qwen/Qwen2.5-7B-Instruct,reason.verify,reason,native.tablebench_qsubtype=MatchBased,46,0.9130434782608695,0.8913043478260869,-0.021739130434782608,0.001160062539958857,-0.022899192974741467,0.043478260869565216,0.06521739130434782,0.8913043478260869
tablebench,Qwen/Qwen2.5-7B-Instruct,reason.verify,reason,native.tablebench_qsubtype=Multi-hop FactChecking,50,0.56,0.62,0.06,0.001160062539958857,0.05883993746004114,0.12,0.06,0.82
tablebench,Qwen/Qwen2.5-7B-Instruct,reason.verify,reason,native.tablebench_qsubtype=Multi-hop NumericalReasoing,51,0.21568627450980393,0.2549019607843137,0.0392156862745098,0.001160062539958857,0.038055623734550945,0.11764705882352941,0.0784313725490196,0.803921568627451
tablebench,Qwen/Qwen2.5-7B-Instruct,reason.verify,reason,native.tablebench_qsubtype=Ranking,50,0.52,0.44,-0.08,0.001160062539958857,-0.08116006253995886,0.0,0.08,0.92
tablebench,Qwen/Qwen2.5-7B-Instruct,reason.verify,reason,native.tablebench_qsubtype=StatisticalAnalysis,50,0.16,0.22,0.06,0.001160062539958857,0.05883993746004114,0.1,0.04,0.86
tablebench,Qwen/Qwen2.5-7B-Instruct,reason.verify,reason,native.tablebench_qsubtype=Time-basedCalculation,47,0.2765957446808511,0.2553191489361702,-0.02127659574468085,0.001160062539958857,-0.022436658284639706,0.10638297872340426,0.1276595744680851,0.7659574468085106
tablebench,Qwen/Qwen2.5-7B-Instruct,reason.verify,reason,native.tablebench_qsubtype=TrendForecasting,50,0.14,0.12,-0.02,0.001160062539958857,-0.021160062539958856,0.02,0.04,0.94
tablebench,Qwen/Qwen2.5-7B-Instruct,reason.verify,reason,native.tablebench_qtype=DataAnalysis,343,0.14529349542367417,0.14812093648316582,0.0028274410594915597,0.001160062539958857,0.0016673785195327026,0.16326530612244897,0.1749271137026239,0.6618075801749271
tablebench,Qwen/Qwen2.5-7B-Instruct,reason.verify,reason,native.tablebench_qtype=FactChecking,96,0.7291666666666666,0.75,0.020833333333333332,0.001160062539958857,0.019673270793374477,0.08333333333333333,0.0625,0.8541666666666666
tablebench,Qwen/Qwen2.5-7B-Instruct,reason.verify,reason,native.tablebench_qtype=NumericalReasoning,397,0.3501259445843829,0.345088161209068,-0.005037783375314861,0.001160062539958857,-0.006197845915273718,0.07808564231738035,0.08312342569269521,0.8387909319899244
tablebench,Qwen/Qwen2.5-7B-Instruct,reason.verify,reason,schema.has_date_col,298,0.31315465390086217,0.3261804121808837,0.013025758280021539,0.001160062539958857,0.011865695740062682,0.1174496644295302,0.09731543624161074,0.785234899328859
tablebench,Qwen/Qwen2.5-7B-Instruct,reason.verify,reason,schema.has_rank_col,255,0.32843095204913986,0.3433417187485738,0.014910766699433876,0.001160062539958857,0.013750704159475019,0.11764705882352941,0.10588235294117647,0.7764705882352941
tablebench,Qwen/Qwen2.5-7B-Instruct,reason.verify,reason,schema.has_score_col,107,0.3826388940634405,0.34464936930657164,-0.037989524756868814,0.001160062539958857,-0.03914958729682767,0.056074766355140186,0.11214953271028037,0.8317757009345794
tablebench,Qwen/Qwen2.5-7B-Instruct,reason.verify,reason,schema.has_unit_col,251,0.27067580868108093,0.2696239547546713,-0.0010518539264097995,0.001160062539958857,-0.0022119164663686568,0.11553784860557768,0.1394422310756972,0.7450199203187251
tablebench,Qwen/Qwen2.5-7B-Instruct,reason.verify,reason,schema.header_repetition_marker,28,0.237374138305873,0.16343609413848828,-0.07393804416738473,0.001160062539958857,-0.07509810670734358,0.14285714285714285,0.21428571428571427,0.6428571428571429
tablebench,Qwen/Qwen2.5-7B-Instruct,reason.verify,reason,table.cols_bin=4_6,523,0.3211855109068761,0.3341404983116739,0.012954987404797884,0.001160062539958857,0.011794924864839027,0.11854684512428298,0.11663479923518165,0.7648183556405354
tablebench,Qwen/Qwen2.5-7B-Instruct,reason.verify,reason,table.cols_bin=7_10,263,0.29255721091319653,0.27489438136546185,-0.017662829547734665,0.001160062539958857,-0.01882289208769352,0.11406844106463879,0.11406844106463879,0.7718631178707225
tablebench,Qwen/Qwen2.5-7B-Instruct,reason.verify,reason,table.cols_bin=gt_10,50,0.2782620051170684,0.25505556595207896,-0.023206439164989413,0.001160062539958857,-0.024366501704948272,0.06,0.16,0.78
tablebench,Qwen/Qwen2.5-7B-Instruct,reason.verify,reason,table.numeric_cols_bin=0,1,0.0,0.0,0.0,0.001160062539958857,-0.001160062539958857,0.0,0.0,1.0
tablebench,Qwen/Qwen2.5-7B-Instruct,reason.verify,reason,table.numeric_cols_bin=1,42,0.5238095238095238,0.5714285714285714,0.047619047619047616,0.001160062539958857,0.04645898507908876,0.11904761904761904,0.07142857142857142,0.8095238095238095
tablebench,Qwen/Qwen2.5-7B-Instruct,reason.verify,reason,table.numeric_cols_bin=2_3,179,0.34171808558699013,0.3527120040663246,0.010993918479334426,0.001160062539958857,0.00983385593937557,0.1564245810055866,0.12290502793296089,0.7206703910614525
tablebench,Qwen/Qwen2.5-7B-Instruct,reason.verify,reason,table.numeric_cols_bin=ge_4,614,0.2861044488766272,0.28122155127989207,-0.0048828975967349485,0.001160062539958857,-0.006042960136693806,0.10097719869706841,0.12052117263843648,0.7785016286644951
tablebench,Qwen/Qwen2.5-7B-Instruct,reason.verify,reason,table.numeric_density_bin=high,659,0.3051041937042244,0.2952340796914082,-0.009870114012816086,0.001160062539958857,-0.011030176552774943,0.1062215477996965,0.13050075872534142,0.7632776934749621
tablebench,Qwen/Qwen2.5-7B-Instruct,reason.verify,reason,table.numeric_density_bin=low,42,0.5238095238095238,0.5714285714285714,0.047619047619047616,0.001160062539958857,0.04645898507908876,0.11904761904761904,0.07142857142857142,0.8095238095238095
tablebench,Qwen/Qwen2.5-7B-Instruct,reason.verify,reason,table.numeric_density_bin=mid,134,0.266955263277884,0.30780763206781986,0.04085236878993587,0.001160062539958857,0.03969230624997701,0.14925373134328357,0.07462686567164178,0.7761194029850746
tablebench,Qwen/Qwen2.5-7B-Instruct,reason.verify,reason,table.numeric_density_bin=none,1,0.0,0.0,0.0,0.001160062539958857,-0.001160062539958857,0.0,0.0,1.0
tablebench,Qwen/Qwen2.5-7B-Instruct,reason.verify,reason,table.rows_bin=11_25,384,0.3414674027810558,0.3332127428452823,-0.008254659935773576,0.001160062539958857,-0.009414722475732433,0.09635416666666667,0.1171875,0.7864583333333334
tablebench,Qwen/Qwen2.5-7B-Instruct,reason.verify,reason,table.rows_bin=26_50,130,0.22077164693655682,0.2074234001117385,-0.013348246824818307,0.001160062539958857,-0.014508309364777164,0.13846153846153847,0.13076923076923078,0.7307692307692307
tablebench,Qwen/Qwen2.5-7B-Instruct,reason.verify,reason,table.rows_bin=6_10,319,0.3041124519142396,0.32252898415865666,0.01841653224441704,0.001160062539958857,0.017256469704458183,0.12539184952978055,0.11598746081504702,0.7586206896551724
tablebench,Qwen/Qwen2.5-7B-Instruct,reason.verify,reason,table.rows_bin=gt_50,3,0.6666666666666666,0.6666666666666666,0.0,0.001160062539958857,-0.001160062539958857,0.0,0.0,1.0
tablebench,Qwen/Qwen2.5-7B-Instruct,reason.verify,reason,table.shape=balanced,452,0.32198610116248044,0.3107475610262859,-0.01123854013619445,0.001160062539958857,-0.012398602676153307,0.10619469026548672,0.11504424778761062,0.7787610619469026
tablebench,Qwen/Qwen2.5-7B-Instruct,reason.verify,reason,table.shape=tall,4,0.25,0.0,-0.25,0.001160062539958857,-0.2511600625399589,0.0,0.25,0.75
tablebench,Qwen/Qwen2.5-7B-Instruct,reason.verify,reason,table.shape=wide,380,0.295520924223366,0.3140725884995912,0.018551664276224997,0.001160062539958857,0.017391601736266138,0.12368421052631579,0.12105263157894737,0.7552631578947369
tablebench,Qwen/Qwen2.5-7B-Instruct,reason.verify,reason,text.has_number,336,0.33367435430211545,0.34803461923426565,0.014360264932150247,0.001160062539958857,0.01320020239219139,0.08630952380952381,0.0744047619047619,0.8392857142857143
tablebench,Qwen/Qwen2.5-7B-Instruct,reason.verify,reason,text.has_ordinal,39,0.47558446455505277,0.5528846153846154,0.0773001508295626,0.001160062539958857,0.07614008828960374,0.15384615384615385,0.05128205128205128,0.7948717948717948
tablebench,Qwen/Qwen2.5-7B-Instruct,reason.verify,reason,text.has_quoted_span,168,0.21881171900788357,0.23513053467000833,0.016318815662124782,0.001160062539958857,0.015158753122165925,0.06547619047619048,0.08333333333333333,0.8511904761904762
tablebench,Qwen/Qwen2.5-7B-Instruct,reason.verify,reason,text.has_year,170,0.2816644589445453,0.2769211773401157,-0.004743281604429644,0.001160062539958857,-0.005903344144388501,0.058823529411764705,0.06470588235294118,0.8764705882352941
tablebench,Qwen/Qwen2.5-7B-Instruct,ser.html,ser,cell.has_comma_number,41,0.4532161596689123,0.2790014566739721,-0.17421470299494032,-0.004558232944690678,-0.16965647005024964,0.04878048780487805,0.2682926829268293,0.6829268292682927
tablebench,Qwen/Qwen2.5-7B-Instruct,ser.html,ser,cell.has_date_like,618,0.2962765924251681,0.29473296580202124,-0.0015436266231468614,-0.004558232944690678,0.0030146063215438163,0.1407766990291262,0.13106796116504854,0.7281553398058253
tablebench,Qwen/Qwen2.5-7B-Instruct,ser.html,ser,cell.has_numeric_range,127,0.25528515139569213,0.3123604841798962,0.057075332784204,-0.004558232944690678,0.061633565728894675,0.1732283464566929,0.1732283464566929,0.6535433070866141
tablebench,Qwen/Qwen2.5-7B-Instruct,ser.html,ser,cell.has_percent,75,0.21459930719042153,0.2354973487157473,0.020898041525325765,-0.004558232944690678,0.025456274470016443,0.13333333333333333,0.10666666666666667,0.76
tablebench,Qwen/Qwen2.5-7B-Instruct,ser.html,ser,cell.has_score_surface,29,0.3543400713436385,0.43156435966413953,0.07722428832050103,-0.004558232944690678,0.08178252126519171,0.1724137931034483,0.034482758620689655,0.7931034482758621
tablebench,Qwen/Qwen2.5-7B-Instruct,ser.html,ser,cell.missing_value_marker,110,0.31183395568172917,0.3610587439645848,0.04922478828285571,-0.004558232944690678,0.053783021227546385,0.13636363636363635,0.12727272727272726,0.7363636363636363
tablebench,Qwen/Qwen2.5-7B-Instruct,ser.html,ser,grounding.cell_overlap,400,0.3602515404861317,0.3877688746926489,0.027517334206517183,-0.004558232944690678,0.03207556715120786,0.1075,0.0775,0.815
tablebench,Qwen/Qwen2.5-7B-Instruct,ser.html,ser,grounding.header_overlap,734,0.3217612030387408,0.31845722609111177,-0.003303976947628919,-0.004558232944690678,0.0012542559970617588,0.1008174386920981,0.09536784741144415,0.8038147138964578
tablebench,Qwen/Qwen2.5-7B-Instruct,ser.html,ser,intent.aggregate_noncount,306,0.24793695078903324,0.2647915739246719,0.01685462313563863,-0.004558232944690678,0.02141285608032931,0.08823529411764706,0.058823529411764705,0.8529411764705882
tablebench,Qwen/Qwen2.5-7B-Instruct,ser.html,ser,intent.arithmetic,131,0.2913964675649644,0.2973658798086279,0.0059694122436634665,-0.004558232944690678,0.010527645188354143,0.08396946564885496,0.07633587786259542,0.8396946564885496
tablebench,Qwen/Qwen2.5-7B-Instruct,ser.html,ser,intent.comparison,39,0.2564102564102564,0.1794871794871795,-0.07692307692307693,-0.004558232944690678,-0.07236484397838625,0.07692307692307693,0.15384615384615385,0.7692307692307693
tablebench,Qwen/Qwen2.5-7B-Instruct,ser.html,ser,intent.count,234,0.336914215798716,0.3238577613606987,-0.013056454438017239,-0.004558232944690678,-0.00849822149332656,0.09829059829059829,0.1111111111111111,0.7905982905982906
tablebench,Qwen/Qwen2.5-7B-Instruct,ser.html,ser,intent.negation_marker,30,0.24347826086956523,0.2365079365079365,-0.0069703243616287104,-0.004558232944690678,-0.0024120914169380326,0.03333333333333333,0.06666666666666667,0.9
tablebench,Qwen/Qwen2.5-7B-Instruct,ser.html,ser,intent.superlative_rank,243,0.3979791728979513,0.3865965114370464,-0.01138266146090491,-0.004558232944690678,-0.006824428516214232,0.09053497942386832,0.1111111111111111,0.7983539094650206
tablebench,Qwen/Qwen2.5-7B-Instruct,ser.html,ser,intent.temporal,366,0.2924309119121662,0.2919209214506516,-0.0005099904615146087,-0.004558232944690678,0.004048242483176069,0.07650273224043716,0.07377049180327869,0.8497267759562842
tablebench,Qwen/Qwen2.5-7B-Instruct,ser.html,ser,native.tablebench_qsubtype=Aggregation,50,0.18,0.16,-0.02,-0.004558232944690678,-0.015441767055309322,0.02,0.04,0.94
tablebench,Qwen/Qwen2.5-7B-Instruct,ser.html,ser,native.tablebench_qsubtype=AnomalyDetection,47,0.10134381246219815,0.1312743125577896,0.02993050009559145,-0.004558232944690678,0.034488733040282125,0.3829787234042553,0.3404255319148936,0.2765957446808511
tablebench,Qwen/Qwen2.5-7B-Instruct,ser.html,ser,native.tablebench_qsubtype=ArithmeticCalculation,50,0.4,0.42,0.02,-0.004558232944690678,0.02455823294469068,0.04,0.02,0.94
tablebench,Qwen/Qwen2.5-7B-Instruct,ser.html,ser,native.tablebench_qsubtype=CausalAnalysis,45,0.23341842737934768,0.25425024846083705,0.020831821081489326,-0.004558232944690678,0.025390054026180005,0.4222222222222222,0.24444444444444444,0.3333333333333333
tablebench,Qwen/Qwen2.5-7B-Instruct,ser.html,ser,native.tablebench_qsubtype=Comparison,50,0.5,0.5,0.0,-0.004558232944690678,0.004558232944690678,0.12,0.12,0.76
tablebench,Qwen/Qwen2.5-7B-Instruct,ser.html,ser,native.tablebench_qsubtype=CorrelationAnalysis,50,0.0,0.0,0.0,-0.004558232944690678,0.004558232944690678,0.0,0.0,1.0
tablebench,Qwen/Qwen2.5-7B-Instruct,ser.html,ser,native.tablebench_qsubtype=Counting,50,0.32,0.16,-0.16,-0.004558232944690678,-0.15544176705530932,0.08,0.24,0.68
tablebench,Qwen/Qwen2.5-7B-Instruct,ser.html,ser,native.tablebench_qsubtype=DescriptiveAnalysis,51,0.28566040220639816,0.2630163199530407,-0.022644082253357366,-0.004558232944690678,-0.018085849308666687,0.35294117647058826,0.6470588235294118,0.0
tablebench,Qwen/Qwen2.5-7B-Instruct,ser.html,ser,native.tablebench_qsubtype=Domain-Specific,49,0.3877551020408163,0.46938775510204084,0.08163265306122448,-0.004558232944690678,0.08619088600591517,0.12244897959183673,0.04081632653061224,0.8367346938775511
tablebench,Qwen/Qwen2.5-7B-Instruct,ser.html,ser,native.tablebench_qsubtype=ImpactAnalysis,50,0.1,0.12,0.02,-0.004558232944690678,0.02455823294469068,0.02,0.0,0.98
tablebench,Qwen/Qwen2.5-7B-Instruct,ser.html,ser,native.tablebench_qsubtype=MatchBased,46,0.9130434782608695,0.9782608695652174,0.06521739130434782,-0.004558232944690678,0.0697756242490385,0.08695652173913043,0.021739130434782608,0.8913043478260869
tablebench,Qwen/Qwen2.5-7B-Instruct,ser.html,ser,native.tablebench_qsubtype=Multi-hop FactChecking,50,0.56,0.54,-0.02,-0.004558232944690678,-0.015441767055309322,0.08,0.1,0.82
tablebench,Qwen/Qwen2.5-7B-Instruct,ser.html,ser,native.tablebench_qsubtype=Multi-hop NumericalReasoing,51,0.21568627450980393,0.21568627450980393,0.0,-0.004558232944690678,0.004558232944690678,0.0784313725490196,0.0784313725490196,0.8431372549019608
tablebench,Qwen/Qwen2.5-7B-Instruct,ser.html,ser,native.tablebench_qsubtype=Ranking,50,0.52,0.44,-0.08,-0.004558232944690678,-0.07544176705530932,0.04,0.12,0.84
tablebench,Qwen/Qwen2.5-7B-Instruct,ser.html,ser,native.tablebench_qsubtype=StatisticalAnalysis,50,0.16,0.18,0.02,-0.004558232944690678,0.02455823294469068,0.06,0.04,0.9
tablebench,Qwen/Qwen2.5-7B-Instruct,ser.html,ser,native.tablebench_qsubtype=Time-basedCalculation,47,0.2765957446808511,0.2978723404255319,0.02127659574468085,-0.004558232944690678,0.02583482868937153,0.14893617021276595,0.1276595744680851,0.723404255319149
tablebench,Qwen/Qwen2.5-7B-Instruct,ser.html,ser,native.tablebench_qsubtype=TrendForecasting,50,0.14,0.1,-0.04,-0.004558232944690678,-0.035441767055309326,0.06,0.1,0.84
tablebench,Qwen/Qwen2.5-7B-Instruct,ser.html,ser,native.tablebench_qtype=DataAnalysis,343,0.14529349542367417,0.1487608926780142,0.003467397254339921,-0.004558232944690678,0.0080256301990306,0.18075801749271136,0.19533527696793002,0.6239067055393586
tablebench,Qwen/Qwen2.5-7B-Instruct,ser.html,ser,native.tablebench_qtype=FactChecking,96,0.7291666666666666,0.75,0.020833333333333332,-0.004558232944690678,0.02539156627802401,0.08333333333333333,0.0625,0.8541666666666666
tablebench,Qwen/Qwen2.5-7B-Instruct,ser.html,ser,native.tablebench_qtype=NumericalReasoning,397,0.3501259445843829,0.33249370277078083,-0.017632241813602016,-0.004558232944690678,-0.013074008868911337,0.08060453400503778,0.0982367758186398,0.8211586901763224
tablebench,Qwen/Qwen2.5-7B-Instruct,ser.html,ser,schema.has_date_col,298,0.31315465390086217,0.3288907676348662,0.01573611373400401,-0.004558232944690678,0.02029434667869469,0.1342281879194631,0.11409395973154363,0.7516778523489933
tablebench,Qwen/Qwen2.5-7B-Instruct,ser.html,ser,schema.has_rank_col,255,0.32843095204913986,0.32014133603411077,-0.008289616015029111,-0.004558232944690678,-0.0037313830703384334,0.10196078431372549,0.10588235294117647,0.792156862745098
tablebench,Qwen/Qwen2.5-7B-Instruct,ser.html,ser,schema.has_score_col,107,0.3826388940634405,0.38524747725695374,0.0026085831935133775,-0.004558232944690678,0.007166816138204055,0.08411214953271028,0.06542056074766354,0.8504672897196262
tablebench,Qwen/Qwen2.5-7B-Instruct,ser.html,ser,schema.has_unit_col,251,0.27067580868108093,0.26358761820923055,-0.007088190471850532,-0.004558232944690678,-0.002529957527159854,0.1394422310756972,0.14342629482071714,0.7171314741035857
tablebench,Qwen/Qwen2.5-7B-Instruct,ser.html,ser,schema.header_repetition_marker,28,0.237374138305873,0.2281133144194261,-0.009260823886446954,-0.004558232944690678,-0.004702590941756276,0.17857142857142858,0.32142857142857145,0.5
tablebench,Qwen/Qwen2.5-7B-Instruct,ser.html,ser,table.cols_bin=4_6,523,0.3211855109068761,0.30603271391441733,-0.01515279699245884,-0.004558232944690678,-0.010594564047768162,0.11663479923518165,0.13766730401529637,0.745697896749522
tablebench,Qwen/Qwen2.5-7B-Instruct,ser.html,ser,table.cols_bin=7_10,263,0.29255721091319653,0.3096022786874371,0.0170450677742406,-0.004558232944690678,0.021603300718931278,0.13688212927756654,0.11787072243346007,0.7452471482889734
tablebench,Qwen/Qwen2.5-7B-Instruct,ser.html,ser,table.cols_bin=gt_10,50,0.2782620051170684,0.27088955033045414,-0.007372454786614251,-0.004558232944690678,-0.002814221841923573,0.1,0.18,0.72
tablebench,Qwen/Qwen2.5-7B-Instruct,ser.html,ser,table.numeric_cols_bin=0,1,0.0,0.0,0.0,-0.004558232944690678,0.004558232944690678,0.0,0.0,1.0
tablebench,Qwen/Qwen2.5-7B-Instruct,ser.html,ser,table.numeric_cols_bin=1,42,0.5238095238095238,0.5,-0.023809523809523808,-0.004558232944690678,-0.01925129086483313,0.07142857142857142,0.09523809523809523,0.8333333333333334
tablebench,Qwen/Qwen2.5-7B-Instruct,ser.html,ser,table.numeric_cols_bin=2_3,179,0.34171808558699013,0.3043425437439943,-0.037375541842995845,-0.004558232944690678,-0.03281730889830517,0.1340782122905028,0.16201117318435754,0.7039106145251397
tablebench,Qwen/Qwen2.5-7B-Instruct,ser.html,ser,table.numeric_cols_bin=ge_4,614,0.2861044488766272,0.29242291670746573,0.006318467830838516,-0.004558232944690678,0.010876700775529194,0.12214983713355049,0.12866449511400652,0.749185667752443
tablebench,Qwen/Qwen2.5-7B-Instruct,ser.html,ser,table.numeric_density_bin=high,659,0.3051041937042244,0.3021788622590248,-0.002925331445199544,-0.004558232944690678,0.0016329014994911338,0.1244309559939302,0.1411229135053111,0.7344461305007587
tablebench,Qwen/Qwen2.5-7B-Instruct,ser.html,ser,table.numeric_density_bin=low,42,0.5238095238095238,0.5,-0.023809523809523808,-0.004558232944690678,-0.01925129086483313,0.07142857142857142,0.09523809523809523,0.8333333333333334
tablebench,Qwen/Qwen2.5-7B-Instruct,ser.html,ser,table.numeric_density_bin=mid,134,0.266955263277884,0.2603665370138922,-0.006588726263991827,-0.004558232944690678,-0.0020304933193011493,0.12686567164179105,0.11194029850746269,0.7611940298507462
tablebench,Qwen/Qwen2.5-7B-Instruct,ser.html,ser,table.numeric_density_bin=none,1,0.0,0.0,0.0,-0.004558232944690678,0.004558232944690678,0.0,0.0,1.0
tablebench,Qwen/Qwen2.5-7B-Instruct,ser.html,ser,table.rows_bin=11_25,384,0.3414674027810558,0.3295894772674614,-0.011877925513594437,-0.004558232944690678,-0.007319692568903759,0.11458333333333333,0.11979166666666667,0.765625
tablebench,Qwen/Qwen2.5-7B-Instruct,ser.html,ser,table.rows_bin=26_50,130,0.22077164693655682,0.22473245443267983,0.003960807496122984,-0.004558232944690678,0.008519040440813662,0.13846153846153847,0.13846153846153847,0.7230769230769231
tablebench,Qwen/Qwen2.5-7B-Instruct,ser.html,ser,table.rows_bin=6_10,319,0.3041124519142396,0.3048508082808945,0.000738356366654764,-0.004558232944690678,0.005296589311345442,0.12539184952978055,0.15047021943573669,0.7241379310344828
tablebench,Qwen/Qwen2.5-7B-Instruct,ser.html,ser,table.rows_bin=gt_50,3,0.6666666666666666,0.6666666666666666,0.0,-0.004558232944690678,0.004558232944690678,0.0,0.0,1.0
tablebench,Qwen/Qwen2.5-7B-Instruct,ser.html,ser,table.shape=balanced,452,0.32198610116248044,0.30618607866018394,-0.015800022502296597,-0.004558232944690678,-0.011241789557605918,0.12168141592920353,0.1261061946902655,0.7522123893805309
tablebench,Qwen/Qwen2.5-7B-Instruct,ser.html,ser,table.shape=tall,4,0.25,0.0,-0.25,-0.004558232944690678,-0.24544176705530932,0.0,0.25,0.75
tablebench,Qwen/Qwen2.5-7B-Instruct,ser.html,ser,table.shape=wide,380,0.295520924223366,0.306918101668831,0.011397177445464875,-0.004558232944690678,0.015955410390155553,0.12368421052631579,0.14210526315789473,0.7342105263157894
tablebench,Qwen/Qwen2.5-7B-Instruct,ser.html,ser,text.has_number,336,0.33367435430211545,0.32071852395746114,-0.012955830344654333,-0.004558232944690678,-0.008397597399963656,0.0625,0.07738095238095238,0.8601190476190477
tablebench,Qwen/Qwen2.5-7B-Instruct,ser.html,ser,text.has_ordinal,39,0.47558446455505277,0.42526223776223776,-0.05032222679281503,-0.004558232944690678,-0.04576399384812435,0.05128205128205128,0.07692307692307693,0.8717948717948718
tablebench,Qwen/Qwen2.5-7B-Instruct,ser.html,ser,text.has_quoted_span,168,0.21881171900788357,0.2210537252253058,0.0022420062174222325,-0.004558232944690678,0.00680023916211291,0.05952380952380952,0.08333333333333333,0.8571428571428571
tablebench,Qwen/Qwen2.5-7B-Instruct,ser.html,ser,text.has_year,170,0.2816644589445453,0.27482362983605735,-0.006840829108487948,-0.004558232944690678,-0.0022825961637972705,0.07058823529411765,0.08235294117647059,0.8470588235294118
tablebench,Qwen/Qwen2.5-7B-Instruct,ser.records,ser,cell.has_comma_number,41,0.4532161596689123,0.37795820287888326,-0.07525795679002907,0.019401565792087166,-0.09465952258211624,0.12195121951219512,0.21951219512195122,0.6585365853658537
tablebench,Qwen/Qwen2.5-7B-Instruct,ser.records,ser,cell.has_date_like,618,0.2962765924251681,0.3266499145832557,0.030373322158087652,0.019401565792087166,0.010971756366000486,0.16019417475728157,0.11326860841423948,0.7265372168284789
tablebench,Qwen/Qwen2.5-7B-Instruct,ser.records,ser,cell.has_numeric_range,127,0.25528515139569213,0.2998291509301775,0.04454399953448525,0.019401565792087166,0.025142433742398083,0.18110236220472442,0.13385826771653545,0.6850393700787402
tablebench,Qwen/Qwen2.5-7B-Instruct,ser.records,ser,cell.has_percent,75,0.21459930719042153,0.25448337756090034,0.039884070370478766,0.019401565792087166,0.0204825045783916,0.17333333333333334,0.05333333333333334,0.7733333333333333
tablebench,Qwen/Qwen2.5-7B-Instruct,ser.records,ser,cell.has_score_surface,29,0.3543400713436385,0.46360910453863974,0.10926903319500124,0.019401565792087166,0.08986746740291407,0.20689655172413793,0.10344827586206896,0.6896551724137931
tablebench,Qwen/Qwen2.5-7B-Instruct,ser.records,ser,cell.missing_value_marker,110,0.31183395568172917,0.3192029206722669,0.007368964990537794,0.019401565792087166,-0.012032600801549373,0.12727272727272726,0.13636363636363635,0.7363636363636363
tablebench,Qwen/Qwen2.5-7B-Instruct,ser.records,ser,grounding.cell_overlap,400,0.3602515404861317,0.3918549744055333,0.03160343391940165,0.019401565792087166,0.012201868127314486,0.1125,0.08,0.8075
tablebench,Qwen/Qwen2.5-7B-Instruct,ser.records,ser,grounding.header_overlap,734,0.3217612030387408,0.34158930969631823,0.019828106657577577,0.019401565792087166,0.00042654086549041154,0.11444141689373297,0.08583106267029973,0.7997275204359673
tablebench,Qwen/Qwen2.5-7B-Instruct,ser.records,ser,intent.aggregate_noncount,306,0.24793695078903324,0.27836920920031494,0.030432258411281728,0.019401565792087166,0.011030692619194562,0.1111111111111111,0.0718954248366013,0.8169934640522876
tablebench,Qwen/Qwen2.5-7B-Instruct,ser.records,ser,intent.arithmetic,131,0.2913964675649644,0.29422365963561015,0.0028271920706457133,0.019401565792087166,-0.01657437372144145,0.05343511450381679,0.061068702290076333,0.8854961832061069
tablebench,Qwen/Qwen2.5-7B-Instruct,ser.records,ser,intent.comparison,39,0.2564102564102564,0.23076923076923078,-0.02564102564102564,0.019401565792087166,-0.0450425914331128,0.10256410256410256,0.1282051282051282,0.7692307692307693
tablebench,Qwen/Qwen2.5-7B-Instruct,ser.records,ser,intent.count,234,0.336914215798716,0.3640618973093874,0.027147681510671394,0.019401565792087166,0.007746115718584228,0.1282051282051282,0.09401709401709402,0.7777777777777778
tablebench,Qwen/Qwen2.5-7B-Instruct,ser.records,ser,intent.negation_marker,30,0.24347826086956523,0.21025641025641026,-0.03322185061315496,0.019401565792087166,-0.052623416405242124,0.03333333333333333,0.03333333333333333,0.9333333333333333
tablebench,Qwen/Qwen2.5-7B-Instruct,ser.records,ser,intent.superlative_rank,243,0.3979791728979513,0.3928007451835939,-0.005178427714357345,0.019401565792087166,-0.024579993506444513,0.09465020576131687,0.10699588477366255,0.7983539094650206
tablebench,Qwen/Qwen2.5-7B-Instruct,ser.records,ser,intent.temporal,366,0.2924309119121662,0.33407244914444467,0.04164153723227853,0.019401565792087166,0.022239971440191363,0.09562841530054644,0.06284153005464481,0.8415300546448088
tablebench,Qwen/Qwen2.5-7B-Instruct,ser.records,ser,native.tablebench_qsubtype=Aggregation,50,0.18,0.2,0.02,0.019401565792087166,0.0005984342079128346,0.04,0.02,0.94
tablebench,Qwen/Qwen2.5-7B-Instruct,ser.records,ser,native.tablebench_qsubtype=AnomalyDetection,47,0.10134381246219815,0.14504223141684353,0.043698418954645366,0.019401565792087166,0.0242968531625582,0.44680851063829785,0.2978723404255319,0.2553191489361702
tablebench,Qwen/Qwen2.5-7B-Instruct,ser.records,ser,native.tablebench_qsubtype=ArithmeticCalculation,50,0.4,0.44,0.04,0.019401565792087166,0.020598434207912835,0.1,0.06,0.84
tablebench,Qwen/Qwen2.5-7B-Instruct,ser.records,ser,native.tablebench_qsubtype=CausalAnalysis,45,0.23341842737934768,0.2474695161084561,0.014051088729108437,0.019401565792087166,-0.005350477062978729,0.4222222222222222,0.26666666666666666,0.3111111111111111
tablebench,Qwen/Qwen2.5-7B-Instruct,ser.records,ser,native.tablebench_qsubtype=Comparison,50,0.5,0.5,0.0,0.019401565792087166,-0.019401565792087166,0.06,0.06,0.88
tablebench,Qwen/Qwen2.5-7B-Instruct,ser.records,ser,native.tablebench_qsubtype=CorrelationAnalysis,50,0.0,0.0,0.0,0.019401565792087166,-0.019401565792087166,0.0,0.0,1.0
tablebench,Qwen/Qwen2.5-7B-Instruct,ser.records,ser,native.tablebench_qsubtype=Counting,50,0.32,0.3,-0.02,0.019401565792087166,-0.039401565792087166,0.16,0.18,0.66
tablebench,Qwen/Qwen2.5-7B-Instruct,ser.records,ser,native.tablebench_qsubtype=DescriptiveAnalysis,51,0.28566040220639816,0.27651499668692103,-0.009145405519477155,0.019401565792087166,-0.02854697131156432,0.39215686274509803,0.5882352941176471,0.0196078431372549
tablebench,Qwen/Qwen2.5-7B-Instruct,ser.records,ser,native.tablebench_qsubtype=Domain-Specific,49,0.3877551020408163,0.46938775510204084,0.08163265306122448,0.019401565792087166,0.062231087269137314,0.14285714285714285,0.061224489795918366,0.7959183673469388
tablebench,Qwen/Qwen2.5-7B-Instruct,ser.records,ser,native.tablebench_qsubtype=ImpactAnalysis,50,0.1,0.1,0.0,0.019401565792087166,-0.019401565792087166,0.0,0.0,1.0
tablebench,Qwen/Qwen2.5-7B-Instruct,ser.records,ser,native.tablebench_qsubtype=MatchBased,46,0.9130434782608695,0.9347826086956522,0.021739130434782608,0.019401565792087166,0.0023375646426954423,0.043478260869565216,0.021739130434782608,0.9347826086956522
tablebench,Qwen/Qwen2.5-7B-Instruct,ser.records,ser,native.tablebench_qsubtype=Multi-hop FactChecking,50,0.56,0.58,0.02,0.019401565792087166,0.0005984342079128346,0.1,0.08,0.82
tablebench,Qwen/Qwen2.5-7B-Instruct,ser.records,ser,native.tablebench_qsubtype=Multi-hop NumericalReasoing,51,0.21568627450980393,0.21568627450980393,0.0,0.019401565792087166,-0.019401565792087166,0.11764705882352941,0.11764705882352941,0.7647058823529411
tablebench,Qwen/Qwen2.5-7B-Instruct,ser.records,ser,native.tablebench_qsubtype=Ranking,50,0.52,0.56,0.04,0.019401565792087166,0.020598434207912835,0.1,0.06,0.84
tablebench,Qwen/Qwen2.5-7B-Instruct,ser.records,ser,native.tablebench_qsubtype=StatisticalAnalysis,50,0.16,0.12,-0.04,0.019401565792087166,-0.05940156579208716,0.04,0.08,0.88
tablebench,Qwen/Qwen2.5-7B-Instruct,ser.records,ser,native.tablebench_qsubtype=Time-basedCalculation,47,0.2765957446808511,0.40425531914893614,0.1276595744680851,0.019401565792087166,0.10825800867599793,0.2127659574468085,0.0851063829787234,0.7021276595744681
tablebench,Qwen/Qwen2.5-7B-Instruct,ser.records,ser,native.tablebench_qsubtype=TrendForecasting,50,0.14,0.14,0.0,0.019401565792087166,-0.019401565792087166,0.04,0.04,0.92
tablebench,Qwen/Qwen2.5-7B-Instruct,ser.records,ser,native.tablebench_qtype=DataAnalysis,343,0.14529349542367417,0.14593404645045233,0.0006405510267780682,0.019401565792087166,-0.018761014765309097,0.18658892128279883,0.18075801749271136,0.6326530612244898
tablebench,Qwen/Qwen2.5-7B-Instruct,ser.records,ser,native.tablebench_qtype=FactChecking,96,0.7291666666666666,0.75,0.020833333333333332,0.019401565792087166,0.0014317675412461664,0.07291666666666667,0.052083333333333336,0.875
tablebench,Qwen/Qwen2.5-7B-Instruct,ser.records,ser,native.tablebench_qtype=NumericalReasoning,397,0.3501259445843829,0.3853904282115869,0.03526448362720403,0.019401565792087166,0.015862917835116865,0.11586901763224182,0.08060453400503778,0.8035264483627204
tablebench,Qwen/Qwen2.5-7B-Instruct,ser.records,ser,schema.has_date_col,298,0.31315465390086217,0.3618458466311002,0.04869119273023817,0.019401565792087166,0.029289626938151004,0.15771812080536912,0.09060402684563758,0.7516778523489933
tablebench,Qwen/Qwen2.5-7B-Instruct,ser.records,ser,schema.has_rank_col,255,0.32843095204913986,0.36498693835920837,0.03655598631006851,0.019401565792087166,0.017154420517981345,0.14901960784313725,0.09019607843137255,0.7607843137254902
tablebench,Qwen/Qwen2.5-7B-Instruct,ser.records,ser,schema.has_score_col,107,0.3826388940634405,0.38758501478544893,0.00494612072200849,0.019401565792087166,-0.014455445070078676,0.11214953271028037,0.09345794392523364,0.794392523364486
tablebench,Qwen/Qwen2.5-7B-Instruct,ser.records,ser,schema.has_unit_col,251,0.27067580868108093,0.2847364639165461,0.014060655235465175,0.019401565792087166,-0.005340910556621991,0.1593625498007968,0.12350597609561753,0.7171314741035857
tablebench,Qwen/Qwen2.5-7B-Instruct,ser.records,ser,schema.header_repetition_marker,28,0.237374138305873,0.1648549798875119,-0.07251915841836111,0.019401565792087166,-0.09192072421044828,0.07142857142857142,0.2857142857142857,0.6428571428571429
tablebench,Qwen/Qwen2.5-7B-Instruct,ser.records,ser,table.cols_bin=4_6,523,0.3211855109068761,0.33207243023105504,0.010886919324179073,0.019401565792087166,-0.008514646467908093,0.12810707456978968,0.1147227533460803,0.7571701720841301
tablebench,Qwen/Qwen2.5-7B-Instruct,ser.records,ser,table.cols_bin=7_10,263,0.29255721091319653,0.33714701174439304,0.04458980083119667,0.019401565792087166,0.025188235039109507,0.17870722433460076,0.11787072243346007,0.7034220532319392
tablebench,Qwen/Qwen2.5-7B-Instruct,ser.records,ser,table.cols_bin=gt_10,50,0.2782620051170684,0.2542366566577583,-0.02402534845931004,0.019401565792087166,-0.043426914251397206,0.06,0.16,0.78
tablebench,Qwen/Qwen2.5-7B-Instruct,ser.records,ser,table.numeric_cols_bin=0,1,0.0,0.0,0.0,0.019401565792087166,-0.019401565792087166,0.0,0.0,1.0
tablebench,Qwen/Qwen2.5-7B-Instruct,ser.records,ser,table.numeric_cols_bin=1,42,0.5238095238095238,0.5476190476190477,0.023809523809523808,0.019401565792087166,0.004407958017436642,0.09523809523809523,0.07142857142857142,0.8333333333333334
tablebench,Qwen/Qwen2.5-7B-Instruct,ser.records,ser,table.numeric_cols_bin=2_3,179,0.34171808558699013,0.34671982888148495,0.005001743294494839,0.019401565792087166,-0.014399822497592328,0.16201117318435754,0.11731843575418995,0.7206703910614525
tablebench,Qwen/Qwen2.5-7B-Instruct,ser.records,ser,table.numeric_cols_bin=ge_4,614,0.2861044488766272,0.3094340856070348,0.023329636730407652,0.019401565792087166,0.003928070938320486,0.13680781758957655,0.12214983713355049,0.741042345276873
tablebench,Qwen/Qwen2.5-7B-Instruct,ser.records,ser,table.numeric_density_bin=high,659,0.3051041937042244,0.3175209992570075,0.012416805552783168,0.019401565792087166,-0.006984760239303998,0.13505311077389984,0.12139605462822459,0.7435508345978755
tablebench,Qwen/Qwen2.5-7B-Instruct,ser.records,ser,table.numeric_density_bin=low,42,0.5238095238095238,0.5476190476190477,0.023809523809523808,0.019401565792087166,0.004407958017436642,0.09523809523809523,0.07142857142857142,0.8333333333333334
tablebench,Qwen/Qwen2.5-7B-Instruct,ser.records,ser,table.numeric_density_bin=mid,134,0.266955263277884,0.3194704434487853,0.05251518017090127,0.019401565792087166,0.033113614378814105,0.1791044776119403,0.11940298507462686,0.7014925373134329
tablebench,Qwen/Qwen2.5-7B-Instruct,ser.records,ser,table.numeric_density_bin=none,1,0.0,0.0,0.0,0.019401565792087166,-0.019401565792087166,0.0,0.0,1.0
tablebench,Qwen/Qwen2.5-7B-Instruct,ser.records,ser,table.rows_bin=11_25,384,0.3414674027810558,0.3616083334772961,0.020140930696240192,0.019401565792087166,0.000739364904153026,0.13802083333333334,0.10677083333333333,0.7552083333333334
tablebench,Qwen/Qwen2.5-7B-Instruct,ser.records,ser,table.rows_bin=26_50,130,0.22077164693655682,0.22410010591376262,0.003328458977205809,0.019401565792087166,-0.016073106814881357,0.13076923076923078,0.11538461538461539,0.7538461538461538
tablebench,Qwen/Qwen2.5-7B-Instruct,ser.records,ser,table.rows_bin=6_10,319,0.3041124519142396,0.3324914235374116,0.02837897162317206,0.019401565792087166,0.008977405831084893,0.14733542319749215,0.13166144200626959,0.7210031347962382
tablebench,Qwen/Qwen2.5-7B-Instruct,ser.records,ser,table.rows_bin=gt_50,3,0.6666666666666666,0.3333333333333333,-0.3333333333333333,0.019401565792087166,-0.3527348991254205,0.0,0.3333333333333333,0.6666666666666666
tablebench,Qwen/Qwen2.5-7B-Instruct,ser.records,ser,table.shape=balanced,452,0.32198610116248044,0.3266162113600895,0.004630110197609082,0.019401565792087166,-0.014771455594478084,0.13495575221238937,0.1084070796460177,0.7566371681415929
tablebench,Qwen/Qwen2.5-7B-Instruct,ser.records,ser,table.shape=tall,4,0.25,0.0,-0.25,0.019401565792087166,-0.2694015657920872,0.0,0.25,0.75
tablebench,Qwen/Qwen2.5-7B-Instruct,ser.records,ser,table.shape=wide,380,0.295520924223366,0.3353285536782754,0.03980762945490941,0.019401565792087166,0.020406063662822247,0.14736842105263157,0.12894736842105264,0.7236842105263158
tablebench,Qwen/Qwen2.5-7B-Instruct,ser.records,ser,text.has_number,336,0.33367435430211545,0.35387498003326,0.020200625731144572,0.019401565792087166,0.000799059939057406,0.09523809523809523,0.08035714285714286,0.8244047619047619
tablebench,Qwen/Qwen2.5-7B-Instruct,ser.records,ser,text.has_ordinal,39,0.47558446455505277,0.5014083139083139,0.025823849353261118,0.019401565792087166,0.006422283561173952,0.07692307692307693,0.02564102564102564,0.8974358974358975
tablebench,Qwen/Qwen2.5-7B-Instruct,ser.records,ser,text.has_quoted_span,168,0.21881171900788357,0.2660901668111068,0.047278447803223225,0.019401565792087166,0.02787688201113606,0.10119047619047619,0.05952380952380952,0.8392857142857143
tablebench,Qwen/Qwen2.5-7B-Instruct,ser.records,ser,text.has_year,170,0.2816644589445453,0.31614619477214895,0.03448173582760368,0.019401565792087166,0.015080170035516514,0.08235294117647059,0.052941176470588235,0.8647058823529412
wtq,Qwen/Qwen2.5-7B-Instruct,ctx.stats,ctx,cell.has_comma_number,616,0.5487012987012987,0.5665584415584416,0.017857142857142856,0.00023020257826887662,0.01762694027887398,0.1185064935064935,0.10064935064935066,0.7808441558441559
wtq,Qwen/Qwen2.5-7B-Instruct,ctx.stats,ctx,cell.has_currency,116,0.5086206896551724,0.5431034482758621,0.034482758620689655,0.00023020257826887662,0.03425255604242078,0.13793103448275862,0.10344827586206896,0.7586206896551724
wtq,Qwen/Qwen2.5-7B-Instruct,ctx.stats,ctx,cell.has_date_like,3555,0.5718706047819971,0.569901547116737,-0.001969057665260197,0.00023020257826887662,-0.0021992602435290734,0.09620253164556962,0.09817158931082982,0.8056258790436006
wtq,Qwen/Qwen2.5-7B-Instruct,ctx.stats,ctx,cell.has_numeric_range,1367,0.5354791514264814,0.5142648134601316,-0.02121433796634967,0.00023020257826887662,-0.021444540544618546,0.08705193855157278,0.10826627651792246,0.8046817849305048
wtq,Qwen/Qwen2.5-7B-Instruct,ctx.stats,ctx,cell.has_percent,129,0.5658914728682171,0.5813953488372093,0.015503875968992248,0.00023020257826887662,0.015273673390723372,0.10852713178294573,0.09302325581395349,0.7984496124031008
wtq,Qwen/Qwen2.5-7B-Instruct,ctx.stats,ctx,cell.has_score_surface,710,0.5225352112676056,0.5140845070422535,-0.008450704225352112,0.00023020257826887662,-0.008680906803620988,0.09014084507042254,0.09859154929577464,0.8112676056338028
wtq,Qwen/Qwen2.5-7B-Instruct,ctx.stats,ctx,cell.missing_value_marker,2054,0.5662122687439143,0.5540408958130477,-0.012171372930866602,0.00023020257826887662,-0.012401575509135478,0.09201557935735151,0.10418695228821812,0.8037974683544303
wtq,Qwen/Qwen2.5-7B-Instruct,ctx.stats,ctx,grounding.cell_overlap,2790,0.5867383512544803,0.5795698924731183,-0.007168458781362007,0.00023020257826887662,-0.007398661359630884,0.0960573476702509,0.1032258064516129,0.8007168458781362
wtq,Qwen/Qwen2.5-7B-Instruct,ctx.stats,ctx,grounding.header_overlap,2663,0.612467142320691,0.6207285016898235,0.008261359369132557,0.00023020257826887662,0.008031156790863681,0.10214044310927525,0.0938790837401427,0.8039804731505821
wtq,Qwen/Qwen2.5-7B-Instruct,ctx.stats,ctx,intent.aggregate_noncount,488,0.5163934426229508,0.5409836065573771,0.02459016393442623,0.00023020257826887662,0.024359961356157353,0.10450819672131148,0.07991803278688525,0.8155737704918032
wtq,Qwen/Qwen2.5-7B-Instruct,ctx.stats,ctx,intent.arithmetic,150,0.5866666666666667,0.6133333333333333,0.02666666666666667,0.00023020257826887662,0.026436464088397792,0.10666666666666667,0.08,0.8133333333333334
wtq,Qwen/Qwen2.5-7B-Instruct,ctx.stats,ctx,intent.comparison,148,0.47297297297297297,0.5135135135135135,0.04054054054054054,0.00023020257826887662,0.04031033796227167,0.12837837837837837,0.08783783783783784,0.7837837837837838
wtq,Qwen/Qwen2.5-7B-Instruct,ctx.stats,ctx,intent.count,1718,0.46740395809080326,0.4551804423748545,-0.012223515715948778,0.00023020257826887662,-0.012453718294217654,0.10535506402793947,0.11757857974388825,0.7770663562281723
wtq,Qwen/Qwen2.5-7B-Instruct,ctx.stats,ctx,intent.negation_marker,183,0.4207650273224044,0.46994535519125685,0.04918032786885246,0.00023020257826887662,0.04895012529058358,0.14207650273224043,0.09289617486338798,0.7650273224043715
wtq,Qwen/Qwen2.5-7B-Instruct,ctx.stats,ctx,intent.superlative_rank,1368,0.6337719298245614,0.6476608187134503,0.013888888888888888,0.00023020257826887662,0.013658686310620012,0.10599415204678363,0.09210526315789473,0.8019005847953217
wtq,Qwen/Qwen2.5-7B-Instruct,ctx.stats,ctx,intent.temporal,1397,0.6020042949176807,0.6034359341445955,0.0014316392269148174,0.00023020257826887662,0.0012014366486459407,0.09305654974946313,0.09162491052254831,0.8153185397279885
wtq,Qwen/Qwen2.5-7B-Instruct,ctx.stats,ctx,schema.has_date_col,2446,0.5674570727718724,0.5678659035159443,0.0004088307440719542,0.00023020257826887662,0.0001786281658030776,0.09525756336876533,0.09484873262469337,0.8098937040065413
wtq,Qwen/Qwen2.5-7B-Instruct,ctx.stats,ctx,schema.has_rank_col,1620,0.6185185185185185,0.6265432098765432,0.008024691358024692,0.00023020257826887662,0.007794488779755815,0.09876543209876543,0.09074074074074075,0.8104938271604938
wtq,Qwen/Qwen2.5-7B-Instruct,ctx.stats,ctx,schema.has_score_col,1181,0.5580016934801016,0.5486875529212532,-0.009314140558848433,0.00023020257826887662,-0.009544343137117309,0.0846740050804403,0.09398814563928874,0.821337849280271
wtq,Qwen/Qwen2.5-7B-Instruct,ctx.stats,ctx,schema.has_unit_col,369,0.6016260162601627,0.6233062330623306,0.02168021680216802,0.00023020257826887662,0.021450014223899146,0.1111111111111111,0.08943089430894309,0.7994579945799458
wtq,Qwen/Qwen2.5-7B-Instruct,ctx.stats,ctx,schema.header_repetition_marker,162,0.43209876543209874,0.4506172839506173,0.018518518518518517,0.00023020257826887662,0.01828831594024964,0.09259259259259259,0.07407407407407407,0.8333333333333334
wtq,Qwen/Qwen2.5-7B-Instruct,ctx.stats,ctx,table.cols_bin=0_3,22,0.7272727272727273,0.7272727272727273,0.0,0.00023020257826887662,-0.00023020257826887662,0.09090909090909091,0.09090909090909091,0.8181818181818182
wtq,Qwen/Qwen2.5-7B-Instruct,ctx.stats,ctx,table.cols_bin=4_6,2894,0.5898410504492052,0.5867311679336559,-0.0031098825155494126,0.00023020257826887662,-0.003340085093818289,0.0967519004837595,0.09986178299930891,0.8033863165169316
wtq,Qwen/Qwen2.5-7B-Instruct,ctx.stats,ctx,table.cols_bin=7_10,1332,0.5442942942942943,0.5518018018018018,0.0075075075075075074,0.00023020257826887662,0.0072773049292386306,0.10135135135135136,0.09384384384384384,0.8048048048048048
wtq,Qwen/Qwen2.5-7B-Instruct,ctx.stats,ctx,table.cols_bin=gt_10,96,0.6145833333333334,0.6145833333333334,0.0,0.00023020257826887662,-0.00023020257826887662,0.125,0.125,0.75
wtq,Qwen/Qwen2.5-7B-Instruct,ctx.stats,ctx,table.numeric_cols_bin=0,823,0.5443499392466585,0.5139732685297691,-0.030376670716889428,0.00023020257826887662,-0.030606873295158304,0.08626974483596597,0.1166464155528554,0.7970838396111786
wtq,Qwen/Qwen2.5-7B-Instruct,ctx.stats,ctx,table.numeric_cols_bin=1,1523,0.5745239658568615,0.5699277741300066,-0.004596191726854892,0.00023020257826887662,-0.004826394305123769,0.09455022980958634,0.09914642153644124,0.8063033486539725
wtq,Qwen/Qwen2.5-7B-Instruct,ctx.stats,ctx,table.numeric_cols_bin=2_3,1246,0.5730337078651685,0.5770465489566613,0.0040128410914927765,0.00023020257826887662,0.0037826385132239,0.09951845906902086,0.09550561797752809,0.804975922953451
wtq,Qwen/Qwen2.5-7B-Instruct,ctx.stats,ctx,table.numeric_cols_bin=ge_4,752,0.625,0.6622340425531915,0.03723404255319149,0.00023020257826887662,0.03700383997492261,0.1196808510638298,0.08244680851063829,0.7978723404255319
wtq,Qwen/Qwen2.5-7B-Instruct,ctx.stats,ctx,table.numeric_density_bin=high,741,0.6383265856950068,0.680161943319838,0.04183535762483131,0.00023020257826887662,0.04160515504656243,0.12550607287449392,0.08367071524966262,0.7908232118758435
wtq,Qwen/Qwen2.5-7B-Instruct,ctx.stats,ctx,table.numeric_density_bin=low,1413,0.5704175513092711,0.56758669497523,-0.0028308563340410475,0.00023020257826887662,-0.003061058912309924,0.0983722576079264,0.10120311394196745,0.8004246284501062
wtq,Qwen/Qwen2.5-7B-Instruct,ctx.stats,ctx,table.numeric_density_bin=mid,1367,0.570592538405267,0.5698610095098756,-0.000731528895391368,0.00023020257826887662,-0.0009617314736602447,0.09217264081931237,0.09290416971470374,0.8149231894659839
wtq,Qwen/Qwen2.5-7B-Instruct,ctx.stats,ctx,table.numeric_density_bin=none,823,0.5443499392466585,0.5139732685297691,-0.030376670716889428,0.00023020257826887662,-0.030606873295158304,0.08626974483596597,0.1166464155528554,0.7970838396111786
wtq,Qwen/Qwen2.5-7B-Instruct,ctx.stats,ctx,table.rows_bin=0_5,7,0.5714285714285714,0.7142857142857143,0.14285714285714285,0.00023020257826887662,0.14262694027887396,0.2857142857142857,0.14285714285714285,0.5714285714285714
wtq,Qwen/Qwen2.5-7B-Instruct,ctx.stats,ctx,table.rows_bin=11_25,2085,0.5774580335731415,0.573621103117506,-0.0038369304556354917,0.00023020257826887662,-0.004067133033904369,0.09640287769784173,0.10023980815347722,0.8033573141486811
wtq,Qwen/Qwen2.5-7B-Instruct,ctx.stats,ctx,table.rows_bin=26_50,751,0.49533954727030627,0.4833555259653795,-0.011984021304926764,0.00023020257826887662,-0.01221422388319564,0.08788282290279627,0.09986684420772303,0.8122503328894807
wtq,Qwen/Qwen2.5-7B-Instruct,ctx.stats,ctx,table.rows_bin=6_10,1187,0.6529064869418703,0.6672283066554339,0.014321819713563605,0.00023020257826887662,0.01409161713529473,0.10867733782645324,0.09435551811288964,0.7969671440606572
wtq,Qwen/Qwen2.5-7B-Instruct,ctx.stats,ctx,table.rows_bin=gt_50,314,0.4840764331210191,0.4840764331210191,0.0,0.00023020257826887662,-0.00023020257826887662,0.09872611464968153,0.09872611464968153,0.802547770700637
wtq,Qwen/Qwen2.5-7B-Instruct,ctx.stats,ctx,table.shape=balanced,2696,0.5608308605341247,0.5526706231454006,-0.008160237388724036,0.00023020257826887662,-0.008390439966992912,0.09050445103857567,0.09866468842729971,0.8108308605341247
wtq,Qwen/Qwen2.5-7B-Instruct,ctx.stats,ctx,table.shape=tall,228,0.5,0.4824561403508772,-0.017543859649122806,0.00023020257826887662,-0.017774062227391682,0.09210526315789473,0.10964912280701754,0.7982456140350878
wtq,Qwen/Qwen2.5-7B-Instruct,ctx.stats,ctx,table.shape=wide,1420,0.6204225352112676,0.6394366197183099,0.019014084507042252,0.00023020257826887662,0.018783881928773376,0.11549295774647887,0.09647887323943662,0.7880281690140845
wtq,Qwen/Qwen2.5-7B-Instruct,ctx.stats,ctx,text.has_number,1189,0.5550883095037847,0.5500420521446594,-0.005046257359125316,0.00023020257826887662,-0.0052764599373941925,0.09671993271656855,0.10176619007569386,0.8015138772077376
wtq,Qwen/Qwen2.5-7B-Instruct,ctx.stats,ctx,text.has_ordinal,636,0.6761006289308176,0.6666666666666666,-0.009433962264150943,0.00023020257826887662,-0.009664164842419819,0.07075471698113207,0.08018867924528301,0.8490566037735849
wtq,Qwen/Qwen2.5-7B-Instruct,ctx.stats,ctx,text.has_quoted_span,99,0.494949494949495,0.5050505050505051,0.010101010101010102,0.00023020257826887662,0.009870807522741226,0.12121212121212122,0.1111111111111111,0.7676767676767676
wtq,Qwen/Qwen2.5-7B-Instruct,ctx.stats,ctx,text.has_year,563,0.61101243339254,0.6039076376554174,-0.007104795737122558,0.00023020257826887662,-0.007334998315391435,0.0941385435168739,0.10124333925399645,0.8046181172291297
wtq,Qwen/Qwen2.5-7B-Instruct,ctx.type,ctx,cell.has_comma_number,616,0.5487012987012987,0.5535714285714286,0.00487012987012987,-0.004143646408839779,0.009013776278969649,0.06818181818181818,0.0633116883116883,0.8685064935064936
wtq,Qwen/Qwen2.5-7B-Instruct,ctx.type,ctx,cell.has_currency,116,0.5086206896551724,0.5258620689655172,0.017241379310344827,-0.004143646408839779,0.021385025719184606,0.07758620689655173,0.0603448275862069,0.8620689655172413
wtq,Qwen/Qwen2.5-7B-Instruct,ctx.type,ctx,cell.has_date_like,3555,0.5718706047819971,0.5648382559774965,-0.007032348804500703,-0.004143646408839779,-0.002888702395660924,0.05485232067510549,0.06188466947960619,0.8832630098452883
wtq,Qwen/Qwen2.5-7B-Instruct,ctx.type,ctx,cell.has_numeric_range,1367,0.5354791514264814,0.5179224579370885,-0.01755669348939283,-0.004143646408839779,-0.013413047080553051,0.04974396488661302,0.06730065837600585,0.8829553767373811
wtq,Qwen/Qwen2.5-7B-Instruct,ctx.type,ctx,cell.has_percent,129,0.5658914728682171,0.5503875968992248,-0.015503875968992248,-0.004143646408839779,-0.011360229560152469,0.05426356589147287,0.06976744186046512,0.875968992248062
wtq,Qwen/Qwen2.5-7B-Instruct,ctx.type,ctx,cell.has_score_surface,710,0.5225352112676056,0.504225352112676,-0.018309859154929577,-0.004143646408839779,-0.014166212746089799,0.056338028169014086,0.07464788732394366,0.8690140845070422
wtq,Qwen/Qwen2.5-7B-Instruct,ctx.type,ctx,cell.missing_value_marker,2054,0.5662122687439143,0.569620253164557,0.0034079844206426485,-0.004143646408839779,0.007551630829482427,0.06475170399221032,0.06134371957156767,0.873904576436222
wtq,Qwen/Qwen2.5-7B-Instruct,ctx.type,ctx,grounding.cell_overlap,2790,0.5867383512544803,0.5767025089605735,-0.01003584229390681,-0.004143646408839779,-0.005892195885067031,0.05734767025089606,0.06738351254480286,0.875268817204301
wtq,Qwen/Qwen2.5-7B-Instruct,ctx.type,ctx,grounding.header_overlap,2663,0.612467142320691,0.6075854299662036,-0.00488171235448742,-0.004143646408839779,-0.0007380659456476413,0.0604581299286519,0.06533984228313931,0.8742020277882088
wtq,Qwen/Qwen2.5-7B-Instruct,ctx.type,ctx,intent.aggregate_noncount,488,0.5163934426229508,0.5245901639344263,0.00819672131147541,-0.004143646408839779,0.012340367720315189,0.06352459016393443,0.055327868852459015,0.8811475409836066
wtq,Qwen/Qwen2.5-7B-Instruct,ctx.type,ctx,intent.arithmetic,150,0.5866666666666667,0.6066666666666667,0.02,-0.004143646408839779,0.02414364640883978,0.07333333333333333,0.05333333333333334,0.8733333333333333
wtq,Qwen/Qwen2.5-7B-Instruct,ctx.type,ctx,intent.comparison,148,0.47297297297297297,0.4864864864864865,0.013513513513513514,-0.004143646408839779,0.017657159922353293,0.0945945945945946,0.08108108108108109,0.8243243243243243
wtq,Qwen/Qwen2.5-7B-Instruct,ctx.type,ctx,intent.count,1718,0.46740395809080326,0.46856810244470315,0.0011641443538998836,-0.004143646408839779,0.005307790762739663,0.06926658905704307,0.0681024447031432,0.8626309662398137
wtq,Qwen/Qwen2.5-7B-Instruct,ctx.type,ctx,intent.negation_marker,183,0.4207650273224044,0.43169398907103823,0.01092896174863388,-0.004143646408839779,0.015072608157473659,0.07650273224043716,0.06557377049180328,0.8579234972677595
wtq,Qwen/Qwen2.5-7B-Instruct,ctx.type,ctx,intent.superlative_rank,1368,0.6337719298245614,0.6359649122807017,0.0021929824561403508,-0.004143646408839779,0.00633662886498013,0.059941520467836254,0.0577485380116959,0.8823099415204678
wtq,Qwen/Qwen2.5-7B-Instruct,ctx.type,ctx,intent.temporal,1397,0.6020042949176807,0.5862562634216177,-0.015748031496062992,-0.004143646408839779,-0.011604385087223213,0.05941302791696493,0.07516105941302792,0.8654259126700071
wtq,Qwen/Qwen2.5-7B-Instruct,ctx.type,ctx,schema.has_date_col,2446,0.5674570727718724,0.5596892886345053,-0.00776778413736713,-0.004143646408839779,-0.003624137728527351,0.05437448896156991,0.06214227309893704,0.883483237939493
wtq,Qwen/Qwen2.5-7B-Instruct,ctx.type,ctx,schema.has_rank_col,1620,0.6185185185185185,0.6135802469135803,-0.0049382716049382715,-0.004143646408839779,-0.0007946251960984927,0.06049382716049383,0.0654320987654321,0.8740740740740741
wtq,Qwen/Qwen2.5-7B-Instruct,ctx.type,ctx,schema.has_score_col,1181,0.5580016934801016,0.5554614733276884,-0.002540220152413209,-0.004143646408839779,0.00160342625642657,0.06096528365791702,0.06350550381033022,0.8755292125317528
wtq,Qwen/Qwen2.5-7B-Instruct,ctx.type,ctx,schema.has_unit_col,369,0.6016260162601627,0.6016260162601627,0.0,-0.004143646408839779,0.004143646408839779,0.056910569105691054,0.056910569105691054,0.8861788617886179
wtq,Qwen/Qwen2.5-7B-Instruct,ctx.type,ctx,schema.header_repetition_marker,162,0.43209876543209874,0.4382716049382716,0.006172839506172839,-0.004143646408839779,0.010316485915012618,0.06790123456790123,0.06172839506172839,0.8703703703703703
wtq,Qwen/Qwen2.5-7B-Instruct,ctx.type,ctx,table.cols_bin=0_3,22,0.7272727272727273,0.6363636363636364,-0.09090909090909091,-0.004143646408839779,-0.08676544450025113,0.0,0.09090909090909091,0.9090909090909091
wtq,Qwen/Qwen2.5-7B-Instruct,ctx.type,ctx,table.cols_bin=4_6,2894,0.5898410504492052,0.5888044229440221,-0.0010366275051831375,-0.004143646408839779,0.0031070189036566413,0.059778852798894264,0.0608154803040774,0.8794056668970284
wtq,Qwen/Qwen2.5-7B-Instruct,ctx.type,ctx,table.cols_bin=7_10,1332,0.5442942942942943,0.53003003003003,-0.014264264264264264,-0.004143646408839779,-0.010120617855424485,0.054804804804804805,0.06906906906906907,0.8761261261261262
wtq,Qwen/Qwen2.5-7B-Instruct,ctx.type,ctx,table.cols_bin=gt_10,96,0.6145833333333334,0.6770833333333334,0.0625,-0.004143646408839779,0.06664364640883978,0.09375,0.03125,0.875
wtq,Qwen/Qwen2.5-7B-Instruct,ctx.type,ctx,table.numeric_cols_bin=0,823,0.5443499392466585,0.5273390036452005,-0.01701093560145808,-0.004143646408839779,-0.0128672891926183,0.038882138517618466,0.05589307411907655,0.905224787363305
wtq,Qwen/Qwen2.5-7B-Instruct,ctx.type,ctx,table.numeric_cols_bin=1,1523,0.5745239658568615,0.5535128036769534,-0.021011162179908074,-0.004143646408839779,-0.016867515771068296,0.04727511490479317,0.06828627708470125,0.8844386080105056
wtq,Qwen/Qwen2.5-7B-Instruct,ctx.type,ctx,table.numeric_cols_bin=2_3,1246,0.5730337078651685,0.5802568218298555,0.0072231139646869984,-0.004143646408839779,0.011366760373526777,0.0666131621187801,0.0593900481540931,0.8739967897271268
wtq,Qwen/Qwen2.5-7B-Instruct,ctx.type,ctx,table.numeric_cols_bin=ge_4,752,0.625,0.6502659574468085,0.02526595744680851,-0.004143646408839779,0.029409603855648288,0.09042553191489362,0.06515957446808511,0.8444148936170213
wtq,Qwen/Qwen2.5-7B-Instruct,ctx.type,ctx,table.numeric_density_bin=high,741,0.6383265856950068,0.6518218623481782,0.01349527665317139,-0.004143646408839779,0.017638923062011168,0.08502024291497975,0.07152496626180836,0.8434547908232118
wtq,Qwen/Qwen2.5-7B-Instruct,ctx.type,ctx,table.numeric_density_bin=low,1413,0.5704175513092711,0.551309271054494,-0.01910828025477707,-0.004143646408839779,-0.01496463384593729,0.04883227176220807,0.06794055201698514,0.8832271762208068
wtq,Qwen/Qwen2.5-7B-Instruct,ctx.type,ctx,table.numeric_density_bin=mid,1367,0.570592538405267,0.5801024140453548,0.009509875640087784,-0.004143646408839779,0.013653522048927563,0.06656912948061448,0.0570592538405267,0.8763716166788588
wtq,Qwen/Qwen2.5-7B-Instruct,ctx.type,ctx,table.numeric_density_bin=none,823,0.5443499392466585,0.5273390036452005,-0.01701093560145808,-0.004143646408839779,-0.0128672891926183,0.038882138517618466,0.05589307411907655,0.905224787363305
wtq,Qwen/Qwen2.5-7B-Instruct,ctx.type,ctx,table.rows_bin=0_5,7,0.5714285714285714,0.5714285714285714,0.0,-0.004143646408839779,0.004143646408839779,0.0,0.0,1.0
wtq,Qwen/Qwen2.5-7B-Instruct,ctx.type,ctx,table.rows_bin=11_25,2085,0.5774580335731415,0.5693045563549161,-0.00815347721822542,-0.004143646408839779,-0.004009830809385641,0.06091127098321343,0.06906474820143885,0.8700239808153477
wtq,Qwen/Qwen2.5-7B-Instruct,ctx.type,ctx,table.rows_bin=26_50,751,0.49533954727030627,0.48868175765645805,-0.006657789613848202,-0.004143646408839779,-0.0025141432050084234,0.05193075898801598,0.05858854860186418,0.8894806924101198
wtq,Qwen/Qwen2.5-7B-Instruct,ctx.type,ctx,table.rows_bin=6_10,1187,0.6529064869418703,0.6604886267902275,0.007582139848357203,-0.004143646408839779,0.011725786257196981,0.060657118786857624,0.05307497893850042,0.8862679022746419
wtq,Qwen/Qwen2.5-7B-Instruct,ctx.type,ctx,table.rows_bin=gt_50,314,0.4840764331210191,0.4681528662420382,-0.01592356687898089,-0.004143646408839779,-0.011779920470141113,0.054140127388535034,0.07006369426751592,0.8757961783439491
wtq,Qwen/Qwen2.5-7B-Instruct,ctx.type,ctx,table.shape=balanced,2696,0.5608308605341247,0.5522997032640949,-0.008531157270029673,-0.004143646408839779,-0.004387510861189894,0.056750741839762614,0.06528189910979229,0.8779673590504451
wtq,Qwen/Qwen2.5-7B-Instruct,ctx.type,ctx,table.shape=tall,228,0.5,0.4649122807017544,-0.03508771929824561,-0.004143646408839779,-0.030944072889405833,0.043859649122807015,0.07894736842105263,0.8771929824561403
wtq,Qwen/Qwen2.5-7B-Instruct,ctx.type,ctx,table.shape=wide,1420,0.6204225352112676,0.6295774647887324,0.009154929577464789,-0.004143646408839779,0.013298575986304568,0.0647887323943662,0.05563380281690141,0.8795774647887324
wtq,Qwen/Qwen2.5-7B-Instruct,ctx.type,ctx,text.has_number,1189,0.5550883095037847,0.5475189234650967,-0.007569386038687973,-0.004143646408839779,-0.003425739629848194,0.06476030277544155,0.07232968881412952,0.862910008410429
wtq,Qwen/Qwen2.5-7B-Instruct,ctx.type,ctx,text.has_ordinal,636,0.6761006289308176,0.660377358490566,-0.015723270440251572,-0.004143646408839779,-0.011579624031411793,0.04559748427672956,0.06132075471698113,0.8930817610062893
wtq,Qwen/Qwen2.5-7B-Instruct,ctx.type,ctx,text.has_quoted_span,99,0.494949494949495,0.48484848484848486,-0.010101010101010102,-0.004143646408839779,-0.005957363692170323,0.04040404040404041,0.050505050505050504,0.9090909090909091
wtq,Qwen/Qwen2.5-7B-Instruct,ctx.type,ctx,text.has_year,563,0.61101243339254,0.6021314387211367,-0.008880994671403197,-0.004143646408839779,-0.004737348262563418,0.06216696269982238,0.07104795737122557,0.866785079928952
wtq,Qwen/Qwen2.5-7B-Instruct,format.json,format,cell.has_comma_number,616,0.5487012987012987,0.46266233766233766,-0.08603896103896104,-0.08701657458563536,0.000977613546674319,0.0698051948051948,0.15584415584415584,0.7743506493506493
wtq,Qwen/Qwen2.5-7B-Instruct,format.json,format,cell.has_currency,116,0.5086206896551724,0.41379310344827586,-0.09482758620689655,-0.08701657458563536,-0.007811011621261188,0.05172413793103448,0.14655172413793102,0.8017241379310345
wtq,Qwen/Qwen2.5-7B-Instruct,format.json,format,cell.has_date_like,3555,0.5718706047819971,0.4860759493670886,-0.08579465541490858,-0.08701657458563536,0.0012219191707267818,0.07144866385372714,0.15724331926863572,0.7713080168776372
wtq,Qwen/Qwen2.5-7B-Instruct,format.json,format,cell.has_numeric_range,1367,0.5354791514264814,0.45720555961960496,-0.07827359180687637,-0.08701657458563536,0.008742982778758984,0.07168983174835405,0.14996342355523043,0.7783467446964155
wtq,Qwen/Qwen2.5-7B-Instruct,format.json,format,cell.has_percent,129,0.5658914728682171,0.4728682170542636,-0.09302325581395349,-0.08701657458563536,-0.006006681228318128,0.06976744186046512,0.16279069767441862,0.7674418604651163
wtq,Qwen/Qwen2.5-7B-Instruct,format.json,format,cell.has_score_surface,710,0.5225352112676056,0.45492957746478874,-0.0676056338028169,-0.08701657458563536,0.019410940782818464,0.08732394366197183,0.15492957746478872,0.7577464788732394
wtq,Qwen/Qwen2.5-7B-Instruct,format.json,format,cell.missing_value_marker,2054,0.5662122687439143,0.47857838364167476,-0.08763388510223953,-0.08701657458563536,-0.000617310516604172,0.07010710808179163,0.15774099318403115,0.7721518987341772
wtq,Qwen/Qwen2.5-7B-Instruct,format.json,format,grounding.cell_overlap,2790,0.5867383512544803,0.4953405017921147,-0.0913978494623656,-0.08701657458563536,-0.0043812748767302345,0.07168458781362007,0.16308243727598568,0.7652329749103942
wtq,Qwen/Qwen2.5-7B-Instruct,format.json,format,grounding.header_overlap,2663,0.612467142320691,0.536237326323695,-0.07622981599699587,-0.08701657458563536,0.010786758588639492,0.07285016898235074,0.1490799849793466,0.7780698460383026
wtq,Qwen/Qwen2.5-7B-Instruct,format.json,format,intent.aggregate_noncount,488,0.5163934426229508,0.4713114754098361,-0.045081967213114756,-0.08701657458563536,0.0419346073725206,0.0778688524590164,0.12295081967213115,0.7991803278688525
wtq,Qwen/Qwen2.5-7B-Instruct,format.json,format,intent.arithmetic,150,0.5866666666666667,0.5666666666666667,-0.02,-0.08701657458563536,0.06701657458563536,0.09333333333333334,0.11333333333333333,0.7933333333333333
wtq,Qwen/Qwen2.5-7B-Instruct,format.json,format,intent.comparison,148,0.47297297297297297,0.2635135135135135,-0.20945945945945946,-0.08701657458563536,-0.1224428848738241,0.060810810810810814,0.2702702702702703,0.668918918918919
wtq,Qwen/Qwen2.5-7B-Instruct,format.json,format,intent.count,1718,0.46740395809080326,0.33993015133876603,-0.12747380675203726,-0.08701657458563536,-0.0404572321664019,0.0640279394644936,0.19150174621653085,0.7444703143189756
wtq,Qwen/Qwen2.5-7B-Instruct,format.json,format,intent.negation_marker,183,0.4207650273224044,0.3224043715846995,-0.09836065573770492,-0.08701657458563536,-0.011344081152069557,0.07650273224043716,0.17486338797814208,0.7486338797814208
wtq,Qwen/Qwen2.5-7B-Instruct,format.json,format,intent.superlative_rank,1368,0.6337719298245614,0.554093567251462,-0.07967836257309942,-0.08701657458563536,0.007338212012535941,0.06798245614035088,0.1476608187134503,0.7843567251461988
wtq,Qwen/Qwen2.5-7B-Instruct,format.json,format,intent.temporal,1397,0.6020042949176807,0.5340014316392269,-0.06800286327845383,-0.08701657458563536,0.019013711307181533,0.07587687902648532,0.14387974230493916,0.7802433786685755
wtq,Qwen/Qwen2.5-7B-Instruct,format.json,format,schema.has_date_col,2446,0.5674570727718724,0.4848732624693377,-0.08258381030253475,-0.08701657458563536,0.004432764283100604,0.07236304170073589,0.15494685200327066,0.7726901062959934
wtq,Qwen/Qwen2.5-7B-Instruct,format.json,format,schema.has_rank_col,1620,0.6185185185185185,0.5450617283950617,-0.0734567901234568,-0.08701657458563536,0.013559784462178565,0.07407407407407407,0.14753086419753086,0.778395061728395
wtq,Qwen/Qwen2.5-7B-Instruct,format.json,format,schema.has_score_col,1181,0.5580016934801016,0.48179508890770534,-0.07620660457239628,-0.08701657458563536,0.010809970013239079,0.07620660457239628,0.15241320914479256,0.7713801862828111
wtq,Qwen/Qwen2.5-7B-Instruct,format.json,format,schema.has_unit_col,369,0.6016260162601627,0.5067750677506775,-0.0948509485094851,-0.08701657458563536,-0.007834373923849738,0.06233062330623306,0.15718157181571815,0.7804878048780488
wtq,Qwen/Qwen2.5-7B-Instruct,format.json,format,schema.header_repetition_marker,162,0.43209876543209874,0.3950617283950617,-0.037037037037037035,-0.08701657458563536,0.049979537548598324,0.07407407407407407,0.1111111111111111,0.8148148148148148
wtq,Qwen/Qwen2.5-7B-Instruct,format.json,format,table.cols_bin=0_3,22,0.7272727272727273,0.6363636363636364,-0.09090909090909091,-0.08701657458563536,-0.0038925163234555527,0.045454545454545456,0.13636363636363635,0.8181818181818182
wtq,Qwen/Qwen2.5-7B-Instruct,format.json,format,table.cols_bin=4_6,2894,0.5898410504492052,0.5038009675190048,-0.08604008293020042,-0.08701657458563536,0.0009764916554349384,0.07256392536281962,0.15860400829302004,0.7688320663441603
wtq,Qwen/Qwen2.5-7B-Instruct,format.json,format,table.cols_bin=7_10,1332,0.5442942942942943,0.46096096096096095,-0.08333333333333333,-0.08701657458563536,0.0036832412523020303,0.07057057057057058,0.1539039039039039,0.7755255255255256
wtq,Qwen/Qwen2.5-7B-Instruct,format.json,format,table.cols_bin=gt_10,96,0.6145833333333334,0.4479166666666667,-0.16666666666666666,-0.08701657458563536,-0.0796500920810313,0.052083333333333336,0.21875,0.7291666666666666
wtq,Qwen/Qwen2.5-7B-Instruct,format.json,format,table.numeric_cols_bin=0,823,0.5443499392466585,0.43013365735115433,-0.11421628189550426,-0.08701657458563536,-0.027199707309868898,0.07533414337788578,0.18955042527339003,0.7351154313487241
wtq,Qwen/Qwen2.5-7B-Instruct,format.json,format,table.numeric_cols_bin=1,1523,0.5745239658568615,0.48588312541037426,-0.08864084044648719,-0.08701657458563536,-0.001624265860851834,0.07288246881155613,0.16152330925804334,0.7655942219304005
wtq,Qwen/Qwen2.5-7B-Instruct,format.json,format,table.numeric_cols_bin=2_3,1246,0.5730337078651685,0.5008025682182986,-0.07223113964686999,-0.08701657458563536,0.014785434938765371,0.06741573033707865,0.13964686998394862,0.7929373996789727
wtq,Qwen/Qwen2.5-7B-Instruct,format.json,format,table.numeric_cols_bin=ge_4,752,0.625,0.5465425531914894,-0.07845744680851063,-0.08701657458563536,0.008559127777124725,0.07047872340425532,0.14893617021276595,0.7805851063829787
wtq,Qwen/Qwen2.5-7B-Instruct,format.json,format,table.numeric_density_bin=high,741,0.6383265856950068,0.5614035087719298,-0.07692307692307693,-0.08701657458563536,0.010093497662558432,0.07017543859649122,0.14709851551956815,0.7827260458839406
wtq,Qwen/Qwen2.5-7B-Instruct,format.json,format,table.numeric_density_bin=low,1413,0.5704175513092711,0.4826610049539986,-0.08775654635527247,-0.08701657458563536,-0.00073997176963711,0.07077140835102619,0.15852795470629866,0.7707006369426752
wtq,Qwen/Qwen2.5-7B-Instruct,format.json,format,table.numeric_density_bin=mid,1367,0.570592538405267,0.4952450621799561,-0.0753474762253109,-0.08701657458563536,0.011669098360324454,0.07022677395757132,0.14557425018288223,0.7841989758595465
wtq,Qwen/Qwen2.5-7B-Instruct,format.json,format,table.numeric_density_bin=none,823,0.5443499392466585,0.43013365735115433,-0.11421628189550426,-0.08701657458563536,-0.027199707309868898,0.07533414337788578,0.18955042527339003,0.7351154313487241
wtq,Qwen/Qwen2.5-7B-Instruct,format.json,format,table.rows_bin=0_5,7,0.5714285714285714,0.5714285714285714,0.0,-0.08701657458563536,0.08701657458563536,0.2857142857142857,0.2857142857142857,0.42857142857142855
wtq,Qwen/Qwen2.5-7B-Instruct,format.json,format,table.rows_bin=11_25,2085,0.5774580335731415,0.4949640287769784,-0.08249400479616308,-0.08701657458563536,0.004522569789472283,0.07290167865707434,0.1553956834532374,0.7717026378896883
wtq,Qwen/Qwen2.5-7B-Instruct,format.json,format,table.rows_bin=26_50,751,0.49533954727030627,0.4021304926764314,-0.09320905459387484,-0.08701657458563536,-0.006192480008239479,0.06391478029294274,0.15712383488681758,0.7789613848202397
wtq,Qwen/Qwen2.5-7B-Instruct,format.json,format,table.rows_bin=6_10,1187,0.6529064869418703,0.5551811288963774,-0.09772535804549284,-0.08701657458563536,-0.010708783459857485,0.07076663858466722,0.16849199663016007,0.7607413647851727
wtq,Qwen/Qwen2.5-7B-Instruct,format.json,format,table.rows_bin=gt_50,314,0.4840764331210191,0.42038216560509556,-0.06369426751592357,-0.08701657458563536,0.023322307069711792,0.07643312101910828,0.14012738853503184,0.7834394904458599
wtq,Qwen/Qwen2.5-7B-Instruct,format.json,format,table.shape=balanced,2696,0.5608308605341247,0.4755192878338279,-0.08531157270029674,-0.08701657458563536,0.0017050018853386195,0.06713649851632048,0.15244807121661721,0.7804154302670623
wtq,Qwen/Qwen2.5-7B-Instruct,format.json,format,table.shape=tall,228,0.5,0.42105263157894735,-0.07894736842105263,-0.08701657458563536,0.008069206164582732,0.07017543859649122,0.14912280701754385,0.7807017543859649
wtq,Qwen/Qwen2.5-7B-Instruct,format.json,format,table.shape=wide,1420,0.6204225352112676,0.5288732394366197,-0.09154929577464789,-0.08701657458563536,-0.004532721189012531,0.0795774647887324,0.17112676056338028,0.7492957746478873
wtq,Qwen/Qwen2.5-7B-Instruct,format.json,format,text.has_number,1189,0.5550883095037847,0.4213624894869638,-0.13372582001682085,-0.08701657458563536,-0.04670924543118549,0.056349873843566024,0.1900756938603869,0.7535744322960471
wtq,Qwen/Qwen2.5-7B-Instruct,format.json,format,text.has_ordinal,636,0.6761006289308176,0.6257861635220126,-0.050314465408805034,-0.08701657458563536,0.036702109176830325,0.08018867924528301,0.13050314465408805,0.789308176100629
wtq,Qwen/Qwen2.5-7B-Instruct,format.json,format,text.has_quoted_span,99,0.494949494949495,0.45454545454545453,-0.04040404040404041,-0.08701657458563536,0.04661253418159495,0.12121212121212122,0.16161616161616163,0.7171717171717171
wtq,Qwen/Qwen2.5-7B-Instruct,format.json,format,text.has_year,563,0.61101243339254,0.5062166962699822,-0.10479573712255773,-0.08701657458563536,-0.01777916253692237,0.0586145648312611,0.16341030195381884,0.7779751332149201
wtq,Qwen/Qwen2.5-7B-Instruct,reason.critique_revise,reason,cell.has_comma_number,616,0.5487012987012987,0.5795454545454546,0.030844155844155844,0.002992633517495396,0.02785152232666045,0.10064935064935066,0.0698051948051948,0.8295454545454546
wtq,Qwen/Qwen2.5-7B-Instruct,reason.critique_revise,reason,cell.has_currency,116,0.5086206896551724,0.5862068965517241,0.07758620689655173,0.002992633517495396,0.07459357337905632,0.13793103448275862,0.0603448275862069,0.8017241379310345
wtq,Qwen/Qwen2.5-7B-Instruct,reason.critique_revise,reason,cell.has_date_like,3555,0.5718706047819971,0.5690576652601969,-0.0028129395218002813,0.002992633517495396,-0.0058055730392956775,0.07735583684950774,0.08016877637130802,0.8424753867791842
wtq,Qwen/Qwen2.5-7B-Instruct,reason.critique_revise,reason,cell.has_numeric_range,1367,0.5354791514264814,0.5369422092172641,0.001463057790782736,0.002992633517495396,-0.0015295757267126601,0.08266276517922458,0.08119970738844184,0.8361375274323336
wtq,Qwen/Qwen2.5-7B-Instruct,reason.critique_revise,reason,cell.has_percent,129,0.5658914728682171,0.5503875968992248,-0.015503875968992248,0.002992633517495396,-0.018496509486487643,0.07751937984496124,0.09302325581395349,0.8294573643410853
wtq,Qwen/Qwen2.5-7B-Instruct,reason.critique_revise,reason,cell.has_score_surface,710,0.5225352112676056,0.523943661971831,0.0014084507042253522,0.002992633517495396,-0.001584182813270044,0.08873239436619719,0.08732394366197183,0.823943661971831
wtq,Qwen/Qwen2.5-7B-Instruct,reason.critique_revise,reason,cell.missing_value_marker,2054,0.5662122687439143,0.5632911392405063,-0.0029211295034079843,0.002992633517495396,-0.00591376302090338,0.07497565725413827,0.07789678675754626,0.8471275559883155
wtq,Qwen/Qwen2.5-7B-Instruct,reason.critique_revise,reason,grounding.cell_overlap,2790,0.5867383512544803,0.578853046594982,-0.007885304659498209,0.002992633517495396,-0.010877938176993604,0.07634408602150537,0.08422939068100359,0.839426523297491
wtq,Qwen/Qwen2.5-7B-Instruct,reason.critique_revise,reason,grounding.header_overlap,2663,0.612467142320691,0.6207285016898235,0.008261359369132557,0.002992633517495396,0.005268725851637161,0.08073601201652272,0.07247465264739016,0.8467893353360871
wtq,Qwen/Qwen2.5-7B-Instruct,reason.critique_revise,reason,intent.aggregate_noncount,488,0.5163934426229508,0.5512295081967213,0.03483606557377049,0.002992633517495396,0.031843432056275094,0.07581967213114754,0.040983606557377046,0.8831967213114754
wtq,Qwen/Qwen2.5-7B-Instruct,reason.critique_revise,reason,intent.arithmetic,150,0.5866666666666667,0.64,0.05333333333333334,0.002992633517495396,0.05034069981583794,0.1,0.04666666666666667,0.8533333333333334
wtq,Qwen/Qwen2.5-7B-Instruct,reason.critique_revise,reason,intent.comparison,148,0.47297297297297297,0.527027027027027,0.05405405405405406,0.002992633517495396,0.05106142053655866,0.12837837837837837,0.07432432432432433,0.7972972972972973
wtq,Qwen/Qwen2.5-7B-Instruct,reason.critique_revise,reason,intent.count,1718,0.46740395809080326,0.4662398137369034,-0.0011641443538998836,0.002992633517495396,-0.004156777871395279,0.08847497089639116,0.08963911525029103,0.8218859138533178
wtq,Qwen/Qwen2.5-7B-Instruct,reason.critique_revise,reason,intent.negation_marker,183,0.4207650273224044,0.45901639344262296,0.03825136612021858,0.002992633517495396,0.035258732602723185,0.12021857923497267,0.08196721311475409,0.7978142076502732
wtq,Qwen/Qwen2.5-7B-Instruct,reason.critique_revise,reason,intent.superlative_rank,1368,0.6337719298245614,0.6425438596491229,0.008771929824561403,0.002992633517495396,0.005779296307066007,0.07967836257309942,0.07090643274853801,0.8494152046783626
wtq,Qwen/Qwen2.5-7B-Instruct,reason.critique_revise,reason,intent.temporal,1397,0.6020042949176807,0.6198997852541159,0.01789549033643522,0.002992633517495396,0.014902856818939825,0.08661417322834646,0.06871868289191124,0.8446671438797423
wtq,Qwen/Qwen2.5-7B-Instruct,reason.critique_revise,reason,schema.has_date_col,2446,0.5674570727718724,0.5637775960752248,-0.003679476696647588,0.002992633517495396,-0.006672110214142984,0.07604251839738348,0.07972199509403106,0.8442354865085855
wtq,Qwen/Qwen2.5-7B-Instruct,reason.critique_revise,reason,schema.has_rank_col,1620,0.6185185185185185,0.6141975308641975,-0.004320987654320987,0.002992633517495396,-0.007313621171816383,0.07469135802469136,0.07901234567901234,0.8462962962962963
wtq,Qwen/Qwen2.5-7B-Instruct,reason.critique_revise,reason,schema.has_score_col,1181,0.5580016934801016,0.5571549534292972,-0.000846740050804403,0.002992633517495396,-0.0038393735682997992,0.08128704487722269,0.0821337849280271,0.8365791701947503
wtq,Qwen/Qwen2.5-7B-Instruct,reason.critique_revise,reason,schema.has_unit_col,369,0.6016260162601627,0.6205962059620597,0.018970189701897018,0.002992633517495396,0.015977556184401623,0.07588075880758807,0.056910569105691054,0.8672086720867209
wtq,Qwen/Qwen2.5-7B-Instruct,reason.critique_revise,reason,schema.header_repetition_marker,162,0.43209876543209874,0.4567901234567901,0.024691358024691357,0.002992633517495396,0.02169872450719596,0.08641975308641975,0.06172839506172839,0.8518518518518519
wtq,Qwen/Qwen2.5-7B-Instruct,reason.critique_revise,reason,table.cols_bin=0_3,22,0.7272727272727273,0.6363636363636364,-0.09090909090909091,0.002992633517495396,-0.09390172442658631,0.0,0.09090909090909091,0.9090909090909091
wtq,Qwen/Qwen2.5-7B-Instruct,reason.critique_revise,reason,table.cols_bin=4_6,2894,0.5898410504492052,0.5946786454733932,0.0048375950241879755,0.002992633517495396,0.0018449615066925794,0.07878369039391846,0.07394609536973047,0.8472702142363511
wtq,Qwen/Qwen2.5-7B-Instruct,reason.critique_revise,reason,table.cols_bin=7_10,1332,0.5442942942942943,0.5427927927927928,-0.0015015015015015015,0.002992633517495396,-0.004494135018996898,0.08183183183183183,0.08333333333333333,0.8348348348348348
wtq,Qwen/Qwen2.5-7B-Instruct,reason.critique_revise,reason,table.cols_bin=gt_10,96,0.6145833333333334,0.6458333333333334,0.03125,0.002992633517495396,0.028257366482504605,0.10416666666666667,0.07291666666666667,0.8229166666666666
wtq,Qwen/Qwen2.5-7B-Instruct,reason.critique_revise,reason,table.numeric_cols_bin=0,823,0.5443499392466585,0.520048602673147,-0.024301336573511544,0.002992633517495396,-0.02729397009100694,0.08140947752126367,0.10571081409477522,0.8128797083839611
wtq,Qwen/Qwen2.5-7B-Instruct,reason.critique_revise,reason,table.numeric_cols_bin=1,1523,0.5745239658568615,0.5633617859487853,-0.011162179908076166,0.002992633517495396,-0.014154813425571563,0.0695994747209455,0.08076165462902167,0.8496388706500329
wtq,Qwen/Qwen2.5-7B-Instruct,reason.critique_revise,reason,table.numeric_cols_bin=2_3,1246,0.5730337078651685,0.5922953451043339,0.019261637239165328,0.002992633517495396,0.016269003721669933,0.08186195826645265,0.06260032102728733,0.85553772070626
wtq,Qwen/Qwen2.5-7B-Instruct,reason.critique_revise,reason,table.numeric_cols_bin=ge_4,752,0.625,0.6595744680851063,0.034574468085106384,0.002992633517495396,0.03158183456761099,0.09574468085106383,0.061170212765957445,0.8430851063829787
wtq,Qwen/Qwen2.5-7B-Instruct,reason.critique_revise,reason,table.numeric_density_bin=high,741,0.6383265856950068,0.6815114709851552,0.043184885290148446,0.002992633517495396,0.04019225177265305,0.09986504723346828,0.05668016194331984,0.8434547908232118
wtq,Qwen/Qwen2.5-7B-Instruct,reason.critique_revise,reason,table.numeric_density_bin=low,1413,0.5704175513092711,0.5640481245576787,-0.006369426751592357,0.002992633517495396,-0.009362060269087754,0.07360226468506724,0.0799716914366596,0.8464260438782731
wtq,Qwen/Qwen2.5-7B-Instruct,reason.critique_revise,reason,table.numeric_density_bin=mid,1367,0.570592538405267,0.5779078273591807,0.0073152889539136795,0.002992633517495396,0.004322655436418283,0.07461594732991954,0.06730065837600585,0.8580833942940747
wtq,Qwen/Qwen2.5-7B-Instruct,reason.critique_revise,reason,table.numeric_density_bin=none,823,0.5443499392466585,0.520048602673147,-0.024301336573511544,0.002992633517495396,-0.02729397009100694,0.08140947752126367,0.10571081409477522,0.8128797083839611
wtq,Qwen/Qwen2.5-7B-Instruct,reason.critique_revise,reason,table.rows_bin=0_5,7,0.5714285714285714,0.2857142857142857,-0.2857142857142857,0.002992633517495396,-0.2887069192317811,0.0,0.2857142857142857,0.7142857142857143
wtq,Qwen/Qwen2.5-7B-Instruct,reason.critique_revise,reason,table.rows_bin=11_25,2085,0.5774580335731415,0.5856115107913669,0.00815347721822542,0.002992633517495396,0.0051608437007300235,0.08393285371702638,0.07577937649880095,0.8402877697841726
wtq,Qwen/Qwen2.5-7B-Instruct,reason.critique_revise,reason,table.rows_bin=26_50,751,0.49533954727030627,0.4940079893475366,-0.0013315579227696406,0.002992633517495396,-0.004324191440265037,0.0758988015978695,0.07723035952063914,0.8468708388814914
wtq,Qwen/Qwen2.5-7B-Instruct,reason.critique_revise,reason,table.rows_bin=6_10,1187,0.6529064869418703,0.6520640269587195,-0.0008424599831508003,0.002992633517495396,-0.0038350935006461963,0.07666385846672283,0.07750631844987363,0.8458298230834035
wtq,Qwen/Qwen2.5-7B-Instruct,reason.critique_revise,reason,table.rows_bin=gt_50,314,0.4840764331210191,0.4840764331210191,0.0,0.002992633517495396,-0.002992633517495396,0.07643312101910828,0.07643312101910828,0.8471337579617835
wtq,Qwen/Qwen2.5-7B-Instruct,reason.critique_revise,reason,table.shape=balanced,2696,0.5608308605341247,0.5663946587537092,0.00556379821958457,0.002992633517495396,0.002571164702089174,0.08011869436201781,0.07455489614243324,0.8453264094955489
wtq,Qwen/Qwen2.5-7B-Instruct,reason.critique_revise,reason,table.shape=tall,228,0.5,0.5087719298245614,0.008771929824561403,0.002992633517495396,0.005779296307066007,0.08771929824561403,0.07894736842105263,0.8333333333333334
wtq,Qwen/Qwen2.5-7B-Instruct,reason.critique_revise,reason,table.shape=wide,1420,0.6204225352112676,0.6176056338028169,-0.0028169014084507044,0.002992633517495396,-0.005809534925946101,0.07816901408450705,0.08098591549295775,0.8408450704225352
wtq,Qwen/Qwen2.5-7B-Instruct,reason.critique_revise,reason,text.has_number,1189,0.5550883095037847,0.5668629100084104,0.011774600504625737,0.002992633517495396,0.008781966987130341,0.08746846089150546,0.07569386038687972,0.8368376787216149
wtq,Qwen/Qwen2.5-7B-Instruct,reason.critique_revise,reason,text.has_ordinal,636,0.6761006289308176,0.6792452830188679,0.0031446540880503146,0.002992633517495396,0.00015202057055491852,0.07389937106918239,0.07075471698113207,0.8553459119496856
wtq,Qwen/Qwen2.5-7B-Instruct,reason.critique_revise,reason,text.has_quoted_span,99,0.494949494949495,0.5555555555555556,0.06060606060606061,0.002992633517495396,0.05761342708856521,0.13131313131313133,0.0707070707070707,0.797979797979798
wtq,Qwen/Qwen2.5-7B-Instruct,reason.critique_revise,reason,text.has_year,563,0.61101243339254,0.6358792184724689,0.02486678507992895,0.002992633517495396,0.021874151562433556,0.0941385435168739,0.06927175843694494,0.8365896980461812
wtq,Qwen/Qwen2.5-7B-Instruct,reason.decompose,reason,cell.has_comma_number,616,0.5487012987012987,0.5876623376623377,0.03896103896103896,0.011049723756906077,0.027911315204132883,0.10714285714285714,0.06818181818181818,0.8246753246753247
wtq,Qwen/Qwen2.5-7B-Instruct,reason.decompose,reason,cell.has_currency,116,0.5086206896551724,0.5172413793103449,0.008620689655172414,0.011049723756906077,-0.002429034101733663,0.09482758620689655,0.08620689655172414,0.8189655172413793
wtq,Qwen/Qwen2.5-7B-Instruct,reason.decompose,reason,cell.has_date_like,3555,0.5718706047819971,0.5749648382559776,0.0030942334739803095,0.011049723756906077,-0.007955490282925767,0.08635724331926864,0.08326300984528832,0.830379746835443
wtq,Qwen/Qwen2.5-7B-Instruct,reason.decompose,reason,cell.has_numeric_range,1367,0.5354791514264814,0.5391367959034382,0.0036576444769568397,0.011049723756906077,-0.007392079279949237,0.091441111923921,0.08778346744696415,0.8207754206291149
wtq,Qwen/Qwen2.5-7B-Instruct,reason.decompose,reason,cell.has_percent,129,0.5658914728682171,0.49612403100775193,-0.06976744186046512,0.011049723756906077,-0.08081716561737119,0.06201550387596899,0.13178294573643412,0.8062015503875969
wtq,Qwen/Qwen2.5-7B-Instruct,reason.decompose,reason,cell.has_score_surface,710,0.5225352112676056,0.532394366197183,0.009859154929577466,0.011049723756906077,-0.0011905688273286114,0.10140845070422536,0.09154929577464789,0.8070422535211268
wtq,Qwen/Qwen2.5-7B-Instruct,reason.decompose,reason,cell.missing_value_marker,2054,0.5662122687439143,0.578383641674781,0.012171372930866602,0.011049723756906077,0.0011216491739605254,0.09201557935735151,0.0798442064264849,0.8281402142161636
wtq,Qwen/Qwen2.5-7B-Instruct,reason.decompose,reason,grounding.cell_overlap,2790,0.5867383512544803,0.5946236559139785,0.007885304659498209,0.011049723756906077,-0.003164419097407868,0.09211469534050179,0.08422939068100359,0.8236559139784946
wtq,Qwen/Qwen2.5-7B-Instruct,reason.decompose,reason,grounding.header_overlap,2663,0.612467142320691,0.6241081487044686,0.011641006383777694,0.011049723756906077,0.0005912826268716174,0.08711978971085242,0.07547878332707472,0.8374014269620729
wtq,Qwen/Qwen2.5-7B-Instruct,reason.decompose,reason,intent.aggregate_noncount,488,0.5163934426229508,0.5676229508196722,0.05122950819672131,0.011049723756906077,0.040179784439815236,0.10040983606557377,0.04918032786885246,0.8504098360655737
wtq,Qwen/Qwen2.5-7B-Instruct,reason.decompose,reason,intent.arithmetic,150,0.5866666666666667,0.6266666666666667,0.04,0.011049723756906077,0.028950276243093924,0.11333333333333333,0.07333333333333333,0.8133333333333334
wtq,Qwen/Qwen2.5-7B-Instruct,reason.decompose,reason,intent.comparison,148,0.47297297297297297,0.5067567567567568,0.033783783783783786,0.011049723756906077,0.02273406002687771,0.10810810810810811,0.07432432432432433,0.8175675675675675
wtq,Qwen/Qwen2.5-7B-Instruct,reason.decompose,reason,intent.count,1718,0.46740395809080326,0.4889406286379511,0.021536670547147845,0.011049723756906077,0.010486946790241768,0.110011641443539,0.08847497089639116,0.8015133876600699
wtq,Qwen/Qwen2.5-7B-Instruct,reason.decompose,reason,intent.negation_marker,183,0.4207650273224044,0.4918032786885246,0.07103825136612021,0.011049723756906077,0.05998852760921414,0.13114754098360656,0.060109289617486336,0.8087431693989071
wtq,Qwen/Qwen2.5-7B-Instruct,reason.decompose,reason,intent.superlative_rank,1368,0.6337719298245614,0.6330409356725146,-0.0007309941520467836,0.011049723756906077,-0.01178071790895286,0.0847953216374269,0.08552631578947369,0.8296783625730995
wtq,Qwen/Qwen2.5-7B-Instruct,reason.decompose,reason,intent.temporal,1397,0.6020042949176807,0.6134574087329993,0.01145311381531854,0.011049723756906077,0.00040339005841246237,0.09520400858983537,0.08375089477451682,0.8210450966356478
wtq,Qwen/Qwen2.5-7B-Instruct,reason.decompose,reason,schema.has_date_col,2446,0.5674570727718724,0.5727718724448079,0.005314799672935405,0.011049723756906077,-0.005734924083970672,0.08871627146361406,0.08340147179067865,0.8278822567457073
wtq,Qwen/Qwen2.5-7B-Instruct,reason.decompose,reason,schema.has_rank_col,1620,0.6185185185185185,0.6358024691358025,0.01728395061728395,0.011049723756906077,0.006234226860377872,0.09074074074074075,0.0734567901234568,0.8358024691358025
wtq,Qwen/Qwen2.5-7B-Instruct,reason.decompose,reason,schema.has_score_col,1181,0.5580016934801016,0.5715495342929721,0.013547840812870448,0.011049723756906077,0.0024981170559643714,0.09483488569009314,0.08128704487722269,0.8238780694326842
wtq,Qwen/Qwen2.5-7B-Instruct,reason.decompose,reason,schema.has_unit_col,369,0.6016260162601627,0.6205962059620597,0.018970189701897018,0.011049723756906077,0.007920465944990941,0.08401084010840108,0.06504065040650407,0.8509485094850948
wtq,Qwen/Qwen2.5-7B-Instruct,reason.decompose,reason,schema.header_repetition_marker,162,0.43209876543209874,0.43209876543209874,0.0,0.011049723756906077,-0.011049723756906077,0.08641975308641975,0.08641975308641975,0.8271604938271605
wtq,Qwen/Qwen2.5-7B-Instruct,reason.decompose,reason,table.cols_bin=0_3,22,0.7272727272727273,0.6818181818181818,-0.045454545454545456,0.011049723756906077,-0.05650426921145153,0.0,0.045454545454545456,0.9545454545454546
wtq,Qwen/Qwen2.5-7B-Instruct,reason.decompose,reason,table.cols_bin=4_6,2894,0.5898410504492052,0.6019350380096752,0.012093987560469938,0.011049723756906077,0.0010442638035638614,0.09156876295784382,0.07947477539737388,0.8289564616447823
wtq,Qwen/Qwen2.5-7B-Instruct,reason.decompose,reason,table.cols_bin=7_10,1332,0.5442942942942943,0.5578078078078078,0.013513513513513514,0.011049723756906077,0.0024637897566074374,0.09309309309309309,0.07957957957957958,0.8273273273273273
wtq,Qwen/Qwen2.5-7B-Instruct,reason.decompose,reason,table.cols_bin=gt_10,96,0.6145833333333334,0.5729166666666666,-0.041666666666666664,0.011049723756906077,-0.05271639042357274,0.07291666666666667,0.11458333333333333,0.8125
wtq,Qwen/Qwen2.5-7B-Instruct,reason.decompose,reason,table.numeric_cols_bin=0,823,0.5443499392466585,0.5273390036452005,-0.01701093560145808,0.011049723756906077,-0.028060659358364156,0.08262454434993925,0.09963547995139732,0.8177399756986634
wtq,Qwen/Qwen2.5-7B-Instruct,reason.decompose,reason,table.numeric_cols_bin=1,1523,0.5745239658568615,0.5804333552199606,0.005909389363099146,0.011049723756906077,-0.0051403343938069305,0.08798424162836507,0.08207485226526592,0.8299409061063691
wtq,Qwen/Qwen2.5-7B-Instruct,reason.decompose,reason,table.numeric_cols_bin=2_3,1246,0.5730337078651685,0.5826645264847512,0.009630818619582664,0.011049723756906077,-0.0014189051373234129,0.08507223113964688,0.0754414125200642,0.8394863563402889
wtq,Qwen/Qwen2.5-7B-Instruct,reason.decompose,reason,table.numeric_cols_bin=ge_4,752,0.625,0.6795212765957447,0.05452127659574468,0.011049723756906077,0.043471552838838606,0.11702127659574468,0.0625,0.8204787234042553
wtq,Qwen/Qwen2.5-7B-Instruct,reason.decompose,reason,table.numeric_density_bin=high,741,0.6383265856950068,0.6815114709851552,0.043184885290148446,0.011049723756906077,0.03213516153324237,0.11201079622132254,0.06882591093117409,0.8191632928475033
wtq,Qwen/Qwen2.5-7B-Instruct,reason.decompose,reason,table.numeric_density_bin=low,1413,0.5704175513092711,0.5746638358103326,0.004246284501061571,0.011049723756906077,-0.006803439255844506,0.08846426043878274,0.08421797593772117,0.8273177636234961
wtq,Qwen/Qwen2.5-7B-Instruct,reason.decompose,reason,table.numeric_density_bin=mid,1367,0.570592538405267,0.5881492318946598,0.01755669348939283,0.011049723756906077,0.006506969732486753,0.08778346744696415,0.07022677395757132,0.8419897585954645
wtq,Qwen/Qwen2.5-7B-Instruct,reason.decompose,reason,table.numeric_density_bin=none,823,0.5443499392466585,0.5273390036452005,-0.01701093560145808,0.011049723756906077,-0.028060659358364156,0.08262454434993925,0.09963547995139732,0.8177399756986634
wtq,Qwen/Qwen2.5-7B-Instruct,reason.decompose,reason,table.rows_bin=0_5,7,0.5714285714285714,0.42857142857142855,-0.14285714285714285,0.011049723756906077,-0.15390686661404893,0.0,0.14285714285714285,0.8571428571428571
wtq,Qwen/Qwen2.5-7B-Instruct,reason.decompose,reason,table.rows_bin=11_25,2085,0.5774580335731415,0.5961630695443645,0.01870503597122302,0.011049723756906077,0.007655312214316944,0.09976019184652278,0.08105515587529977,0.8191846522781775
wtq,Qwen/Qwen2.5-7B-Instruct,reason.decompose,reason,table.rows_bin=26_50,751,0.49533954727030627,0.48868175765645805,-0.006657789613848202,0.011049723756906077,-0.01770751337075428,0.08122503328894808,0.08788282290279627,0.8308921438082557
wtq,Qwen/Qwen2.5-7B-Instruct,reason.decompose,reason,table.rows_bin=6_10,1187,0.6529064869418703,0.6672283066554339,0.014321819713563605,0.011049723756906077,0.0032720959566575284,0.08761583824768324,0.07329401853411963,0.8390901432181971
wtq,Qwen/Qwen2.5-7B-Instruct,reason.decompose,reason,table.rows_bin=gt_50,314,0.4840764331210191,0.47770700636942676,-0.006369426751592357,0.011049723756906077,-0.017419150508498432,0.0732484076433121,0.07961783439490445,0.8471337579617835
wtq,Qwen/Qwen2.5-7B-Instruct,reason.decompose,reason,table.shape=balanced,2696,0.5608308605341247,0.5701038575667656,0.009272997032640949,0.011049723756906077,-0.001776726724265128,0.09050445103857567,0.08123145400593472,0.8282640949554896
wtq,Qwen/Qwen2.5-7B-Instruct,reason.decompose,reason,table.shape=tall,228,0.5,0.4868421052631579,-0.013157894736842105,0.011049723756906077,-0.02420761849374818,0.07456140350877193,0.08771929824561403,0.8377192982456141
wtq,Qwen/Qwen2.5-7B-Instruct,reason.decompose,reason,table.shape=wide,1420,0.6204225352112676,0.6387323943661972,0.018309859154929577,0.011049723756906077,0.0072601353980235005,0.09507042253521127,0.07676056338028169,0.828169014084507
wtq,Qwen/Qwen2.5-7B-Instruct,reason.decompose,reason,text.has_number,1189,0.5550883095037847,0.5550883095037847,0.0,0.011049723756906077,-0.011049723756906077,0.08662741799831791,0.08662741799831791,0.8267451640033642
wtq,Qwen/Qwen2.5-7B-Instruct,reason.decompose,reason,text.has_ordinal,636,0.6761006289308176,0.6713836477987422,-0.0047169811320754715,0.011049723756906077,-0.015766704888981548,0.07232704402515723,0.0770440251572327,0.85062893081761
wtq,Qwen/Qwen2.5-7B-Instruct,reason.decompose,reason,text.has_quoted_span,99,0.494949494949495,0.5252525252525253,0.030303030303030304,0.011049723756906077,0.019253306546124227,0.12121212121212122,0.09090909090909091,0.7878787878787878
wtq,Qwen/Qwen2.5-7B-Instruct,reason.decompose,reason,text.has_year,563,0.61101243339254,0.6021314387211367,-0.008880994671403197,0.011049723756906077,-0.019930718428309274,0.07992895204262877,0.08880994671403197,0.8312611012433393
wtq,Qwen/Qwen2.5-7B-Instruct,reason.enumerate,reason,cell.has_comma_number,616,0.5487012987012987,0.5876623376623377,0.03896103896103896,0.01358195211786372,0.02537908684317524,0.12175324675324675,0.08279220779220779,0.7954545454545454
wtq,Qwen/Qwen2.5-7B-Instruct,reason.enumerate,reason,cell.has_currency,116,0.5086206896551724,0.5603448275862069,0.05172413793103448,0.01358195211786372,0.03814218581317076,0.14655172413793102,0.09482758620689655,0.7586206896551724
wtq,Qwen/Qwen2.5-7B-Instruct,reason.enumerate,reason,cell.has_date_like,3555,0.5718706047819971,0.580028129395218,0.008157524613220815,0.01358195211786372,-0.005424427504642905,0.09648382559774965,0.08832630098452883,0.8151898734177215
wtq,Qwen/Qwen2.5-7B-Instruct,reason.enumerate,reason,cell.has_numeric_range,1367,0.5354791514264814,0.5457205559619605,0.010241404535479151,0.01358195211786372,-0.0033405475823845687,0.09656181419166057,0.08632040965618142,0.817117776152158
wtq,Qwen/Qwen2.5-7B-Instruct,reason.enumerate,reason,cell.has_percent,129,0.5658914728682171,0.5658914728682171,0.0,0.01358195211786372,-0.01358195211786372,0.11627906976744186,0.11627906976744186,0.7674418604651163
wtq,Qwen/Qwen2.5-7B-Instruct,reason.enumerate,reason,cell.has_score_surface,710,0.5225352112676056,0.523943661971831,0.0014084507042253522,0.01358195211786372,-0.012173501413638368,0.10422535211267606,0.1028169014084507,0.7929577464788733
wtq,Qwen/Qwen2.5-7B-Instruct,reason.enumerate,reason,cell.missing_value_marker,2054,0.5662122687439143,0.5744888023369036,0.008276533592989289,0.01358195211786372,-0.005305418524874431,0.09444985394352483,0.08617332035053554,0.8193768257059396
wtq,Qwen/Qwen2.5-7B-Instruct,reason.enumerate,reason,grounding.cell_overlap,2790,0.5867383512544803,0.596415770609319,0.00967741935483871,0.01358195211786372,-0.00390453276302501,0.0985663082437276,0.08888888888888889,0.8125448028673835
wtq,Qwen/Qwen2.5-7B-Instruct,reason.enumerate,reason,grounding.header_overlap,2663,0.612467142320691,0.6222305670296658,0.00976342470897484,0.01358195211786372,-0.0038185274088888797,0.09538114907998498,0.08561772437101015,0.8190011265490049
wtq,Qwen/Qwen2.5-7B-Instruct,reason.enumerate,reason,intent.aggregate_noncount,488,0.5163934426229508,0.5614754098360656,0.045081967213114756,0.01358195211786372,0.031500015095251035,0.11270491803278689,0.06762295081967214,0.819672131147541
wtq,Qwen/Qwen2.5-7B-Instruct,reason.enumerate,reason,intent.arithmetic,150,0.5866666666666667,0.62,0.03333333333333333,0.01358195211786372,0.019751381215469613,0.1,0.06666666666666667,0.8333333333333334
wtq,Qwen/Qwen2.5-7B-Instruct,reason.enumerate,reason,intent.comparison,148,0.47297297297297297,0.5202702702702703,0.0472972972972973,0.01358195211786372,0.03371534517943358,0.14864864864864866,0.10135135135135136,0.75
wtq,Qwen/Qwen2.5-7B-Instruct,reason.enumerate,reason,intent.count,1718,0.46740395809080326,0.4912689173457509,0.023864959254947613,0.01358195211786372,0.010283007137083893,0.11932479627473806,0.09545983701979045,0.7852153667054714
wtq,Qwen/Qwen2.5-7B-Instruct,reason.enumerate,reason,intent.negation_marker,183,0.4207650273224044,0.453551912568306,0.03278688524590164,0.01358195211786372,0.01920493312803792,0.09836065573770492,0.06557377049180328,0.8360655737704918
wtq,Qwen/Qwen2.5-7B-Instruct,reason.enumerate,reason,intent.superlative_rank,1368,0.6337719298245614,0.6374269005847953,0.003654970760233918,0.01358195211786372,-0.009926981357629802,0.08991228070175439,0.08625730994152046,0.8238304093567251
wtq,Qwen/Qwen2.5-7B-Instruct,reason.enumerate,reason,intent.temporal,1397,0.6020042949176807,0.6198997852541159,0.01789549033643522,0.01358195211786372,0.0043135382185715,0.10379384395132427,0.08589835361488905,0.8103078024337866
wtq,Qwen/Qwen2.5-7B-Instruct,reason.enumerate,reason,schema.has_date_col,2446,0.5674570727718724,0.5666394112837285,-0.0008176614881439084,0.01358195211786372,-0.014399613606007628,0.08953393295175797,0.09035159443990189,0.8201144726083401
wtq,Qwen/Qwen2.5-7B-Instruct,reason.enumerate,reason,schema.has_rank_col,1620,0.6185185185185185,0.6395061728395062,0.020987654320987655,0.01358195211786372,0.0074057022031239345,0.10432098765432099,0.08333333333333333,0.8123456790123457
wtq,Qwen/Qwen2.5-7B-Instruct,reason.enumerate,reason,schema.has_score_col,1181,0.5580016934801016,0.5647756138865369,0.006773920406435224,0.01358195211786372,-0.006808031711428496,0.10245554614733277,0.09568162574089754,0.8018628281117697
wtq,Qwen/Qwen2.5-7B-Instruct,reason.enumerate,reason,schema.has_unit_col,369,0.6016260162601627,0.6422764227642277,0.04065040650406504,0.01358195211786372,0.02706845438620132,0.10569105691056911,0.06504065040650407,0.8292682926829268
wtq,Qwen/Qwen2.5-7B-Instruct,reason.enumerate,reason,schema.header_repetition_marker,162,0.43209876543209874,0.4382716049382716,0.006172839506172839,0.01358195211786372,-0.007409112611690881,0.08024691358024691,0.07407407407407407,0.845679012345679
wtq,Qwen/Qwen2.5-7B-Instruct,reason.enumerate,reason,table.cols_bin=0_3,22,0.7272727272727273,0.6818181818181818,-0.045454545454545456,0.01358195211786372,-0.059036497572409176,0.045454545454545456,0.09090909090909091,0.8636363636363636
wtq,Qwen/Qwen2.5-7B-Instruct,reason.enumerate,reason,table.cols_bin=4_6,2894,0.5898410504492052,0.6085003455425018,0.018659295093296474,0.01358195211786372,0.005077342975432754,0.1022805805114029,0.08362128541810643,0.8140981340704907
wtq,Qwen/Qwen2.5-7B-Instruct,reason.enumerate,reason,table.cols_bin=7_10,1332,0.5442942942942943,0.545045045045045,0.0007507507507507507,0.01358195211786372,-0.012831201367112969,0.09534534534534535,0.0945945945945946,0.81006006006006
wtq,Qwen/Qwen2.5-7B-Instruct,reason.enumerate,reason,table.cols_bin=gt_10,96,0.6145833333333334,0.6666666666666666,0.052083333333333336,0.01358195211786372,0.038501381215469616,0.125,0.07291666666666667,0.8020833333333334
wtq,Qwen/Qwen2.5-7B-Instruct,reason.enumerate,reason,table.numeric_cols_bin=0,823,0.5443499392466585,0.528554070473876,-0.015795868772782502,0.01358195211786372,-0.029377820890646222,0.09720534629404617,0.11300121506682867,0.7897934386391251
wtq,Qwen/Qwen2.5-7B-Instruct,reason.enumerate,reason,table.numeric_cols_bin=1,1523,0.5745239658568615,0.5732107682206172,-0.0013131976362442547,0.01358195211786372,-0.014895149754107974,0.08470124753775443,0.08601444517399869,0.8292843072882469
wtq,Qwen/Qwen2.5-7B-Instruct,reason.enumerate,reason,table.numeric_cols_bin=2_3,1246,0.5730337078651685,0.6043338683788122,0.03130016051364366,0.01358195211786372,0.017718208395779943,0.10754414125200643,0.07624398073836276,0.8162118780096308
wtq,Qwen/Qwen2.5-7B-Instruct,reason.enumerate,reason,table.numeric_cols_bin=ge_4,752,0.625,0.6715425531914894,0.04654255319148936,0.01358195211786372,0.03296060107362564,0.12367021276595745,0.07712765957446809,0.7992021276595744
wtq,Qwen/Qwen2.5-7B-Instruct,reason.enumerate,reason,table.numeric_density_bin=high,741,0.6383265856950068,0.689608636977058,0.05128205128205128,0.01358195211786372,0.03770009916418756,0.12685560053981107,0.07557354925775979,0.7975708502024291
wtq,Qwen/Qwen2.5-7B-Instruct,reason.enumerate,reason,table.numeric_density_bin=low,1413,0.5704175513092711,0.5697098372257607,-0.0007077140835102619,0.01358195211786372,-0.014289666201373981,0.0870488322717622,0.08775654635527247,0.8251946213729653
wtq,Qwen/Qwen2.5-7B-Instruct,reason.enumerate,reason,table.numeric_density_bin=mid,1367,0.570592538405267,0.5961960497439649,0.025603511338697878,0.01358195211786372,0.012021559220834158,0.10168251645940014,0.07607900512070227,0.8222384784198976
wtq,Qwen/Qwen2.5-7B-Instruct,reason.enumerate,reason,table.numeric_density_bin=none,823,0.5443499392466585,0.528554070473876,-0.015795868772782502,0.01358195211786372,-0.029377820890646222,0.09720534629404617,0.11300121506682867,0.7897934386391251
wtq,Qwen/Qwen2.5-7B-Instruct,reason.enumerate,reason,table.rows_bin=0_5,7,0.5714285714285714,0.42857142857142855,-0.14285714285714285,0.01358195211786372,-0.15643909497500658,0.0,0.14285714285714285,0.8571428571428571
wtq,Qwen/Qwen2.5-7B-Instruct,reason.enumerate,reason,table.rows_bin=11_25,2085,0.5774580335731415,0.580335731414868,0.0028776978417266188,0.01358195211786372,-0.010704254276137101,0.09784172661870504,0.09496402877697842,0.8071942446043165
wtq,Qwen/Qwen2.5-7B-Instruct,reason.enumerate,reason,table.rows_bin=26_50,751,0.49533954727030627,0.5153129161118508,0.019973368841544607,0.01358195211786372,0.0063914167236808865,0.10252996005326231,0.08255659121171771,0.8149134487350199
wtq,Qwen/Qwen2.5-7B-Instruct,reason.enumerate,reason,table.rows_bin=6_10,1187,0.6529064869418703,0.6790227464195451,0.02611625947767481,0.01358195211786372,0.012534307359811089,0.10362257792754845,0.07750631844987363,0.818871103622578
wtq,Qwen/Qwen2.5-7B-Instruct,reason.enumerate,reason,table.rows_bin=gt_50,314,0.4840764331210191,0.5095541401273885,0.025477707006369428,0.01358195211786372,0.011895754888505708,0.10191082802547771,0.07643312101910828,0.821656050955414
wtq,Qwen/Qwen2.5-7B-Instruct,reason.enumerate,reason,table.shape=balanced,2696,0.5608308605341247,0.5634272997032641,0.0025964391691394658,0.01358195211786372,-0.010985512948724255,0.0956973293768546,0.09310089020771513,0.8112017804154302
wtq,Qwen/Qwen2.5-7B-Instruct,reason.enumerate,reason,table.shape=tall,228,0.5,0.5350877192982456,0.03508771929824561,0.01358195211786372,0.021505767180381892,0.10964912280701754,0.07456140350877193,0.8157894736842105
wtq,Qwen/Qwen2.5-7B-Instruct,reason.enumerate,reason,table.shape=wide,1420,0.6204225352112676,0.6514084507042254,0.030985915492957747,0.01358195211786372,0.017403963375094027,0.10774647887323943,0.07676056338028169,0.8154929577464789
wtq,Qwen/Qwen2.5-7B-Instruct,reason.enumerate,reason,text.has_number,1189,0.5550883095037847,0.5777964676198486,0.022708158116063918,0.01358195211786372,0.009126205998200198,0.11269974768713205,0.08999158957106812,0.7973086627417998
wtq,Qwen/Qwen2.5-7B-Instruct,reason.enumerate,reason,text.has_ordinal,636,0.6761006289308176,0.6745283018867925,-0.0015723270440251573,0.01358195211786372,-0.015154279161888877,0.07389937106918239,0.07547169811320754,0.85062893081761
wtq,Qwen/Qwen2.5-7B-Instruct,reason.enumerate,reason,text.has_quoted_span,99,0.494949494949495,0.5252525252525253,0.030303030303030304,0.01358195211786372,0.016721078185166584,0.09090909090909091,0.06060606060606061,0.8484848484848485
wtq,Qwen/Qwen2.5-7B-Instruct,reason.enumerate,reason,text.has_year,563,0.61101243339254,0.6181172291296625,0.007104795737122558,0.01358195211786372,-0.006477156380741162,0.10301953818827708,0.09591474245115453,0.8010657193605684
wtq,Qwen/Qwen2.5-7B-Instruct,reason.evidence_localize,reason,cell.has_comma_number,616,0.5487012987012987,0.5827922077922078,0.03409090909090909,0.005755064456721915,0.028335844634187174,0.10876623376623376,0.07467532467532467,0.8165584415584416
wtq,Qwen/Qwen2.5-7B-Instruct,reason.evidence_localize,reason,cell.has_currency,116,0.5086206896551724,0.49137931034482757,-0.017241379310344827,0.005755064456721915,-0.022996443767066742,0.09482758620689655,0.11206896551724138,0.7931034482758621
wtq,Qwen/Qwen2.5-7B-Instruct,reason.evidence_localize,reason,cell.has_date_like,3555,0.5718706047819971,0.5724331926863573,0.0005625879043600563,0.005755064456721915,-0.005192476552361859,0.08270042194092828,0.08213783403656821,0.8351617440225035
wtq,Qwen/Qwen2.5-7B-Instruct,reason.evidence_localize,reason,cell.has_numeric_range,1367,0.5354791514264814,0.5332845647403073,-0.0021945866861741038,0.005755064456721915,-0.00794965114289602,0.08632040965618142,0.08851499634235552,0.825164594001463
wtq,Qwen/Qwen2.5-7B-Instruct,reason.evidence_localize,reason,cell.has_percent,129,0.5658914728682171,0.5813953488372093,0.015503875968992248,0.005755064456721915,0.009748811512270333,0.06976744186046512,0.05426356589147287,0.875968992248062
wtq,Qwen/Qwen2.5-7B-Instruct,reason.evidence_localize,reason,cell.has_score_surface,710,0.5225352112676056,0.5408450704225352,0.018309859154929577,0.005755064456721915,0.012554794698207663,0.1028169014084507,0.08450704225352113,0.8126760563380282
wtq,Qwen/Qwen2.5-7B-Instruct,reason.evidence_localize,reason,cell.missing_value_marker,2054,0.5662122687439143,0.5642648490749756,-0.0019474196689386564,0.005755064456721915,-0.007702484125660571,0.07887049659201557,0.08081791626095423,0.8403115871470301
wtq,Qwen/Qwen2.5-7B-Instruct,reason.evidence_localize,reason,grounding.cell_overlap,2790,0.5867383512544803,0.589605734767025,0.002867383512544803,0.005755064456721915,-0.0028876809441771125,0.08458781362007169,0.08172043010752689,0.8336917562724014
wtq,Qwen/Qwen2.5-7B-Instruct,reason.evidence_localize,reason,grounding.header_overlap,2663,0.612467142320691,0.6229815996995869,0.010514457378895982,0.005755064456721915,0.004759392922174067,0.08298911002628614,0.07247465264739016,0.8445362373263237
wtq,Qwen/Qwen2.5-7B-Instruct,reason.evidence_localize,reason,intent.aggregate_noncount,488,0.5163934426229508,0.5512295081967213,0.03483606557377049,0.005755064456721915,0.029081001117048574,0.09221311475409837,0.05737704918032787,0.8504098360655737
wtq,Qwen/Qwen2.5-7B-Instruct,reason.evidence_localize,reason,intent.arithmetic,150,0.5866666666666667,0.62,0.03333333333333333,0.005755064456721915,0.02757826887661142,0.10666666666666667,0.07333333333333333,0.82
wtq,Qwen/Qwen2.5-7B-Instruct,reason.evidence_localize,reason,intent.comparison,148,0.47297297297297297,0.49324324324324326,0.02027027027027027,0.005755064456721915,0.014515205813548357,0.10810810810810811,0.08783783783783784,0.8040540540540541
wtq,Qwen/Qwen2.5-7B-Instruct,reason.evidence_localize,reason,intent.count,1718,0.46740395809080326,0.4807916181606519,0.01338766006984866,0.005755064456721915,0.007632595613126745,0.10593713620488941,0.09254947613504075,0.8015133876600699
wtq,Qwen/Qwen2.5-7B-Instruct,reason.evidence_localize,reason,intent.negation_marker,183,0.4207650273224044,0.45901639344262296,0.03825136612021858,0.005755064456721915,0.032496301663496666,0.09836065573770492,0.060109289617486336,0.8415300546448088
wtq,Qwen/Qwen2.5-7B-Instruct,reason.evidence_localize,reason,intent.superlative_rank,1368,0.6337719298245614,0.6345029239766082,0.0007309941520467836,0.005755064456721915,-0.005024070304675132,0.08698830409356725,0.08625730994152046,0.8267543859649122
wtq,Qwen/Qwen2.5-7B-Instruct,reason.evidence_localize,reason,intent.temporal,1397,0.6020042949176807,0.5969935576234788,-0.005010737294201861,0.005755064456721915,-0.010765801750923776,0.07945597709377238,0.08446671438797423,0.8360773085182533
wtq,Qwen/Qwen2.5-7B-Instruct,reason.evidence_localize,reason,schema.has_date_col,2446,0.5674570727718724,0.5682747342600164,0.0008176614881439084,0.005755064456721915,-0.0049374029685780065,0.0821749795584628,0.08135731807031889,0.8364677023712184
wtq,Qwen/Qwen2.5-7B-Instruct,reason.evidence_localize,reason,schema.has_rank_col,1620,0.6185185185185185,0.6327160493827161,0.014197530864197531,0.005755064456721915,0.008442466407475615,0.08950617283950617,0.07530864197530865,0.8351851851851851
wtq,Qwen/Qwen2.5-7B-Instruct,reason.evidence_localize,reason,schema.has_score_col,1181,0.5580016934801016,0.5656223539373413,0.007620660457239628,0.005755064456721915,0.0018655960005177124,0.09398814563928874,0.0863674851820491,0.8196443691786621
wtq,Qwen/Qwen2.5-7B-Instruct,reason.evidence_localize,reason,schema.has_unit_col,369,0.6016260162601627,0.6368563685636857,0.03523035230352303,0.005755064456721915,0.029475287846801118,0.0921409214092141,0.056910569105691054,0.8509485094850948
wtq,Qwen/Qwen2.5-7B-Instruct,reason.evidence_localize,reason,schema.header_repetition_marker,162,0.43209876543209874,0.41358024691358025,-0.018518518518518517,0.005755064456721915,-0.024273582975240432,0.06172839506172839,0.08024691358024691,0.8580246913580247
wtq,Qwen/Qwen2.5-7B-Instruct,reason.evidence_localize,reason,table.cols_bin=0_3,22,0.7272727272727273,0.6363636363636364,-0.09090909090909091,0.005755064456721915,-0.09666415536581283,0.0,0.09090909090909091,0.9090909090909091
wtq,Qwen/Qwen2.5-7B-Instruct,reason.evidence_localize,reason,table.cols_bin=4_6,2894,0.5898410504492052,0.6019350380096752,0.012093987560469938,0.005755064456721915,0.006338923103748023,0.08638562543192813,0.07429163787145819,0.8393227366966137
wtq,Qwen/Qwen2.5-7B-Instruct,reason.evidence_localize,reason,table.cols_bin=7_10,1332,0.5442942942942943,0.5397897897897898,-0.0045045045045045045,0.005755064456721915,-0.01025956896122642,0.08333333333333333,0.08783783783783784,0.8288288288288288
wtq,Qwen/Qwen2.5-7B-Instruct,reason.evidence_localize,reason,table.cols_bin=gt_10,96,0.6145833333333334,0.59375,-0.020833333333333332,0.005755064456721915,-0.026588397790055247,0.09375,0.11458333333333333,0.7916666666666666
wtq,Qwen/Qwen2.5-7B-Instruct,reason.evidence_localize,reason,table.numeric_cols_bin=0,823,0.5443499392466585,0.534629404617254,-0.009720534629404616,0.005755064456721915,-0.015475599086126533,0.08748481166464156,0.09720534629404617,0.8153098420413123
wtq,Qwen/Qwen2.5-7B-Instruct,reason.evidence_localize,reason,table.numeric_cols_bin=1,1523,0.5745239658568615,0.5679579776756402,-0.006565988181221274,0.005755064456721915,-0.01232105263794319,0.07813525935653316,0.08470124753775443,0.8371634931057124
wtq,Qwen/Qwen2.5-7B-Instruct,reason.evidence_localize,reason,table.numeric_cols_bin=2_3,1246,0.5730337078651685,0.5922953451043339,0.019261637239165328,0.005755064456721915,0.013506572782443414,0.08346709470304976,0.06420545746388442,0.8523274478330658
wtq,Qwen/Qwen2.5-7B-Instruct,reason.evidence_localize,reason,table.numeric_cols_bin=ge_4,752,0.625,0.6502659574468085,0.02526595744680851,0.005755064456721915,0.019510892990086594,0.09973404255319149,0.07446808510638298,0.8257978723404256
wtq,Qwen/Qwen2.5-7B-Instruct,reason.evidence_localize,reason,table.numeric_density_bin=high,741,0.6383265856950068,0.6653171390013495,0.02699055330634278,0.005755064456721915,0.021235488849620867,0.09986504723346828,0.0728744939271255,0.8272604588394062
wtq,Qwen/Qwen2.5-7B-Instruct,reason.evidence_localize,reason,table.numeric_density_bin=low,1413,0.5704175513092711,0.5633404104741684,-0.007077140835102618,0.005755064456721915,-0.012832205291824533,0.07855626326963906,0.08563340410474168,0.8358103326256192
wtq,Qwen/Qwen2.5-7B-Instruct,reason.evidence_localize,reason,table.numeric_density_bin=mid,1367,0.570592538405267,0.5874177029992684,0.016825164594001463,0.005755064456721915,0.011070100137279548,0.08266276517922458,0.06583760058522312,0.8514996342355523
wtq,Qwen/Qwen2.5-7B-Instruct,reason.evidence_localize,reason,table.numeric_density_bin=none,823,0.5443499392466585,0.534629404617254,-0.009720534629404616,0.005755064456721915,-0.015475599086126533,0.08748481166464156,0.09720534629404617,0.8153098420413123
wtq,Qwen/Qwen2.5-7B-Instruct,reason.evidence_localize,reason,table.rows_bin=0_5,7,0.5714285714285714,0.42857142857142855,-0.14285714285714285,0.005755064456721915,-0.14861220731386476,0.0,0.14285714285714285,0.8571428571428571
wtq,Qwen/Qwen2.5-7B-Instruct,reason.evidence_localize,reason,table.rows_bin=11_25,2085,0.5774580335731415,0.5755395683453237,-0.0019184652278177458,0.005755064456721915,-0.007673529684539661,0.08057553956834532,0.08249400479616308,0.8369304556354916
wtq,Qwen/Qwen2.5-7B-Instruct,reason.evidence_localize,reason,table.rows_bin=26_50,751,0.49533954727030627,0.5006657789613849,0.005326231691078562,0.005755064456721915,-0.00042883276564335306,0.08122503328894808,0.0758988015978695,0.8428761651131824
wtq,Qwen/Qwen2.5-7B-Instruct,reason.evidence_localize,reason,table.rows_bin=6_10,1187,0.6529064869418703,0.6697556866048863,0.016849199663016005,0.005755064456721915,0.011094135206294091,0.09435551811288964,0.07750631844987363,0.8281381634372368
wtq,Qwen/Qwen2.5-7B-Instruct,reason.evidence_localize,reason,table.rows_bin=gt_50,314,0.4840764331210191,0.5031847133757962,0.01910828025477707,0.005755064456721915,0.013353215798055155,0.09235668789808917,0.0732484076433121,0.8343949044585988
wtq,Qwen/Qwen2.5-7B-Instruct,reason.evidence_localize,reason,table.shape=balanced,2696,0.5608308605341247,0.5589762611275965,-0.00185459940652819,0.005755064456721915,-0.007609663863250105,0.07826409495548961,0.08011869436201781,0.8416172106824926
wtq,Qwen/Qwen2.5-7B-Instruct,reason.evidence_localize,reason,table.shape=tall,228,0.5,0.5350877192982456,0.03508771929824561,0.005755064456721915,0.029332654841523698,0.10964912280701754,0.07456140350877193,0.8157894736842105
wtq,Qwen/Qwen2.5-7B-Instruct,reason.evidence_localize,reason,table.shape=wide,1420,0.6204225352112676,0.6359154929577465,0.015492957746478873,0.005755064456721915,0.009737893289756959,0.09436619718309859,0.07887323943661972,0.8267605633802817
wtq,Qwen/Qwen2.5-7B-Instruct,reason.evidence_localize,reason,text.has_number,1189,0.5550883095037847,0.5609756097560976,0.005887300252312868,0.005755064456721915,0.000132235795590953,0.09335576114381834,0.08746846089150546,0.8191757779646762
wtq,Qwen/Qwen2.5-7B-Instruct,reason.evidence_localize,reason,text.has_ordinal,636,0.6761006289308176,0.6729559748427673,-0.0031446540880503146,0.005755064456721915,-0.00889971854477223,0.06761006289308176,0.07075471698113207,0.8616352201257862
wtq,Qwen/Qwen2.5-7B-Instruct,reason.evidence_localize,reason,text.has_quoted_span,99,0.494949494949495,0.42424242424242425,-0.0707070707070707,0.005755064456721915,-0.07646213516379262,0.050505050505050504,0.12121212121212122,0.8282828282828283
wtq,Qwen/Qwen2.5-7B-Instruct,reason.evidence_localize,reason,text.has_year,563,0.61101243339254,0.6021314387211367,-0.008880994671403197,0.005755064456721915,-0.014636059128125111,0.08170515097690942,0.0905861456483126,0.827708703374778
wtq,Qwen/Qwen2.5-7B-Instruct,reason.evidence_table,reason,cell.has_comma_number,616,0.5487012987012987,0.564935064935065,0.016233766233766232,-0.01151012891344383,0.02774389514721006,0.10551948051948051,0.08928571428571429,0.8051948051948052
wtq,Qwen/Qwen2.5-7B-Instruct,reason.evidence_table,reason,cell.has_currency,116,0.5086206896551724,0.5344827586206896,0.02586206896551724,-0.01151012891344383,0.03737219787896107,0.13793103448275862,0.11206896551724138,0.75
wtq,Qwen/Qwen2.5-7B-Instruct,reason.evidence_table,reason,cell.has_date_like,3555,0.5718706047819971,0.5563994374120956,-0.015471167369901548,-0.01151012891344383,-0.003961038456457717,0.09057665260196905,0.1060478199718706,0.8033755274261604
wtq,Qwen/Qwen2.5-7B-Instruct,reason.evidence_table,reason,cell.has_numeric_range,1367,0.5354791514264814,0.5267008046817849,-0.008778346744696415,-0.01151012891344383,0.0027317821687474157,0.09875640087783467,0.1075347476225311,0.7937088514996342
wtq,Qwen/Qwen2.5-7B-Instruct,reason.evidence_table,reason,cell.has_percent,129,0.5658914728682171,0.5736434108527132,0.007751937984496124,-0.01151012891344383,0.019262066897939953,0.09302325581395349,0.08527131782945736,0.8217054263565892
wtq,Qwen/Qwen2.5-7B-Instruct,reason.evidence_table,reason,cell.has_score_surface,710,0.5225352112676056,0.5225352112676056,0.0,-0.01151012891344383,0.01151012891344383,0.11126760563380282,0.11126760563380282,0.7774647887323943
wtq,Qwen/Qwen2.5-7B-Instruct,reason.evidence_table,reason,cell.missing_value_marker,2054,0.5662122687439143,0.5516066212268744,-0.014605647517039922,-0.01151012891344383,-0.0030955186035960917,0.09444985394352483,0.10905550146056475,0.7964946445959105
wtq,Qwen/Qwen2.5-7B-Instruct,reason.evidence_table,reason,grounding.cell_overlap,2790,0.5867383512544803,0.5741935483870968,-0.012544802867383513,-0.01151012891344383,-0.0010346739539396823,0.09713261648745519,0.10967741935483871,0.793189964157706
wtq,Qwen/Qwen2.5-7B-Instruct,reason.evidence_table,reason,grounding.header_overlap,2663,0.612467142320691,0.6027037176117161,-0.00976342470897484,-0.01151012891344383,0.0017467042044689903,0.09237701840030041,0.10214044310927525,0.8054825384904243
wtq,Qwen/Qwen2.5-7B-Instruct,reason.evidence_table,reason,intent.aggregate_noncount,488,0.5163934426229508,0.5061475409836066,-0.010245901639344262,-0.01151012891344383,0.0012642272740995691,0.07581967213114754,0.0860655737704918,0.8381147540983607
wtq,Qwen/Qwen2.5-7B-Instruct,reason.evidence_table,reason,intent.arithmetic,150,0.5866666666666667,0.6533333333333333,0.06666666666666667,-0.01151012891344383,0.0781767955801105,0.11333333333333333,0.04666666666666667,0.84
wtq,Qwen/Qwen2.5-7B-Instruct,reason.evidence_table,reason,intent.comparison,148,0.47297297297297297,0.40540540540540543,-0.06756756756756757,-0.01151012891344383,-0.05605743865412374,0.10135135135135136,0.16891891891891891,0.7297297297297297
wtq,Qwen/Qwen2.5-7B-Instruct,reason.evidence_table,reason,intent.count,1718,0.46740395809080326,0.43771827706635624,-0.029685681024447033,-0.01151012891344383,-0.018175552111003204,0.10128055878928988,0.1309662398137369,0.7677532013969732
wtq,Qwen/Qwen2.5-7B-Instruct,reason.evidence_table,reason,intent.negation_marker,183,0.4207650273224044,0.4426229508196721,0.02185792349726776,-0.01151012891344383,0.03336805241071159,0.11475409836065574,0.09289617486338798,0.7923497267759563
wtq,Qwen/Qwen2.5-7B-Instruct,reason.evidence_table,reason,intent.superlative_rank,1368,0.6337719298245614,0.6301169590643275,-0.003654970760233918,-0.01151012891344383,0.007855158153209913,0.09502923976608187,0.09868421052631579,0.8062865497076024
wtq,Qwen/Qwen2.5-7B-Instruct,reason.evidence_table,reason,intent.temporal,1397,0.6020042949176807,0.5977093772369363,-0.004294917680744453,-0.01151012891344383,0.007215211232699378,0.09591982820329277,0.10021474588403723,0.80386542591267
wtq,Qwen/Qwen2.5-7B-Instruct,reason.evidence_table,reason,schema.has_date_col,2446,0.5674570727718724,0.5629599345870809,-0.004497138184791497,-0.01151012891344383,0.007012990728652334,0.09689288634505315,0.10139002452984465,0.8017170891251022
wtq,Qwen/Qwen2.5-7B-Instruct,reason.evidence_table,reason,schema.has_rank_col,1620,0.6185185185185185,0.6055555555555555,-0.012962962962962963,-0.01151012891344383,-0.001452834049519132,0.09691358024691359,0.10987654320987654,0.7932098765432098
wtq,Qwen/Qwen2.5-7B-Instruct,reason.evidence_table,reason,schema.has_score_col,1181,0.5580016934801016,0.5520745131244708,-0.0059271803556308214,-0.01151012891344383,0.005582948557813009,0.09822184589331075,0.10414902624894158,0.7976291278577476
wtq,Qwen/Qwen2.5-7B-Instruct,reason.evidence_table,reason,schema.has_unit_col,369,0.6016260162601627,0.6124661246612466,0.01084010840108401,-0.01151012891344383,0.022350237314527843,0.0921409214092141,0.08130081300813008,0.8265582655826558
wtq,Qwen/Qwen2.5-7B-Instruct,reason.evidence_table,reason,schema.header_repetition_marker,162,0.43209876543209874,0.41358024691358025,-0.018518518518518517,-0.01151012891344383,-0.007008389605074687,0.09876543209876543,0.11728395061728394,0.7839506172839507
wtq,Qwen/Qwen2.5-7B-Instruct,reason.evidence_table,reason,table.cols_bin=0_3,22,0.7272727272727273,0.6363636363636364,-0.09090909090909091,-0.01151012891344383,-0.07939896199564708,0.045454545454545456,0.13636363636363635,0.8181818181818182
wtq,Qwen/Qwen2.5-7B-Instruct,reason.evidence_table,reason,table.cols_bin=4_6,2894,0.5898410504492052,0.5763648928818245,-0.013476157567380787,-0.01151012891344383,-0.0019660286539369565,0.09191430545957152,0.10539046302695232,0.8026952315134761
wtq,Qwen/Qwen2.5-7B-Instruct,reason.evidence_table,reason,table.cols_bin=7_10,1332,0.5442942942942943,0.536036036036036,-0.008258258258258258,-0.01151012891344383,0.003251870655185573,0.1006006006006006,0.10885885885885886,0.7905405405405406
wtq,Qwen/Qwen2.5-7B-Instruct,reason.evidence_table,reason,table.cols_bin=gt_10,96,0.6145833333333334,0.6354166666666666,0.020833333333333332,-0.01151012891344383,0.032343462246777165,0.11458333333333333,0.09375,0.7916666666666666
wtq,Qwen/Qwen2.5-7B-Instruct,reason.evidence_table,reason,table.numeric_cols_bin=0,823,0.5443499392466585,0.511543134872418,-0.032806804374240585,-0.01151012891344383,-0.021296675460796756,0.09477521263669501,0.1275820170109356,0.7776427703523694
wtq,Qwen/Qwen2.5-7B-Instruct,reason.evidence_table,reason,table.numeric_cols_bin=1,1523,0.5745239658568615,0.5502298095863427,-0.024294156270518712,-0.01151012891344383,-0.012784027357074882,0.08667104399212082,0.11096520026263952,0.8023637557452397
wtq,Qwen/Qwen2.5-7B-Instruct,reason.evidence_table,reason,table.numeric_cols_bin=2_3,1246,0.5730337078651685,0.565008025682183,-0.008025682182985553,-0.01151012891344383,0.0034844467304582776,0.08908507223113965,0.0971107544141252,0.8138041733547352
wtq,Qwen/Qwen2.5-7B-Instruct,reason.evidence_table,reason,table.numeric_cols_bin=ge_4,752,0.625,0.6569148936170213,0.031914893617021274,-0.01151012891344383,0.0434250225304651,0.12101063829787234,0.08909574468085106,0.7898936170212766
wtq,Qwen/Qwen2.5-7B-Instruct,reason.evidence_table,reason,table.numeric_density_bin=high,741,0.6383265856950068,0.6626180836707153,0.024291497975708502,-0.01151012891344383,0.03580162688915233,0.12010796221322537,0.09581646423751687,0.7840755735492577
wtq,Qwen/Qwen2.5-7B-Instruct,reason.evidence_table,reason,table.numeric_density_bin=low,1413,0.5704175513092711,0.5428167020523709,-0.027600849256900213,-0.01151012891344383,-0.016090720343456384,0.08846426043878274,0.11606510969568294,0.7954706298655343
wtq,Qwen/Qwen2.5-7B-Instruct,reason.evidence_table,reason,table.numeric_density_bin=mid,1367,0.570592538405267,0.5691294806144843,-0.001463057790782736,-0.01151012891344383,0.010047071122661094,0.08778346744696415,0.08924652523774688,0.8229700073152889
wtq,Qwen/Qwen2.5-7B-Instruct,reason.evidence_table,reason,table.numeric_density_bin=none,823,0.5443499392466585,0.511543134872418,-0.032806804374240585,-0.01151012891344383,-0.021296675460796756,0.09477521263669501,0.1275820170109356,0.7776427703523694
wtq,Qwen/Qwen2.5-7B-Instruct,reason.evidence_table,reason,table.rows_bin=0_5,7,0.5714285714285714,0.2857142857142857,-0.2857142857142857,-0.01151012891344383,-0.27420415680084187,0.0,0.2857142857142857,0.7142857142857143
wtq,Qwen/Qwen2.5-7B-Instruct,reason.evidence_table,reason,table.rows_bin=11_25,2085,0.5774580335731415,0.5601918465227818,-0.017266187050359712,-0.01151012891344383,-0.005756058136915881,0.09448441247002398,0.11175059952038369,0.7937649880095923
wtq,Qwen/Qwen2.5-7B-Instruct,reason.evidence_table,reason,table.rows_bin=26_50,751,0.49533954727030627,0.49001331557922767,-0.005326231691078562,-0.01151012891344383,0.006183897222365268,0.09587217043941411,0.10119840213049268,0.8029294274300932
wtq,Qwen/Qwen2.5-7B-Instruct,reason.evidence_table,reason,table.rows_bin=6_10,1187,0.6529064869418703,0.6436394271272114,-0.009267059814658803,-0.01151012891344383,0.0022430690987850273,0.09772535804549284,0.10699241786015164,0.7952822240943556
wtq,Qwen/Qwen2.5-7B-Instruct,reason.evidence_table,reason,table.rows_bin=gt_50,314,0.4840764331210191,0.49363057324840764,0.009554140127388535,-0.01151012891344383,0.021064269040832365,0.08598726114649681,0.07643312101910828,0.8375796178343949
wtq,Qwen/Qwen2.5-7B-Instruct,reason.evidence_table,reason,table.shape=balanced,2696,0.5608308605341247,0.5467359050445104,-0.014094955489614243,-0.01151012891344383,-0.002584826576170412,0.09235905044510385,0.1064540059347181,0.8011869436201781
wtq,Qwen/Qwen2.5-7B-Instruct,reason.evidence_table,reason,table.shape=tall,228,0.5,0.5043859649122807,0.0043859649122807015,-0.01151012891344383,0.01589609382572453,0.08771929824561403,0.08333333333333333,0.8289473684210527
wtq,Qwen/Qwen2.5-7B-Instruct,reason.evidence_table,reason,table.shape=wide,1420,0.6204225352112676,0.6112676056338028,-0.009154929577464789,-0.01151012891344383,0.002355199335979042,0.10070422535211268,0.10985915492957747,0.7894366197183098
wtq,Qwen/Qwen2.5-7B-Instruct,reason.evidence_table,reason,text.has_number,1189,0.5550883095037847,0.5155592935239697,-0.03952901597981497,-0.01151012891344383,-0.028018887066371144,0.09167367535744322,0.1312026913372582,0.7771236333052985
wtq,Qwen/Qwen2.5-7B-Instruct,reason.evidence_table,reason,text.has_ordinal,636,0.6761006289308176,0.6650943396226415,-0.0110062893081761,-0.01151012891344383,0.0005038396052677308,0.07075471698113207,0.08176100628930817,0.8474842767295597
wtq,Qwen/Qwen2.5-7B-Instruct,reason.evidence_table,reason,text.has_quoted_span,99,0.494949494949495,0.5151515151515151,0.020202020202020204,-0.01151012891344383,0.031712149115464036,0.09090909090909091,0.0707070707070707,0.8383838383838383
wtq,Qwen/Qwen2.5-7B-Instruct,reason.evidence_table,reason,text.has_year,563,0.61101243339254,0.5896980461811723,-0.021314387211367674,-0.01151012891344383,-0.009804258297923843,0.09236234458259325,0.11367673179396093,0.7939609236234458
wtq,Qwen/Qwen2.5-7B-Instruct,reason.extract_compute,reason,cell.has_comma_number,616,0.5487012987012987,0.5957792207792207,0.04707792207792208,0.02302025782688766,0.02405766425103442,0.12337662337662338,0.0762987012987013,0.8003246753246753
wtq,Qwen/Qwen2.5-7B-Instruct,reason.extract_compute,reason,cell.has_currency,116,0.5086206896551724,0.5258620689655172,0.017241379310344827,0.02302025782688766,-0.005778878516542834,0.13793103448275862,0.1206896551724138,0.7413793103448276
wtq,Qwen/Qwen2.5-7B-Instruct,reason.extract_compute,reason,cell.has_date_like,3555,0.5718706047819971,0.5856540084388185,0.013783403656821378,0.02302025782688766,-0.009236854170066283,0.10239099859353024,0.08860759493670886,0.8090014064697609
wtq,Qwen/Qwen2.5-7B-Instruct,reason.extract_compute,reason,cell.has_numeric_range,1367,0.5354791514264814,0.5581565471836137,0.02267739575713241,0.02302025782688766,-0.000342862069755253,0.10826627651792246,0.08558888076079005,0.8061448427212875
wtq,Qwen/Qwen2.5-7B-Instruct,reason.extract_compute,reason,cell.has_percent,129,0.5658914728682171,0.5658914728682171,0.0,0.02302025782688766,-0.02302025782688766,0.09302325581395349,0.09302325581395349,0.813953488372093
wtq,Qwen/Qwen2.5-7B-Instruct,reason.extract_compute,reason,cell.has_score_surface,710,0.5225352112676056,0.5690140845070423,0.04647887323943662,0.02302025782688766,0.02345861541254896,0.12394366197183099,0.07746478873239436,0.7985915492957747
wtq,Qwen/Qwen2.5-7B-Instruct,reason.extract_compute,reason,cell.missing_value_marker,2054,0.5662122687439143,0.5851996105160662,0.0189873417721519,0.02302025782688766,-0.004032916054735762,0.10710808179162609,0.0881207400194742,0.8047711781888998
wtq,Qwen/Qwen2.5-7B-Instruct,reason.extract_compute,reason,grounding.cell_overlap,2790,0.5867383512544803,0.6057347670250897,0.01899641577060932,0.02302025782688766,-0.004023842056278343,0.1111111111111111,0.09211469534050179,0.7967741935483871
wtq,Qwen/Qwen2.5-7B-Instruct,reason.extract_compute,reason,grounding.header_overlap,2663,0.612467142320691,0.6365001877581675,0.02403304543747653,0.02302025782688766,0.0010127876105888688,0.10214044310927525,0.07810739767179872,0.819752159218926
wtq,Qwen/Qwen2.5-7B-Instruct,reason.extract_compute,reason,intent.aggregate_noncount,488,0.5163934426229508,0.5573770491803278,0.040983606557377046,0.02302025782688766,0.017963348730489385,0.0942622950819672,0.05327868852459016,0.8524590163934426
wtq,Qwen/Qwen2.5-7B-Instruct,reason.extract_compute,reason,intent.arithmetic,150,0.5866666666666667,0.64,0.05333333333333334,0.02302025782688766,0.030313075506445675,0.10666666666666667,0.05333333333333334,0.84
wtq,Qwen/Qwen2.5-7B-Instruct,reason.extract_compute,reason,intent.comparison,148,0.47297297297297297,0.4864864864864865,0.013513513513513514,0.02302025782688766,-0.009506744313374147,0.14189189189189189,0.12837837837837837,0.7297297297297297
wtq,Qwen/Qwen2.5-7B-Instruct,reason.extract_compute,reason,intent.count,1718,0.46740395809080326,0.5011641443538999,0.033760186263096625,0.02302025782688766,0.010739928436208964,0.12922002328288706,0.09545983701979045,0.7753201396973225
wtq,Qwen/Qwen2.5-7B-Instruct,reason.extract_compute,reason,intent.negation_marker,183,0.4207650273224044,0.46994535519125685,0.04918032786885246,0.02302025782688766,0.026160070041964797,0.1366120218579235,0.08743169398907104,0.7759562841530054
wtq,Qwen/Qwen2.5-7B-Instruct,reason.extract_compute,reason,intent.superlative_rank,1368,0.6337719298245614,0.6498538011695907,0.01608187134502924,0.02302025782688766,-0.0069383864818584225,0.09941520467836257,0.08333333333333333,0.8172514619883041
wtq,Qwen/Qwen2.5-7B-Instruct,reason.extract_compute,reason,intent.temporal,1397,0.6020042949176807,0.6342161775232641,0.03221188260558339,0.02302025782688766,0.009191624778695732,0.11309949892627058,0.08088761632068718,0.8060128847530422
wtq,Qwen/Qwen2.5-7B-Instruct,reason.extract_compute,reason,schema.has_date_col,2446,0.5674570727718724,0.5838103025347506,0.016353229762878167,0.02302025782688766,-0.006667028064009494,0.10670482420278005,0.09035159443990189,0.802943581357318
wtq,Qwen/Qwen2.5-7B-Instruct,reason.extract_compute,reason,schema.has_rank_col,1620,0.6185185185185185,0.6425925925925926,0.024074074074074074,0.02302025782688766,0.0010538162471864128,0.10061728395061728,0.07654320987654321,0.8228395061728395
wtq,Qwen/Qwen2.5-7B-Instruct,reason.extract_compute,reason,schema.has_score_col,1181,0.5580016934801016,0.5918712955122777,0.03386960203217612,0.02302025782688766,0.01084934420528846,0.1143099068585944,0.08044030482641829,0.8052497883149873
wtq,Qwen/Qwen2.5-7B-Instruct,reason.extract_compute,reason,schema.has_unit_col,369,0.6016260162601627,0.6504065040650406,0.04878048780487805,0.02302025782688766,0.02576022997799039,0.10298102981029811,0.05420054200542006,0.8428184281842819
wtq,Qwen/Qwen2.5-7B-Instruct,reason.extract_compute,reason,schema.header_repetition_marker,162,0.43209876543209874,0.41975308641975306,-0.012345679012345678,0.02302025782688766,-0.035365936839233336,0.08641975308641975,0.09876543209876543,0.8148148148148148
wtq,Qwen/Qwen2.5-7B-Instruct,reason.extract_compute,reason,table.cols_bin=0_3,22,0.7272727272727273,0.7727272727272727,0.045454545454545456,0.02302025782688766,0.022434287627657794,0.09090909090909091,0.045454545454545456,0.8636363636363636
wtq,Qwen/Qwen2.5-7B-Instruct,reason.extract_compute,reason,table.cols_bin=4_6,2894,0.5898410504492052,0.6181755355908777,0.028334485141672427,0.02302025782688766,0.0053142273147847655,0.10815480304077402,0.07982031789910159,0.8120248790601244
wtq,Qwen/Qwen2.5-7B-Instruct,reason.extract_compute,reason,table.cols_bin=7_10,1332,0.5442942942942943,0.5548048048048048,0.010510510510510511,0.02302025782688766,-0.01250974731637715,0.10285285285285285,0.09234234234234234,0.8048048048048048
wtq,Qwen/Qwen2.5-7B-Instruct,reason.extract_compute,reason,table.cols_bin=gt_10,96,0.6145833333333334,0.6458333333333334,0.03125,0.02302025782688766,0.008229742173112339,0.14583333333333334,0.11458333333333333,0.7395833333333334
wtq,Qwen/Qwen2.5-7B-Instruct,reason.extract_compute,reason,table.numeric_cols_bin=0,823,0.5443499392466585,0.5492102065613609,0.004860267314702308,0.02302025782688766,-0.018159990512185354,0.09720534629404617,0.09234507897934387,0.81044957472661
wtq,Qwen/Qwen2.5-7B-Instruct,reason.extract_compute,reason,table.numeric_cols_bin=1,1523,0.5745239658568615,0.5981615233092581,0.023637557452396585,0.02302025782688766,0.0006172996255089241,0.10505581089954039,0.08141825344714379,0.8135259356533159
wtq,Qwen/Qwen2.5-7B-Instruct,reason.extract_compute,reason,table.numeric_cols_bin=2_3,1246,0.5730337078651685,0.5898876404494382,0.016853932584269662,0.02302025782688766,-0.006166325242617999,0.1043338683788122,0.08747993579454254,0.8081861958266453
wtq,Qwen/Qwen2.5-7B-Instruct,reason.extract_compute,reason,table.numeric_cols_bin=ge_4,752,0.625,0.6768617021276596,0.05186170212765957,0.02302025782688766,0.02884144430077191,0.1276595744680851,0.07579787234042554,0.7965425531914894
wtq,Qwen/Qwen2.5-7B-Instruct,reason.extract_compute,reason,table.numeric_density_bin=high,741,0.6383265856950068,0.6909581646423751,0.05263157894736842,0.02302025782688766,0.029611321120480757,0.13225371120107962,0.0796221322537112,0.7881241565452092
wtq,Qwen/Qwen2.5-7B-Instruct,reason.extract_compute,reason,table.numeric_density_bin=low,1413,0.5704175513092711,0.5937721160651097,0.02335456475583864,0.02302025782688766,0.00033430692895097813,0.10969568294409059,0.08634111818825195,0.8039631988676574
wtq,Qwen/Qwen2.5-7B-Instruct,reason.extract_compute,reason,table.numeric_density_bin=mid,1367,0.570592538405267,0.5881492318946598,0.01755669348939283,0.02302025782688766,-0.005463564337494831,0.09729334308705194,0.07973664959765911,0.8229700073152889
wtq,Qwen/Qwen2.5-7B-Instruct,reason.extract_compute,reason,table.numeric_density_bin=none,823,0.5443499392466585,0.5492102065613609,0.004860267314702308,0.02302025782688766,-0.018159990512185354,0.09720534629404617,0.09234507897934387,0.81044957472661
wtq,Qwen/Qwen2.5-7B-Instruct,reason.extract_compute,reason,table.rows_bin=0_5,7,0.5714285714285714,0.42857142857142855,-0.14285714285714285,0.02302025782688766,-0.1658774006840305,0.0,0.14285714285714285,0.8571428571428571
wtq,Qwen/Qwen2.5-7B-Instruct,reason.extract_compute,reason,table.rows_bin=11_25,2085,0.5774580335731415,0.5976019184652278,0.02014388489208633,0.02302025782688766,-0.002876372934801332,0.10983213429256594,0.08968824940047962,0.8004796163069544
wtq,Qwen/Qwen2.5-7B-Instruct,reason.extract_compute,reason,table.rows_bin=26_50,751,0.49533954727030627,0.5086551264980027,0.013315579227696404,0.02302025782688766,-0.009704678599191257,0.09320905459387484,0.07989347536617843,0.8268974700399467
wtq,Qwen/Qwen2.5-7B-Instruct,reason.extract_compute,reason,table.rows_bin=6_10,1187,0.6529064869418703,0.6908171861836563,0.037910699241786014,0.02302025782688766,0.014890441414898353,0.11794439764111204,0.08003369839932603,0.802021903959562
wtq,Qwen/Qwen2.5-7B-Instruct,reason.extract_compute,reason,table.rows_bin=gt_50,314,0.4840764331210191,0.4968152866242038,0.012738853503184714,0.02302025782688766,-0.010281404323702947,0.08598726114649681,0.0732484076433121,0.8407643312101911
wtq,Qwen/Qwen2.5-7B-Instruct,reason.extract_compute,reason,table.shape=balanced,2696,0.5608308605341247,0.577893175074184,0.017062314540059347,0.02302025782688766,-0.005957943286828315,0.09903560830860535,0.081973293768546,0.8189910979228486
wtq,Qwen/Qwen2.5-7B-Instruct,reason.extract_compute,reason,table.shape=tall,228,0.5,0.5263157894736842,0.02631578947368421,0.02302025782688766,0.0032955316467965477,0.10087719298245613,0.07456140350877193,0.8245614035087719
wtq,Qwen/Qwen2.5-7B-Instruct,reason.extract_compute,reason,table.shape=wide,1420,0.6204225352112676,0.6542253521126761,0.03380281690140845,0.02302025782688766,0.010782559074520786,0.12394366197183099,0.09014084507042254,0.7859154929577464
wtq,Qwen/Qwen2.5-7B-Instruct,reason.extract_compute,reason,text.has_number,1189,0.5550883095037847,0.567703952901598,0.012615643397813289,0.02302025782688766,-0.010404614429074373,0.10849453322119428,0.095878889823381,0.7956265769554247
wtq,Qwen/Qwen2.5-7B-Instruct,reason.extract_compute,reason,text.has_ordinal,636,0.6761006289308176,0.6792452830188679,0.0031446540880503146,0.02302025782688766,-0.019875603738837348,0.08490566037735849,0.08176100628930817,0.8333333333333334
wtq,Qwen/Qwen2.5-7B-Instruct,reason.extract_compute,reason,text.has_quoted_span,99,0.494949494949495,0.5151515151515151,0.020202020202020204,0.02302025782688766,-0.0028182376248674576,0.1414141414141414,0.12121212121212122,0.7373737373737373
wtq,Qwen/Qwen2.5-7B-Instruct,reason.extract_compute,reason,text.has_year,563,0.61101243339254,0.6252220248667851,0.014209591474245116,0.02302025782688766,-0.008810666352642545,0.0994671403197158,0.0852575488454707,0.8152753108348135
wtq,Qwen/Qwen2.5-7B-Instruct,reason.plan_answer,reason,cell.has_comma_number,616,0.5487012987012987,0.4902597402597403,-0.05844155844155844,-0.06883057090239411,0.010389012460835671,0.09253246753246754,0.15097402597402598,0.7564935064935064
wtq,Qwen/Qwen2.5-7B-Instruct,reason.plan_answer,reason,cell.has_currency,116,0.5086206896551724,0.41379310344827586,-0.09482758620689655,-0.06883057090239411,-0.025997015304502435,0.0603448275862069,0.15517241379310345,0.7844827586206896
wtq,Qwen/Qwen2.5-7B-Instruct,reason.plan_answer,reason,cell.has_date_like,3555,0.5718706047819971,0.49563994374120957,-0.07623066104078763,-0.06883057090239411,-0.007400090138393517,0.07398030942334739,0.150210970464135,0.7758087201125176
wtq,Qwen/Qwen2.5-7B-Instruct,reason.plan_answer,reason,cell.has_numeric_range,1367,0.5354791514264814,0.4542794440380395,-0.08119970738844184,-0.06883057090239411,-0.012369136486047733,0.07607900512070227,0.1572787125091441,0.7666422823701536
wtq,Qwen/Qwen2.5-7B-Instruct,reason.plan_answer,reason,cell.has_percent,129,0.5658914728682171,0.4573643410852713,-0.10852713178294573,-0.06883057090239411,-0.03969656088055162,0.06201550387596899,0.17054263565891473,0.7674418604651163
wtq,Qwen/Qwen2.5-7B-Instruct,reason.plan_answer,reason,cell.has_score_surface,710,0.5225352112676056,0.4507042253521127,-0.07183098591549296,-0.06883057090239411,-0.0030004150130988477,0.09295774647887324,0.1647887323943662,0.7422535211267606
wtq,Qwen/Qwen2.5-7B-Instruct,reason.plan_answer,reason,cell.missing_value_marker,2054,0.5662122687439143,0.4946445959104187,-0.07156767283349562,-0.06883057090239411,-0.002737101931101507,0.0730282375851996,0.14459591041869524,0.7823758519961052
wtq,Qwen/Qwen2.5-7B-Instruct,reason.plan_answer,reason,grounding.cell_overlap,2790,0.5867383512544803,0.5132616487455197,-0.07347670250896057,-0.06883057090239411,-0.0046461316065664615,0.07777777777777778,0.15125448028673835,0.7709677419354839
wtq,Qwen/Qwen2.5-7B-Instruct,reason.plan_answer,reason,grounding.header_overlap,2663,0.612467142320691,0.546751783702591,-0.06571535861809989,-0.06883057090239411,0.0031152122842942193,0.07773188133683816,0.14344723995493805,0.7788208787082238
wtq,Qwen/Qwen2.5-7B-Instruct,reason.plan_answer,reason,intent.aggregate_noncount,488,0.5163934426229508,0.45286885245901637,-0.06352459016393443,-0.06883057090239411,0.005305980738459684,0.06762295081967214,0.13114754098360656,0.8012295081967213
wtq,Qwen/Qwen2.5-7B-Instruct,reason.plan_answer,reason,intent.arithmetic,150,0.5866666666666667,0.5933333333333334,0.006666666666666667,-0.06883057090239411,0.07549723756906078,0.10666666666666667,0.1,0.7933333333333333
wtq,Qwen/Qwen2.5-7B-Instruct,reason.plan_answer,reason,intent.comparison,148,0.47297297297297297,0.3310810810810811,-0.14189189189189189,-0.06883057090239411,-0.07306132098949777,0.06756756756756757,0.20945945945945946,0.722972972972973
wtq,Qwen/Qwen2.5-7B-Instruct,reason.plan_answer,reason,intent.count,1718,0.46740395809080326,0.3731082654249127,-0.09429569266589057,-0.06883057090239411,-0.025465121763496454,0.08032596041909197,0.17462165308498254,0.7450523864959255
wtq,Qwen/Qwen2.5-7B-Instruct,reason.plan_answer,reason,intent.negation_marker,183,0.4207650273224044,0.41530054644808745,-0.00546448087431694,-0.06883057090239411,0.06336609002807717,0.14207650273224043,0.14754098360655737,0.7103825136612022
wtq,Qwen/Qwen2.5-7B-Instruct,reason.plan_answer,reason,intent.superlative_rank,1368,0.6337719298245614,0.5657894736842105,-0.06798245614035088,-0.06883057090239411,0.0008481147620432311,0.07602339181286549,0.1440058479532164,0.7799707602339181
wtq,Qwen/Qwen2.5-7B-Instruct,reason.plan_answer,reason,intent.temporal,1397,0.6020042949176807,0.5504652827487473,-0.05153901216893343,-0.06883057090239411,0.01729155873346068,0.09305654974946313,0.14459556191839656,0.7623478883321403
wtq,Qwen/Qwen2.5-7B-Instruct,reason.plan_answer,reason,schema.has_date_col,2446,0.5674570727718724,0.4946852003270646,-0.07277187244480784,-0.06883057090239411,-0.003941301542413733,0.07481602616516762,0.14758789860997548,0.777596075224857
wtq,Qwen/Qwen2.5-7B-Instruct,reason.plan_answer,reason,schema.has_rank_col,1620,0.6185185185185185,0.5518518518518518,-0.06666666666666667,-0.06883057090239411,0.0021639042357274457,0.07530864197530865,0.1419753086419753,0.782716049382716
wtq,Qwen/Qwen2.5-7B-Instruct,reason.plan_answer,reason,schema.has_score_col,1181,0.5580016934801016,0.4877222692633362,-0.07027942421676546,-0.06883057090239411,-0.0014488533143713483,0.0838272650296359,0.15410668924640136,0.7620660457239627
wtq,Qwen/Qwen2.5-7B-Instruct,reason.plan_answer,reason,schema.has_unit_col,369,0.6016260162601627,0.5528455284552846,-0.04878048780487805,-0.06883057090239411,0.02005008309751606,0.08130081300813008,0.13008130081300814,0.7886178861788617
wtq,Qwen/Qwen2.5-7B-Instruct,reason.plan_answer,reason,schema.header_repetition_marker,162,0.43209876543209874,0.4074074074074074,-0.024691358024691357,-0.06883057090239411,0.044139212877702755,0.10493827160493827,0.12962962962962962,0.7654320987654321
wtq,Qwen/Qwen2.5-7B-Instruct,reason.plan_answer,reason,table.cols_bin=0_3,22,0.7272727272727273,0.6363636363636364,-0.09090909090909091,-0.06883057090239411,-0.0220785200066968,0.045454545454545456,0.13636363636363635,0.8181818181818182
wtq,Qwen/Qwen2.5-7B-Instruct,reason.plan_answer,reason,table.cols_bin=4_6,2894,0.5898410504492052,0.5290255701451279,-0.0608154803040774,-0.06883057090239411,0.008015090598316711,0.0801658604008293,0.1409813407049067,0.778852798894264
wtq,Qwen/Qwen2.5-7B-Instruct,reason.plan_answer,reason,table.cols_bin=7_10,1332,0.5442942942942943,0.45645645645645644,-0.08783783783783784,-0.06883057090239411,-0.01900726693544373,0.07432432432432433,0.16216216216216217,0.7635135135135135
wtq,Qwen/Qwen2.5-7B-Instruct,reason.plan_answer,reason,table.cols_bin=gt_10,96,0.6145833333333334,0.5729166666666666,-0.041666666666666664,-0.06883057090239411,0.027163904235727447,0.08333333333333333,0.125,0.7916666666666666
wtq,Qwen/Qwen2.5-7B-Instruct,reason.plan_answer,reason,table.numeric_cols_bin=0,823,0.5443499392466585,0.4641555285540705,-0.08019441069258809,-0.06883057090239411,-0.01136383979019398,0.07654921020656136,0.15674362089914945,0.7667071688942891
wtq,Qwen/Qwen2.5-7B-Instruct,reason.plan_answer,reason,table.numeric_cols_bin=1,1523,0.5745239658568615,0.5029546946815495,-0.07156927117531188,-0.06883057090239411,-0.0027387002729177684,0.07419566644780039,0.14576493762311227,0.7800393959290873
wtq,Qwen/Qwen2.5-7B-Instruct,reason.plan_answer,reason,table.numeric_cols_bin=2_3,1246,0.5730337078651685,0.49919743178170145,-0.0738362760834671,-0.06883057090239411,-0.005005705181072989,0.07303370786516854,0.14686998394863562,0.7800963081861958
wtq,Qwen/Qwen2.5-7B-Instruct,reason.plan_answer,reason,table.numeric_cols_bin=ge_4,752,0.625,0.5824468085106383,-0.0425531914893617,-0.06883057090239411,0.02627737941303241,0.09707446808510638,0.13962765957446807,0.7632978723404256
wtq,Qwen/Qwen2.5-7B-Instruct,reason.plan_answer,reason,table.numeric_density_bin=high,741,0.6383265856950068,0.5978407557354926,-0.04048582995951417,-0.06883057090239411,0.02834474094287994,0.10256410256410256,0.14304993252361672,0.7543859649122807
wtq,Qwen/Qwen2.5-7B-Instruct,reason.plan_answer,reason,table.numeric_density_bin=low,1413,0.5704175513092711,0.4968152866242038,-0.07360226468506724,-0.06883057090239411,-0.004771693782673128,0.07430997876857749,0.14791224345364473,0.7777777777777778
wtq,Qwen/Qwen2.5-7B-Instruct,reason.plan_answer,reason,table.numeric_density_bin=mid,1367,0.570592538405267,0.4981711777615216,-0.07242136064374542,-0.06883057090239411,-0.0035907897413513107,0.07022677395757132,0.14264813460131676,0.787125091441112
wtq,Qwen/Qwen2.5-7B-Instruct,reason.plan_answer,reason,table.numeric_density_bin=none,823,0.5443499392466585,0.4641555285540705,-0.08019441069258809,-0.06883057090239411,-0.01136383979019398,0.07654921020656136,0.15674362089914945,0.7667071688942891
wtq,Qwen/Qwen2.5-7B-Instruct,reason.plan_answer,reason,table.rows_bin=0_5,7,0.5714285714285714,0.2857142857142857,-0.2857142857142857,-0.06883057090239411,-0.2168837148118916,0.0,0.2857142857142857,0.7142857142857143
wtq,Qwen/Qwen2.5-7B-Instruct,reason.plan_answer,reason,table.rows_bin=11_25,2085,0.5774580335731415,0.497841726618705,-0.07961630695443644,-0.06883057090239411,-0.010785736052042333,0.07434052757793765,0.1539568345323741,0.7717026378896883
wtq,Qwen/Qwen2.5-7B-Instruct,reason.plan_answer,reason,table.rows_bin=26_50,751,0.49533954727030627,0.3994673768308921,-0.09587217043941411,-0.06883057090239411,-0.027041599537019997,0.06125166444740346,0.15712383488681758,0.7816245006657789
wtq,Qwen/Qwen2.5-7B-Instruct,reason.plan_answer,reason,table.rows_bin=6_10,1187,0.6529064869418703,0.6208930075821398,-0.03201347935973041,-0.06883057090239411,0.0368170915426637,0.10193765796124685,0.13395113732097724,0.7641112047177759
wtq,Qwen/Qwen2.5-7B-Instruct,reason.plan_answer,reason,table.rows_bin=gt_50,314,0.4840764331210191,0.4171974522292994,-0.06687898089171974,-0.06883057090239411,0.0019515900106743672,0.05732484076433121,0.12420382165605096,0.8184713375796179
wtq,Qwen/Qwen2.5-7B-Instruct,reason.plan_answer,reason,table.shape=balanced,2696,0.5608308605341247,0.4833086053412463,-0.07752225519287834,-0.06883057090239411,-0.008691684290484225,0.07492581602373888,0.15244807121661721,0.7726261127596439
wtq,Qwen/Qwen2.5-7B-Instruct,reason.plan_answer,reason,table.shape=tall,228,0.5,0.43859649122807015,-0.06140350877192982,-0.06883057090239411,0.00742706213046429,0.04824561403508772,0.10964912280701754,0.8421052631578947
wtq,Qwen/Qwen2.5-7B-Instruct,reason.plan_answer,reason,table.shape=wide,1420,0.6204225352112676,0.5669014084507042,-0.05352112676056338,-0.06883057090239411,0.015309444141830733,0.08943661971830986,0.14295774647887324,0.7676056338028169
wtq,Qwen/Qwen2.5-7B-Instruct,reason.plan_answer,reason,text.has_number,1189,0.5550883095037847,0.4726661059714045,-0.08242220353238015,-0.06883057090239411,-0.013591632629986042,0.0798990748528175,0.16232127838519764,0.7577796467619848
wtq,Qwen/Qwen2.5-7B-Instruct,reason.plan_answer,reason,text.has_ordinal,636,0.6761006289308176,0.5990566037735849,-0.0770440251572327,-0.06883057090239411,-0.00821345425483859,0.06132075471698113,0.13836477987421383,0.800314465408805
wtq,Qwen/Qwen2.5-7B-Instruct,reason.plan_answer,reason,text.has_quoted_span,99,0.494949494949495,0.48484848484848486,-0.010101010101010102,-0.06883057090239411,0.05872956080138401,0.08080808080808081,0.09090909090909091,0.8282828282828283
wtq,Qwen/Qwen2.5-7B-Instruct,reason.plan_answer,reason,text.has_year,563,0.61101243339254,0.5541740674955595,-0.056838365896980464,-0.06883057090239411,0.011992205005413648,0.0905861456483126,0.14742451154529307,0.7619893428063943
wtq,Qwen/Qwen2.5-7B-Instruct,reason.symbolic_op,reason,cell.has_comma_number,616,0.5487012987012987,0.5178571428571429,-0.030844155844155844,-0.03729281767955801,0.006448661835402169,0.08279220779220779,0.11363636363636363,0.8035714285714286
wtq,Qwen/Qwen2.5-7B-Instruct,reason.symbolic_op,reason,cell.has_currency,116,0.5086206896551724,0.47413793103448276,-0.034482758620689655,-0.03729281767955801,0.0028100590588683583,0.11206896551724138,0.14655172413793102,0.7413793103448276
wtq,Qwen/Qwen2.5-7B-Instruct,reason.symbolic_op,reason,cell.has_date_like,3555,0.5718706047819971,0.5308016877637131,-0.04106891701828411,-0.03729281767955801,-0.003776099338726094,0.08185654008438818,0.12292545710267229,0.7952180028129395
wtq,Qwen/Qwen2.5-7B-Instruct,reason.symbolic_op,reason,cell.has_numeric_range,1367,0.5354791514264814,0.48866130212143377,-0.04681784930504755,-0.03729281767955801,-0.009525031625489538,0.08046817849305048,0.12728602779809803,0.7922457937088515
wtq,Qwen/Qwen2.5-7B-Instruct,reason.symbolic_op,reason,cell.has_percent,129,0.5658914728682171,0.4806201550387597,-0.08527131782945736,-0.03729281767955801,-0.04797850014989935,0.06201550387596899,0.14728682170542637,0.7906976744186046
wtq,Qwen/Qwen2.5-7B-Instruct,reason.symbolic_op,reason,cell.has_score_surface,710,0.5225352112676056,0.4830985915492958,-0.03943661971830986,-0.03729281767955801,-0.002143802038751849,0.08873239436619719,0.12816901408450704,0.7830985915492957
wtq,Qwen/Qwen2.5-7B-Instruct,reason.symbolic_op,reason,cell.missing_value_marker,2054,0.5662122687439143,0.5292112950340798,-0.03700097370983447,-0.03729281767955801,0.0002918439697235445,0.08422590068159688,0.12122687439143136,0.7945472249269717
wtq,Qwen/Qwen2.5-7B-Instruct,reason.symbolic_op,reason,grounding.cell_overlap,2790,0.5867383512544803,0.5584229390681004,-0.028315412186379927,-0.03729281767955801,0.008977405493178086,0.08673835125448029,0.11505376344086021,0.7982078853046595
wtq,Qwen/Qwen2.5-7B-Instruct,reason.symbolic_op,reason,grounding.header_overlap,2663,0.612467142320691,0.5711603454750281,-0.04130679684566279,-0.03729281767955801,-0.004013979166104777,0.07885843034171987,0.12016522718738265,0.8009763424708974
wtq,Qwen/Qwen2.5-7B-Instruct,reason.symbolic_op,reason,intent.aggregate_noncount,488,0.5163934426229508,0.5,-0.01639344262295082,-0.03729281767955801,0.020899375056607192,0.08196721311475409,0.09836065573770492,0.819672131147541
wtq,Qwen/Qwen2.5-7B-Instruct,reason.symbolic_op,reason,intent.arithmetic,150,0.5866666666666667,0.58,-0.006666666666666667,-0.03729281767955801,0.030626151012891345,0.07333333333333333,0.08,0.8466666666666667
wtq,Qwen/Qwen2.5-7B-Instruct,reason.symbolic_op,reason,intent.comparison,148,0.47297297297297297,0.43243243243243246,-0.04054054054054054,-0.03729281767955801,-0.00324772286098253,0.10810810810810811,0.14864864864864866,0.7432432432432432
wtq,Qwen/Qwen2.5-7B-Instruct,reason.symbolic_op,reason,intent.count,1718,0.46740395809080326,0.4179278230500582,-0.04947613504074505,-0.03729281767955801,-0.012183317361187038,0.09429569266589057,0.14377182770663563,0.7619324796274738
wtq,Qwen/Qwen2.5-7B-Instruct,reason.symbolic_op,reason,intent.negation_marker,183,0.4207650273224044,0.40437158469945356,-0.01639344262295082,-0.03729281767955801,0.020899375056607192,0.10382513661202186,0.12021857923497267,0.7759562841530054
wtq,Qwen/Qwen2.5-7B-Instruct,reason.symbolic_op,reason,intent.superlative_rank,1368,0.6337719298245614,0.5723684210526315,-0.06140350877192982,-0.03729281767955801,-0.024110691092371808,0.07456140350877193,0.13596491228070176,0.7894736842105263
wtq,Qwen/Qwen2.5-7B-Instruct,reason.symbolic_op,reason,intent.temporal,1397,0.6020042949176807,0.5740873299928418,-0.02791696492483894,-0.03729281767955801,0.009375852754719072,0.08661417322834646,0.1145311381531854,0.7988546886184682
wtq,Qwen/Qwen2.5-7B-Instruct,reason.symbolic_op,reason,schema.has_date_col,2446,0.5674570727718724,0.526573998364677,-0.04088307440719542,-0.03729281767955801,-0.0035902567276374087,0.08299264104660671,0.12387571545380213,0.7931316434995912
wtq,Qwen/Qwen2.5-7B-Instruct,reason.symbolic_op,reason,schema.has_rank_col,1620,0.6185185185185185,0.5876543209876544,-0.030864197530864196,-0.03729281767955801,0.006428620148693817,0.08765432098765433,0.11851851851851852,0.7938271604938272
wtq,Qwen/Qwen2.5-7B-Instruct,reason.symbolic_op,reason,schema.has_score_col,1181,0.5580016934801016,0.5317527519051651,-0.026248941574936496,-0.03729281767955801,0.011043876104621517,0.08890770533446232,0.11515664690939881,0.7959356477561389
wtq,Qwen/Qwen2.5-7B-Instruct,reason.symbolic_op,reason,schema.has_unit_col,369,0.6016260162601627,0.5636856368563685,-0.037940379403794036,-0.03729281767955801,-0.0006475617242360232,0.06504065040650407,0.10298102981029811,0.8319783197831978
wtq,Qwen/Qwen2.5-7B-Instruct,reason.symbolic_op,reason,schema.header_repetition_marker,162,0.43209876543209874,0.4074074074074074,-0.024691358024691357,-0.03729281767955801,0.012601459654866656,0.06790123456790123,0.09259259259259259,0.8395061728395061
wtq,Qwen/Qwen2.5-7B-Instruct,reason.symbolic_op,reason,table.cols_bin=0_3,22,0.7272727272727273,0.6363636363636364,-0.09090909090909091,-0.03729281767955801,-0.0536162732295329,0.045454545454545456,0.13636363636363635,0.8181818181818182
wtq,Qwen/Qwen2.5-7B-Instruct,reason.symbolic_op,reason,table.cols_bin=4_6,2894,0.5898410504492052,0.5518313752591569,-0.03800967519004837,-0.03729281767955801,-0.0007168575104903596,0.08223911541119558,0.12024879060124395,0.7975120939875605
wtq,Qwen/Qwen2.5-7B-Instruct,reason.symbolic_op,reason,table.cols_bin=7_10,1332,0.5442942942942943,0.5075075075075075,-0.03678678678678678,-0.03729281767955801,0.0005060308927712295,0.08708708708708708,0.12387387387387387,0.789039039039039
wtq,Qwen/Qwen2.5-7B-Instruct,reason.symbolic_op,reason,table.cols_bin=gt_10,96,0.6145833333333334,0.6041666666666666,-0.010416666666666666,-0.03729281767955801,0.02687615101289135,0.08333333333333333,0.09375,0.8229166666666666
wtq,Qwen/Qwen2.5-7B-Instruct,reason.symbolic_op,reason,table.numeric_cols_bin=0,823,0.5443499392466585,0.49817739975698666,-0.046172539489671933,-0.03729281767955801,-0.00887972181011392,0.07411907654921021,0.12029161603888214,0.8055893074119077
wtq,Qwen/Qwen2.5-7B-Instruct,reason.symbolic_op,reason,table.numeric_cols_bin=1,1523,0.5745239658568615,0.525935653315824,-0.048588312541037425,-0.03729281767955801,-0.011295494861479412,0.08076165462902167,0.1293499671700591,0.7898883782009193
wtq,Qwen/Qwen2.5-7B-Instruct,reason.symbolic_op,reason,table.numeric_cols_bin=2_3,1246,0.5730337078651685,0.5393258426966292,-0.033707865168539325,-0.03729281767955801,0.003584952511018688,0.08667736757624397,0.12038523274478331,0.7929373996789727
wtq,Qwen/Qwen2.5-7B-Instruct,reason.symbolic_op,reason,table.numeric_cols_bin=ge_4,752,0.625,0.6143617021276596,-0.010638297872340425,-0.03729281767955801,0.026654519807217586,0.09441489361702128,0.10505319148936171,0.800531914893617
wtq,Qwen/Qwen2.5-7B-Instruct,reason.symbolic_op,reason,table.numeric_density_bin=high,741,0.6383265856950068,0.6234817813765182,-0.014844804318488529,-0.03729281767955801,0.022448013361069483,0.09851551956815115,0.11336032388663968,0.7881241565452092
wtq,Qwen/Qwen2.5-7B-Instruct,reason.symbolic_op,reason,table.numeric_density_bin=low,1413,0.5704175513092711,0.5208775654635527,-0.04953998584571833,-0.03729281767955801,-0.012247168166160317,0.08280254777070063,0.13234253361641896,0.7848549186128804
wtq,Qwen/Qwen2.5-7B-Instruct,reason.symbolic_op,reason,table.numeric_density_bin=mid,1367,0.570592538405267,0.5391367959034382,-0.03145574250182882,-0.03729281767955801,0.00583707517772919,0.08193123628383321,0.11338697878566203,0.8046817849305048
wtq,Qwen/Qwen2.5-7B-Instruct,reason.symbolic_op,reason,table.numeric_density_bin=none,823,0.5443499392466585,0.49817739975698666,-0.046172539489671933,-0.03729281767955801,-0.00887972181011392,0.07411907654921021,0.12029161603888214,0.8055893074119077
wtq,Qwen/Qwen2.5-7B-Instruct,reason.symbolic_op,reason,table.rows_bin=0_5,7,0.5714285714285714,0.42857142857142855,-0.14285714285714285,-0.03729281767955801,-0.10556432517758484,0.0,0.14285714285714285,0.8571428571428571
wtq,Qwen/Qwen2.5-7B-Instruct,reason.symbolic_op,reason,table.rows_bin=11_25,2085,0.5774580335731415,0.5333333333333333,-0.044124700239808155,-0.03729281767955801,-0.006831882560250142,0.08872901678657075,0.1328537170263789,0.7784172661870503
wtq,Qwen/Qwen2.5-7B-Instruct,reason.symbolic_op,reason,table.rows_bin=26_50,751,0.49533954727030627,0.45539280958721706,-0.03994673768308921,-0.03729281767955801,-0.0026539200035312002,0.0692410119840213,0.10918774966711052,0.8215712383488681
wtq,Qwen/Qwen2.5-7B-Instruct,reason.symbolic_op,reason,table.rows_bin=6_10,1187,0.6529064869418703,0.6293176074136478,-0.02358887952822241,-0.03729281767955801,0.013703938151335603,0.08761583824768324,0.11120471777590564,0.8011794439764112
wtq,Qwen/Qwen2.5-7B-Instruct,reason.symbolic_op,reason,table.rows_bin=gt_50,314,0.4840764331210191,0.44904458598726116,-0.03503184713375796,-0.03729281767955801,0.002260970545800052,0.07006369426751592,0.10509554140127389,0.8248407643312102
wtq,Qwen/Qwen2.5-7B-Instruct,reason.symbolic_op,reason,table.shape=balanced,2696,0.5608308605341247,0.517433234421365,-0.043397626112759644,-0.03729281767955801,-0.006104808433201631,0.07826409495548961,0.12166172106824925,0.8000741839762612
wtq,Qwen/Qwen2.5-7B-Instruct,reason.symbolic_op,reason,table.shape=tall,228,0.5,0.45614035087719296,-0.043859649122807015,-0.03729281767955801,-0.006566831443249002,0.06140350877192982,0.10526315789473684,0.8333333333333334
wtq,Qwen/Qwen2.5-7B-Instruct,reason.symbolic_op,reason,table.shape=wide,1420,0.6204225352112676,0.5957746478873239,-0.02464788732394366,-0.03729281767955801,0.012644930355614353,0.09718309859154929,0.12183098591549296,0.7809859154929577
wtq,Qwen/Qwen2.5-7B-Instruct,reason.symbolic_op,reason,text.has_number,1189,0.5550883095037847,0.5138772077375946,-0.04121110176619008,-0.03729281767955801,-0.003918284086632064,0.08578637510513036,0.12699747687132043,0.7872161480235492
wtq,Qwen/Qwen2.5-7B-Instruct,reason.symbolic_op,reason,text.has_ordinal,636,0.6761006289308176,0.6320754716981132,-0.0440251572327044,-0.03729281767955801,-0.006732339553146387,0.0660377358490566,0.11006289308176101,0.8238993710691824
wtq,Qwen/Qwen2.5-7B-Instruct,reason.symbolic_op,reason,text.has_quoted_span,99,0.494949494949495,0.48484848484848486,-0.010101010101010102,-0.03729281767955801,0.02719180757854791,0.1414141414141414,0.15151515151515152,0.7070707070707071
wtq,Qwen/Qwen2.5-7B-Instruct,reason.symbolic_op,reason,text.has_year,563,0.61101243339254,0.5808170515097691,-0.03019538188277087,-0.03729281767955801,0.007097435796787142,0.08170515097690942,0.11190053285968028,0.8063943161634103
wtq,Qwen/Qwen2.5-7B-Instruct,reason.verify,reason,cell.has_comma_number,616,0.5487012987012987,0.5909090909090909,0.04220779220779221,0.01818600368324125,0.024021788524550957,0.10876623376623376,0.06655844155844155,0.8246753246753247
wtq,Qwen/Qwen2.5-7B-Instruct,reason.verify,reason,cell.has_currency,116,0.5086206896551724,0.5086206896551724,0.0,0.01818600368324125,-0.01818600368324125,0.0603448275862069,0.0603448275862069,0.8793103448275862
wtq,Qwen/Qwen2.5-7B-Instruct,reason.verify,reason,cell.has_date_like,3555,0.5718706047819971,0.5822784810126582,0.01040787623066104,0.01818600368324125,-0.00777812745258021,0.08241912798874824,0.0720112517580872,0.8455696202531645
wtq,Qwen/Qwen2.5-7B-Instruct,reason.verify,reason,cell.has_numeric_range,1367,0.5354791514264814,0.542794440380395,0.0073152889539136795,0.01818600368324125,-0.01087071472932757,0.08119970738844184,0.07388441843452817,0.84491587417703
wtq,Qwen/Qwen2.5-7B-Instruct,reason.verify,reason,cell.has_percent,129,0.5658914728682171,0.5658914728682171,0.0,0.01818600368324125,-0.01818600368324125,0.06976744186046512,0.06976744186046512,0.8604651162790697
wtq,Qwen/Qwen2.5-7B-Instruct,reason.verify,reason,cell.has_score_surface,710,0.5225352112676056,0.5408450704225352,0.018309859154929577,0.01818600368324125,0.0001238554716883264,0.08873239436619719,0.07042253521126761,0.8408450704225352
wtq,Qwen/Qwen2.5-7B-Instruct,reason.verify,reason,cell.missing_value_marker,2054,0.5662122687439143,0.5856864654333008,0.019474196689386564,0.01818600368324125,0.0012881930061453134,0.08568646543330087,0.06621226874391431,0.8481012658227848
wtq,Qwen/Qwen2.5-7B-Instruct,reason.verify,reason,grounding.cell_overlap,2790,0.5867383512544803,0.6050179211469534,0.01827956989247312,0.01818600368324125,9.356620923186773e-05,0.0906810035842294,0.07240143369175628,0.8369175627240143
wtq,Qwen/Qwen2.5-7B-Instruct,reason.verify,reason,grounding.header_overlap,2663,0.612467142320691,0.6316184754036801,0.01915133308298911,0.01818600368324125,0.0009653293997478607,0.08374014269620729,0.06458880961321818,0.8516710476905746
wtq,Qwen/Qwen2.5-7B-Instruct,reason.verify,reason,intent.aggregate_noncount,488,0.5163934426229508,0.555327868852459,0.0389344262295082,0.01818600368324125,0.020748422546266947,0.0860655737704918,0.0471311475409836,0.8668032786885246
wtq,Qwen/Qwen2.5-7B-Instruct,reason.verify,reason,intent.arithmetic,150,0.5866666666666667,0.64,0.05333333333333334,0.01818600368324125,0.03514732965009208,0.1,0.04666666666666667,0.8533333333333334
wtq,Qwen/Qwen2.5-7B-Instruct,reason.verify,reason,intent.comparison,148,0.47297297297297297,0.49324324324324326,0.02027027027027027,0.01818600368324125,0.0020842665870290204,0.12837837837837837,0.10810810810810811,0.7635135135135135
wtq,Qwen/Qwen2.5-7B-Instruct,reason.verify,reason,intent.count,1718,0.46740395809080326,0.4976717112922002,0.030267753201396973,0.01818600368324125,0.012081749518155722,0.11583236321303841,0.08556461001164144,0.7986030267753201
wtq,Qwen/Qwen2.5-7B-Instruct,reason.verify,reason,intent.negation_marker,183,0.4207650273224044,0.4808743169398907,0.060109289617486336,0.01818600368324125,0.04192328593424509,0.1092896174863388,0.04918032786885246,0.8415300546448088
wtq,Qwen/Qwen2.5-7B-Instruct,reason.verify,reason,intent.superlative_rank,1368,0.6337719298245614,0.6600877192982456,0.02631578947368421,0.01818600368324125,0.008129785790442958,0.08845029239766082,0.062134502923976605,0.8494152046783626
wtq,Qwen/Qwen2.5-7B-Instruct,reason.verify,reason,intent.temporal,1397,0.6020042949176807,0.623478883321403,0.021474588403722263,0.01818600368324125,0.0032885847204810123,0.08876163206871868,0.06728704366499642,0.8439513242662849
wtq,Qwen/Qwen2.5-7B-Instruct,reason.verify,reason,schema.has_date_col,2446,0.5674570727718724,0.5784955028618152,0.011038430089942763,0.01818600368324125,-0.0071475735932984875,0.08094848732624693,0.06991005723630417,0.8491414554374489
wtq,Qwen/Qwen2.5-7B-Instruct,reason.verify,reason,schema.has_rank_col,1620,0.6185185185185185,0.6444444444444445,0.025925925925925925,0.01818600368324125,0.007739922242684674,0.08888888888888889,0.06296296296296296,0.8481481481481481
wtq,Qwen/Qwen2.5-7B-Instruct,reason.verify,reason,schema.has_score_col,1181,0.5580016934801016,0.5800169348010161,0.02201524132091448,0.01818600368324125,0.0038292376376732294,0.09060118543607112,0.06858594411515664,0.8408128704487722
wtq,Qwen/Qwen2.5-7B-Instruct,reason.verify,reason,schema.has_unit_col,369,0.6016260162601627,0.6260162601626016,0.024390243902439025,0.01818600368324125,0.006204240219197774,0.08130081300813008,0.056910569105691054,0.8617886178861789
wtq,Qwen/Qwen2.5-7B-Instruct,reason.verify,reason,schema.header_repetition_marker,162,0.43209876543209874,0.42592592592592593,-0.006172839506172839,0.01818600368324125,-0.02435884318941409,0.07407407407407407,0.08024691358024691,0.845679012345679
wtq,Qwen/Qwen2.5-7B-Instruct,reason.verify,reason,table.cols_bin=0_3,22,0.7272727272727273,0.6363636363636364,-0.09090909090909091,0.01818600368324125,-0.10909509459233216,0.0,0.09090909090909091,0.9090909090909091
wtq,Qwen/Qwen2.5-7B-Instruct,reason.verify,reason,table.cols_bin=4_6,2894,0.5898410504492052,0.6143745680718729,0.02453351762266759,0.01818600368324125,0.006347513939426338,0.09087767795438839,0.0663441603317208,0.8427781617138909
wtq,Qwen/Qwen2.5-7B-Instruct,reason.verify,reason,table.cols_bin=7_10,1332,0.5442942942942943,0.5442942942942943,0.0,0.01818600368324125,-0.01818600368324125,0.07882882882882883,0.07882882882882883,0.8423423423423423
wtq,Qwen/Qwen2.5-7B-Instruct,reason.verify,reason,table.cols_bin=gt_10,96,0.6145833333333334,0.71875,0.10416666666666667,0.01818600368324125,0.08598066298342542,0.16666666666666666,0.0625,0.7708333333333334
wtq,Qwen/Qwen2.5-7B-Instruct,reason.verify,reason,table.numeric_cols_bin=0,823,0.5443499392466585,0.5528554070473876,0.00850546780072904,0.01818600368324125,-0.009680535882512211,0.08869987849331713,0.08019441069258809,0.8311057108140948
wtq,Qwen/Qwen2.5-7B-Instruct,reason.verify,reason,table.numeric_cols_bin=1,1523,0.5745239658568615,0.5751805646749836,0.0006565988181221273,0.01818600368324125,-0.017529404865119124,0.07485226526592252,0.07419566644780039,0.8509520682862771
wtq,Qwen/Qwen2.5-7B-Instruct,reason.verify,reason,table.numeric_cols_bin=2_3,1246,0.5730337078651685,0.5963081861958266,0.023274478330658106,0.01818600368324125,0.005088474647416855,0.08828250401284109,0.06500802568218299,0.8467094703049759
wtq,Qwen/Qwen2.5-7B-Instruct,reason.verify,reason,table.numeric_cols_bin=ge_4,752,0.625,0.6808510638297872,0.05585106382978723,0.01818600368324125,0.037665060146545984,0.11569148936170212,0.0598404255319149,0.824468085106383
wtq,Qwen/Qwen2.5-7B-Instruct,reason.verify,reason,table.numeric_density_bin=high,741,0.6383265856950068,0.6855600539811066,0.04723346828609987,0.01818600368324125,0.029047464602858616,0.11336032388663968,0.06612685560053981,0.8205128205128205
wtq,Qwen/Qwen2.5-7B-Instruct,reason.verify,reason,table.numeric_density_bin=low,1413,0.5704175513092711,0.5704175513092711,0.0,0.01818600368324125,-0.01818600368324125,0.07360226468506724,0.07360226468506724,0.8527954706298655
wtq,Qwen/Qwen2.5-7B-Instruct,reason.verify,reason,table.numeric_density_bin=mid,1367,0.570592538405267,0.5976591075347476,0.027066569129480616,0.01818600368324125,0.008880565446239365,0.08997805413313825,0.06291148500365765,0.8471104608632041
wtq,Qwen/Qwen2.5-7B-Instruct,reason.verify,reason,table.numeric_density_bin=none,823,0.5443499392466585,0.5528554070473876,0.00850546780072904,0.01818600368324125,-0.009680535882512211,0.08869987849331713,0.08019441069258809,0.8311057108140948
wtq,Qwen/Qwen2.5-7B-Instruct,reason.verify,reason,table.rows_bin=0_5,7,0.5714285714285714,0.42857142857142855,-0.14285714285714285,0.01818600368324125,-0.1610431465403841,0.14285714285714285,0.2857142857142857,0.5714285714285714
wtq,Qwen/Qwen2.5-7B-Instruct,reason.verify,reason,table.rows_bin=11_25,2085,0.5774580335731415,0.5971223021582733,0.019664268585131893,0.01818600368324125,0.001478264901890642,0.08633093525179857,0.06666666666666667,0.8470023980815348
wtq,Qwen/Qwen2.5-7B-Instruct,reason.verify,reason,table.rows_bin=26_50,751,0.49533954727030627,0.5059920106524634,0.010652463382157125,0.01818600368324125,-0.007533540301084126,0.08655126498002663,0.0758988015978695,0.8375499334221038
wtq,Qwen/Qwen2.5-7B-Instruct,reason.verify,reason,table.rows_bin=6_10,1187,0.6529064869418703,0.6722830665543387,0.019376579612468407,0.01818600368324125,0.0011905759292271563,0.09435551811288964,0.07497893850042123,0.8306655433866892
wtq,Qwen/Qwen2.5-7B-Instruct,reason.verify,reason,table.rows_bin=gt_50,314,0.4840764331210191,0.5095541401273885,0.025477707006369428,0.01818600368324125,0.007291703323128177,0.08280254777070063,0.05732484076433121,0.8598726114649682
wtq,Qwen/Qwen2.5-7B-Instruct,reason.verify,reason,table.shape=balanced,2696,0.5608308605341247,0.5738130563798219,0.01298219584569733,0.01818600368324125,-0.005203807837543921,0.08234421364985163,0.0693620178041543,0.848293768545994
wtq,Qwen/Qwen2.5-7B-Instruct,reason.verify,reason,table.shape=tall,228,0.5,0.5263157894736842,0.02631578947368421,0.01818600368324125,0.008129785790442958,0.09649122807017543,0.07017543859649122,0.8333333333333334
wtq,Qwen/Qwen2.5-7B-Instruct,reason.verify,reason,table.shape=wide,1420,0.6204225352112676,0.6471830985915493,0.02676056338028169,0.01818600368324125,0.008574559697040438,0.09859154929577464,0.07183098591549296,0.8295774647887324
wtq,Qwen/Qwen2.5-7B-Instruct,reason.verify,reason,text.has_number,1189,0.5550883095037847,0.5719091673675357,0.01682085786375105,0.01818600368324125,-0.0013651458194901996,0.09671993271656855,0.0798990748528175,0.8233809924306139
wtq,Qwen/Qwen2.5-7B-Instruct,reason.verify,reason,text.has_ordinal,636,0.6761006289308176,0.6855345911949685,0.009433962264150943,0.01818600368324125,-0.008752041419090308,0.0660377358490566,0.05660377358490566,0.8773584905660378
wtq,Qwen/Qwen2.5-7B-Instruct,reason.verify,reason,text.has_quoted_span,99,0.494949494949495,0.5151515151515151,0.020202020202020204,0.01818600368324125,0.0020160165187789528,0.09090909090909091,0.0707070707070707,0.8383838383838383
wtq,Qwen/Qwen2.5-7B-Instruct,reason.verify,reason,text.has_year,563,0.61101243339254,0.6198934280639432,0.008880994671403197,0.01818600368324125,-0.009305009011838054,0.0852575488454707,0.0763765541740675,0.8383658969804618
wtq,Qwen/Qwen2.5-7B-Instruct,ser.html,ser,cell.has_comma_number,616,0.5487012987012987,0.5827922077922078,0.03409090909090909,0.01358195211786372,0.02050895697304537,0.12175324675324675,0.08766233766233766,0.7905844155844156
wtq,Qwen/Qwen2.5-7B-Instruct,ser.html,ser,cell.has_currency,116,0.5086206896551724,0.5603448275862069,0.05172413793103448,0.01358195211786372,0.03814218581317076,0.11206896551724138,0.0603448275862069,0.8275862068965517
wtq,Qwen/Qwen2.5-7B-Instruct,ser.html,ser,cell.has_date_like,3555,0.5718706047819971,0.5836849507735584,0.01181434599156118,0.01358195211786372,-0.0017676061263025393,0.1060478199718706,0.09423347398030943,0.79971870604782
wtq,Qwen/Qwen2.5-7B-Instruct,ser.html,ser,cell.has_numeric_range,1367,0.5354791514264814,0.5405998536942209,0.005120702267739576,0.01358195211786372,-0.008461249850124145,0.10168251645940014,0.09656181419166057,0.8017556693489393
wtq,Qwen/Qwen2.5-7B-Instruct,ser.html,ser,cell.has_percent,129,0.5658914728682171,0.5813953488372093,0.015503875968992248,0.01358195211786372,0.0019219238511285278,0.13953488372093023,0.12403100775193798,0.7364341085271318
wtq,Qwen/Qwen2.5-7B-Instruct,ser.html,ser,cell.has_score_surface,710,0.5225352112676056,0.5408450704225352,0.018309859154929577,0.01358195211786372,0.004727907037065857,0.11126760563380282,0.09295774647887324,0.795774647887324
wtq,Qwen/Qwen2.5-7B-Instruct,ser.html,ser,cell.missing_value_marker,2054,0.5662122687439143,0.5666991236611489,0.0004868549172346641,0.01358195211786372,-0.013095097200629057,0.09931840311587146,0.0988315481986368,0.8018500486854917
wtq,Qwen/Qwen2.5-7B-Instruct,ser.html,ser,grounding.cell_overlap,2790,0.5867383512544803,0.5967741935483871,0.01003584229390681,0.01358195211786372,-0.00354610982395691,0.1057347670250896,0.0956989247311828,0.7985663082437277
wtq,Qwen/Qwen2.5-7B-Instruct,ser.html,ser,grounding.header_overlap,2663,0.612467142320691,0.6207285016898235,0.008261359369132557,0.01358195211786372,-0.005320592748731163,0.09913631242959069,0.09087495306045813,0.8099887345099512
wtq,Qwen/Qwen2.5-7B-Instruct,ser.html,ser,intent.aggregate_noncount,488,0.5163934426229508,0.5614754098360656,0.045081967213114756,0.01358195211786372,0.031500015095251035,0.10860655737704918,0.06352459016393443,0.8278688524590164
wtq,Qwen/Qwen2.5-7B-Instruct,ser.html,ser,intent.arithmetic,150,0.5866666666666667,0.62,0.03333333333333333,0.01358195211786372,0.019751381215469613,0.10666666666666667,0.07333333333333333,0.82
wtq,Qwen/Qwen2.5-7B-Instruct,ser.html,ser,intent.comparison,148,0.47297297297297297,0.4594594594594595,-0.013513513513513514,0.01358195211786372,-0.027095465631377234,0.12162162162162163,0.13513513513513514,0.7432432432432432
wtq,Qwen/Qwen2.5-7B-Instruct,ser.html,ser,intent.count,1718,0.46740395809080326,0.4807916181606519,0.01338766006984866,0.01358195211786372,-0.00019429204801505937,0.1169965075669383,0.10360884749708964,0.7793946449359721
wtq,Qwen/Qwen2.5-7B-Instruct,ser.html,ser,intent.negation_marker,183,0.4207650273224044,0.48633879781420764,0.06557377049180328,0.01358195211786372,0.05199181837393956,0.15300546448087432,0.08743169398907104,0.7595628415300546
wtq,Qwen/Qwen2.5-7B-Instruct,ser.html,ser,intent.superlative_rank,1368,0.6337719298245614,0.6425438596491229,0.008771929824561403,0.01358195211786372,-0.004810022293302317,0.10014619883040936,0.09137426900584796,0.8084795321637427
wtq,Qwen/Qwen2.5-7B-Instruct,ser.html,ser,intent.temporal,1397,0.6020042949176807,0.6213314244810307,0.019327129563350035,0.01358195211786372,0.005745177445486315,0.11023622047244094,0.09090909090909091,0.7988546886184682
wtq,Qwen/Qwen2.5-7B-Instruct,ser.html,ser,schema.has_date_col,2446,0.5674570727718724,0.5842191332788226,0.016762060506950123,0.01358195211786372,0.003180108389086403,0.107113654946852,0.09035159443990189,0.8025347506132461
wtq,Qwen/Qwen2.5-7B-Instruct,ser.html,ser,schema.has_rank_col,1620,0.6185185185185185,0.6345679012345679,0.016049382716049384,0.01358195211786372,0.002467430598185664,0.10432098765432099,0.0882716049382716,0.8074074074074075
wtq,Qwen/Qwen2.5-7B-Instruct,ser.html,ser,schema.has_score_col,1181,0.5580016934801016,0.5766299745977985,0.018628281117696866,0.01358195211786372,0.005046328999833146,0.10330228619813717,0.0846740050804403,0.8120237087214225
wtq,Qwen/Qwen2.5-7B-Instruct,ser.html,ser,schema.has_unit_col,369,0.6016260162601627,0.6368563685636857,0.03523035230352303,0.01358195211786372,0.021648400185659313,0.12195121951219512,0.08672086720867209,0.7913279132791328
wtq,Qwen/Qwen2.5-7B-Instruct,ser.html,ser,schema.header_repetition_marker,162,0.43209876543209874,0.4876543209876543,0.05555555555555555,0.01358195211786372,0.04197360343769183,0.11728395061728394,0.06172839506172839,0.8209876543209876
wtq,Qwen/Qwen2.5-7B-Instruct,ser.html,ser,table.cols_bin=0_3,22,0.7272727272727273,0.7272727272727273,0.0,0.01358195211786372,-0.01358195211786372,0.09090909090909091,0.09090909090909091,0.8181818181818182
wtq,Qwen/Qwen2.5-7B-Instruct,ser.html,ser,table.cols_bin=4_6,2894,0.5898410504492052,0.6022805805114029,0.01243953006219765,0.01358195211786372,-0.0011424220556660696,0.10573600552868002,0.09329647546648238,0.8009675190048376
wtq,Qwen/Qwen2.5-7B-Instruct,ser.html,ser,table.cols_bin=7_10,1332,0.5442942942942943,0.56006006006006,0.015765765765765764,0.01358195211786372,0.0021838136479020442,0.10510510510510511,0.08933933933933934,0.8055555555555556
wtq,Qwen/Qwen2.5-7B-Instruct,ser.html,ser,table.cols_bin=gt_10,96,0.6145833333333334,0.6354166666666666,0.020833333333333332,0.01358195211786372,0.007251381215469612,0.09375,0.07291666666666667,0.8333333333333334
wtq,Qwen/Qwen2.5-7B-Instruct,ser.html,ser,table.numeric_cols_bin=0,823,0.5443499392466585,0.5407047387606319,-0.0036452004860267314,0.01358195211786372,-0.01722715260389045,0.10571081409477522,0.10935601458080195,0.7849331713244229
wtq,Qwen/Qwen2.5-7B-Instruct,ser.html,ser,table.numeric_cols_bin=1,1523,0.5745239658568615,0.5817465528562049,0.007222586999343401,0.01358195211786372,-0.006359365118520319,0.0984898227183191,0.0912672357189757,0.8102429415627052
wtq,Qwen/Qwen2.5-7B-Instruct,ser.html,ser,table.numeric_cols_bin=2_3,1246,0.5730337078651685,0.5882825040128411,0.015248796147672551,0.01358195211786372,0.0016668440298088314,0.11316211878009631,0.09791332263242375,0.7889245585874799
wtq,Qwen/Qwen2.5-7B-Instruct,ser.html,ser,table.numeric_cols_bin=ge_4,752,0.625,0.6675531914893617,0.0425531914893617,0.01358195211786372,0.02897123937149798,0.10505319148936171,0.0625,0.8324468085106383
wtq,Qwen/Qwen2.5-7B-Instruct,ser.html,ser,table.numeric_density_bin=high,741,0.6383265856950068,0.689608636977058,0.05128205128205128,0.01358195211786372,0.03770009916418756,0.1214574898785425,0.07017543859649122,0.8083670715249662
wtq,Qwen/Qwen2.5-7B-Instruct,ser.html,ser,table.numeric_density_bin=low,1413,0.5704175513092711,0.5782024062278839,0.00778485491861288,0.01358195211786372,-0.00579709719925084,0.09978768577494693,0.09200283085633404,0.808209483368719
wtq,Qwen/Qwen2.5-7B-Instruct,ser.html,ser,table.numeric_density_bin=mid,1367,0.570592538405267,0.5801024140453548,0.009509875640087784,0.01358195211786372,-0.004072076477775936,0.10168251645940014,0.09217264081931237,0.8061448427212875
wtq,Qwen/Qwen2.5-7B-Instruct,ser.html,ser,table.numeric_density_bin=none,823,0.5443499392466585,0.5407047387606319,-0.0036452004860267314,0.01358195211786372,-0.01722715260389045,0.10571081409477522,0.10935601458080195,0.7849331713244229
wtq,Qwen/Qwen2.5-7B-Instruct,ser.html,ser,table.rows_bin=0_5,7,0.5714285714285714,0.42857142857142855,-0.14285714285714285,0.01358195211786372,-0.15643909497500658,0.14285714285714285,0.2857142857142857,0.5714285714285714
wtq,Qwen/Qwen2.5-7B-Instruct,ser.html,ser,table.rows_bin=11_25,2085,0.5774580335731415,0.5980815347721823,0.02062350119904077,0.01358195211786372,0.007041549081177049,0.11366906474820145,0.09304556354916067,0.7932853717026379
wtq,Qwen/Qwen2.5-7B-Instruct,ser.html,ser,table.rows_bin=26_50,751,0.49533954727030627,0.48202396804260983,-0.013315579227696404,0.01358195211786372,-0.026897531345560124,0.08655126498002663,0.09986684420772303,0.8135818908122503
wtq,Qwen/Qwen2.5-7B-Instruct,ser.html,ser,table.rows_bin=6_10,1187,0.6529064869418703,0.6849199663016007,0.03201347935973041,0.01358195211786372,0.01843152724186669,0.10446503791069923,0.07245155855096883,0.823083403538332
wtq,Qwen/Qwen2.5-7B-Instruct,ser.html,ser,table.rows_bin=gt_50,314,0.4840764331210191,0.44904458598726116,-0.03503184713375796,0.01358195211786372,-0.04861379925162168,0.09554140127388536,0.1305732484076433,0.7738853503184714
wtq,Qwen/Qwen2.5-7B-Instruct,ser.html,ser,table.shape=balanced,2696,0.5608308605341247,0.5719584569732937,0.01112759643916914,0.01358195211786372,-0.0024543556786945798,0.10422848664688428,0.09310089020771513,0.8026706231454006
wtq,Qwen/Qwen2.5-7B-Instruct,ser.html,ser,table.shape=tall,228,0.5,0.43859649122807015,-0.06140350877192982,0.01358195211786372,-0.07498546088979355,0.09649122807017543,0.15789473684210525,0.7456140350877193
wtq,Qwen/Qwen2.5-7B-Instruct,ser.html,ser,table.shape=wide,1420,0.6204225352112676,0.6507042253521127,0.03028169014084507,0.01358195211786372,0.01669973802298135,0.10845070422535211,0.07816901408450705,0.8133802816901409
wtq,Qwen/Qwen2.5-7B-Instruct,ser.html,ser,text.has_number,1189,0.5550883095037847,0.5727502102607233,0.017661900756938603,0.01358195211786372,0.004079948639074883,0.11606391925988226,0.09840201850294365,0.7855340622371741
wtq,Qwen/Qwen2.5-7B-Instruct,ser.html,ser,text.has_ordinal,636,0.6761006289308176,0.6713836477987422,-0.0047169811320754715,0.01358195211786372,-0.01829893324993919,0.08490566037735849,0.08962264150943396,0.8254716981132075
wtq,Qwen/Qwen2.5-7B-Instruct,ser.html,ser,text.has_quoted_span,99,0.494949494949495,0.5858585858585859,0.09090909090909091,0.01358195211786372,0.07732713879122718,0.12121212121212122,0.030303030303030304,0.8484848484848485
wtq,Qwen/Qwen2.5-7B-Instruct,ser.html,ser,text.has_year,563,0.61101243339254,0.605683836589698,-0.0053285968028419185,0.01358195211786372,-0.01891054892070564,0.0994671403197158,0.10479573712255773,0.7957371225577264
wtq,Qwen/Qwen2.5-7B-Instruct,ser.records,ser,cell.has_comma_number,616,0.5487012987012987,0.6006493506493507,0.05194805194805195,0.01680478821362799,0.03514326373442396,0.1396103896103896,0.08766233766233766,0.7727272727272727
wtq,Qwen/Qwen2.5-7B-Instruct,ser.records,ser,cell.has_currency,116,0.5086206896551724,0.5603448275862069,0.05172413793103448,0.01680478821362799,0.03491934971740649,0.16379310344827586,0.11206896551724138,0.7241379310344828
wtq,Qwen/Qwen2.5-7B-Instruct,ser.records,ser,cell.has_date_like,3555,0.5718706047819971,0.580590717299578,0.008720112517580873,0.01680478821362799,-0.008084675696047119,0.11279887482419128,0.10407876230661041,0.7831223628691983
wtq,Qwen/Qwen2.5-7B-Instruct,ser.records,ser,cell.has_numeric_range,1367,0.5354791514264814,0.5515727871250914,0.016093635698610095,0.01680478821362799,-0.000711152515017896,0.1163130943672275,0.10021945866861741,0.783467446964155
wtq,Qwen/Qwen2.5-7B-Instruct,ser.records,ser,cell.has_percent,129,0.5658914728682171,0.5503875968992248,-0.015503875968992248,0.01680478821362799,-0.03230866418262024,0.09302325581395349,0.10852713178294573,0.7984496124031008
wtq,Qwen/Qwen2.5-7B-Instruct,ser.records,ser,cell.has_score_surface,710,0.5225352112676056,0.5549295774647888,0.0323943661971831,0.01680478821362799,0.015589577983555106,0.12535211267605634,0.09295774647887324,0.7816901408450704
wtq,Qwen/Qwen2.5-7B-Instruct,ser.records,ser,cell.missing_value_marker,2054,0.5662122687439143,0.5691333982473223,0.0029211295034079843,0.01680478821362799,-0.013883658710220008,0.11392405063291139,0.11100292112950341,0.7750730282375852
wtq,Qwen/Qwen2.5-7B-Instruct,ser.records,ser,grounding.cell_overlap,2790,0.5867383512544803,0.6010752688172043,0.014336917562724014,0.01680478821362799,-0.002467870650903977,0.11469534050179211,0.1003584229390681,0.7849462365591398
wtq,Qwen/Qwen2.5-7B-Instruct,ser.records,ser,grounding.header_overlap,2663,0.612467142320691,0.6308674427337589,0.01840030041306797,0.01680478821362799,0.0015955121994399787,0.1182876455125798,0.09988734509951183,0.7818250093879083
wtq,Qwen/Qwen2.5-7B-Instruct,ser.records,ser,intent.aggregate_noncount,488,0.5163934426229508,0.5614754098360656,0.045081967213114756,0.01680478821362799,0.028277178999486764,0.12295081967213115,0.0778688524590164,0.7991803278688525
wtq,Qwen/Qwen2.5-7B-Instruct,ser.records,ser,intent.arithmetic,150,0.5866666666666667,0.6133333333333333,0.02666666666666667,0.01680478821362799,0.009861878453038677,0.1,0.07333333333333333,0.8266666666666667
wtq,Qwen/Qwen2.5-7B-Instruct,ser.records,ser,intent.comparison,148,0.47297297297297297,0.46621621621621623,-0.006756756756756757,0.01680478821362799,-0.02356154497038475,0.12162162162162163,0.12837837837837837,0.75
wtq,Qwen/Qwen2.5-7B-Instruct,ser.records,ser,intent.count,1718,0.46740395809080326,0.4988358556461001,0.03143189755529686,0.01680478821362799,0.014627109341668866,0.14144353899883585,0.110011641443539,0.7485448195576252
wtq,Qwen/Qwen2.5-7B-Instruct,ser.records,ser,intent.negation_marker,183,0.4207650273224044,0.5191256830601093,0.09836065573770492,0.01680478821362799,0.08155586752407692,0.1912568306010929,0.09289617486338798,0.7158469945355191
wtq,Qwen/Qwen2.5-7B-Instruct,ser.records,ser,intent.superlative_rank,1368,0.6337719298245614,0.6432748538011696,0.009502923976608187,0.01680478821362799,-0.007301864237019805,0.11038011695906433,0.10087719298245613,0.7887426900584795
wtq,Qwen/Qwen2.5-7B-Instruct,ser.records,ser,intent.temporal,1397,0.6020042949176807,0.6191839656406586,0.01717967072297781,0.01680478821362799,0.00037488250934981926,0.11166785969935576,0.09448818897637795,0.7938439513242663
wtq,Qwen/Qwen2.5-7B-Instruct,ser.records,ser,schema.has_date_col,2446,0.5674570727718724,0.5838103025347506,0.016353229762878167,0.01680478821362799,-0.0004515584507498241,0.11529026982829109,0.09893704006541292,0.785772690106296
wtq,Qwen/Qwen2.5-7B-Instruct,ser.records,ser,schema.has_rank_col,1620,0.6185185185185185,0.6481481481481481,0.02962962962962963,0.01680478821362799,0.01282484141600164,0.11358024691358025,0.08395061728395062,0.8024691358024691
wtq,Qwen/Qwen2.5-7B-Instruct,ser.records,ser,schema.has_score_col,1181,0.5580016934801016,0.5800169348010161,0.02201524132091448,0.01680478821362799,0.005210453107286489,0.11346316680779,0.09144792548687553,0.7950889077053345
wtq,Qwen/Qwen2.5-7B-Instruct,ser.records,ser,schema.has_unit_col,369,0.6016260162601627,0.6720867208672087,0.07046070460704607,0.01680478821362799,0.053655916393418074,0.13550135501355012,0.06504065040650407,0.7994579945799458
wtq,Qwen/Qwen2.5-7B-Instruct,ser.records,ser,schema.header_repetition_marker,162,0.43209876543209874,0.2839506172839506,-0.14814814814814814,0.01680478821362799,-0.16495293636177613,0.05555555555555555,0.2037037037037037,0.7407407407407407
wtq,Qwen/Qwen2.5-7B-Instruct,ser.records,ser,table.cols_bin=0_3,22,0.7272727272727273,0.5454545454545454,-0.18181818181818182,0.01680478821362799,-0.19862297003180981,0.0,0.18181818181818182,0.8181818181818182
wtq,Qwen/Qwen2.5-7B-Instruct,ser.records,ser,table.cols_bin=4_6,2894,0.5898410504492052,0.6154111955770559,0.025570145127850726,0.01680478821362799,0.008765356914222734,0.12024879060124395,0.09467864547339323,0.7850725639253628
wtq,Qwen/Qwen2.5-7B-Instruct,ser.records,ser,table.cols_bin=7_10,1332,0.5442942942942943,0.5412912912912913,-0.003003003003003003,0.01680478821362799,-0.019807791216630996,0.10585585585585586,0.10885885885885886,0.7852852852852853
wtq,Qwen/Qwen2.5-7B-Instruct,ser.records,ser,table.cols_bin=gt_10,96,0.6145833333333334,0.6875,0.07291666666666667,0.01680478821362799,0.05611187845303868,0.17708333333333334,0.10416666666666667,0.71875
wtq,Qwen/Qwen2.5-7B-Instruct,ser.records,ser,table.numeric_cols_bin=0,823,0.5443499392466585,0.534629404617254,-0.009720534629404616,0.01680478821362799,-0.026525322843032606,0.10814094775212636,0.11786148238153099,0.7739975698663426
wtq,Qwen/Qwen2.5-7B-Instruct,ser.records,ser,table.numeric_cols_bin=1,1523,0.5745239658568615,0.5863427445830598,0.011818778726198293,0.01680478821362799,-0.004986009487429699,0.10965200262639527,0.09783322390019698,0.7925147734734077
wtq,Qwen/Qwen2.5-7B-Instruct,ser.records,ser,table.numeric_cols_bin=2_3,1246,0.5730337078651685,0.5906902086677368,0.01765650080256822,0.01680478821362799,0.0008517125889402274,0.1187800963081862,0.10112359550561797,0.7800963081861958
wtq,Qwen/Qwen2.5-7B-Instruct,ser.records,ser,table.numeric_cols_bin=ge_4,752,0.625,0.6795212765957447,0.05452127659574468,0.01680478821362799,0.03771648838211669,0.1356382978723404,0.08111702127659574,0.7832446808510638
wtq,Qwen/Qwen2.5-7B-Instruct,ser.records,ser,table.numeric_density_bin=high,741,0.6383265856950068,0.7017543859649122,0.06342780026990553,0.01680478821362799,0.046623012056277544,0.14304993252361672,0.0796221322537112,0.7773279352226721
wtq,Qwen/Qwen2.5-7B-Instruct,ser.records,ser,table.numeric_density_bin=low,1413,0.5704175513092711,0.5852795470629866,0.014861995753715499,0.01680478821362799,-0.0019427924599124922,0.11181882519462137,0.09695682944090588,0.7912243453644727
wtq,Qwen/Qwen2.5-7B-Instruct,ser.records,ser,table.numeric_density_bin=mid,1367,0.570592538405267,0.5801024140453548,0.009509875640087784,0.01680478821362799,-0.007294912573540207,0.1119239209948793,0.10241404535479151,0.7856620336503292
wtq,Qwen/Qwen2.5-7B-Instruct,ser.records,ser,table.numeric_density_bin=none,823,0.5443499392466585,0.534629404617254,-0.009720534629404616,0.01680478821362799,-0.026525322843032606,0.10814094775212636,0.11786148238153099,0.7739975698663426
wtq,Qwen/Qwen2.5-7B-Instruct,ser.records,ser,table.rows_bin=0_5,7,0.5714285714285714,0.7142857142857143,0.14285714285714285,0.01680478821362799,0.12605235464351486,0.42857142857142855,0.2857142857142857,0.2857142857142857
wtq,Qwen/Qwen2.5-7B-Instruct,ser.records,ser,table.rows_bin=11_25,2085,0.5774580335731415,0.6148681055155876,0.03741007194244604,0.01680478821362799,0.02060528372881805,0.12326139088729017,0.08585131894484413,0.7908872901678657
wtq,Qwen/Qwen2.5-7B-Instruct,ser.records,ser,table.rows_bin=26_50,751,0.49533954727030627,0.46870838881491345,-0.02663115845539281,0.01680478821362799,-0.0434359466690208,0.09720372836218376,0.12383488681757657,0.7789613848202397
wtq,Qwen/Qwen2.5-7B-Instruct,ser.records,ser,table.rows_bin=6_10,1187,0.6529064869418703,0.6891322662173547,0.03622577927548441,0.01680478821362799,0.01942099106185642,0.12131423757371525,0.08508845829823083,0.793597304128054
wtq,Qwen/Qwen2.5-7B-Instruct,ser.records,ser,table.rows_bin=gt_50,314,0.4840764331210191,0.39171974522292996,-0.09235668789808917,0.01680478821362799,-0.10916147611171716,0.09235668789808917,0.18471337579617833,0.7229299363057324
wtq,Qwen/Qwen2.5-7B-Instruct,ser.records,ser,table.shape=balanced,2696,0.5608308605341247,0.5738130563798219,0.01298219584569733,0.01680478821362799,-0.0038225923679306613,0.11090504451038576,0.09792284866468842,0.7911721068249258
wtq,Qwen/Qwen2.5-7B-Instruct,ser.records,ser,table.shape=tall,228,0.5,0.3815789473684211,-0.11842105263157894,0.01680478821362799,-0.13522584084520695,0.09210526315789473,0.21052631578947367,0.6973684210526315
wtq,Qwen/Qwen2.5-7B-Instruct,ser.records,ser,table.shape=wide,1420,0.6204225352112676,0.6661971830985915,0.045774647887323945,0.01680478821362799,0.028969859673695954,0.13098591549295774,0.0852112676056338,0.7838028169014084
wtq,Qwen/Qwen2.5-7B-Instruct,ser.records,ser,text.has_number,1189,0.5550883095037847,0.56013456686291,0.005046257359125316,0.01680478821362799,-0.011758530854502677,0.12531539108494533,0.12026913372582002,0.7544154751892347
wtq,Qwen/Qwen2.5-7B-Instruct,ser.records,ser,text.has_ordinal,636,0.6761006289308176,0.6666666666666666,-0.009433962264150943,0.01680478821362799,-0.026238750477778933,0.09748427672955975,0.1069182389937107,0.7955974842767296
wtq,Qwen/Qwen2.5-7B-Instruct,ser.records,ser,text.has_quoted_span,99,0.494949494949495,0.5555555555555556,0.06060606060606061,0.01680478821362799,0.043801272392432616,0.12121212121212122,0.06060606060606061,0.8181818181818182
wtq,Qwen/Qwen2.5-7B-Instruct,ser.records,ser,text.has_year,563,0.61101243339254,0.605683836589698,-0.0053285968028419185,0.01680478821362799,-0.02213338501646991,0.11545293072824156,0.12078152753108348,0.7637655417406749
