feature_slice_id,feature_label,feature_family,slice_id,context_indicator,n,dataset_count,datasets,base_mean_micro,score_mean_micro,delta_mean_micro,delta_se_micro,delta_ci95_low_micro,delta_ci95_high_micro,global_delta_mean_micro,diff_from_global_micro,win_rate_micro,loss_rate_micro,tie_rate_micro,delta_mean_macro,delta_se_macro,delta_ci95_low_macro,delta_ci95_high_macro,global_delta_mean_macro,diff_from_global_macro
ctx.stats | cell.has_comma_number,ctx.stats,ctx,cell.has_comma_number,cell.has_comma_number,1700,4,"hitab,sqa,tablebench,wtq",0.5838716838508384,0.5804446788914924,-0.003427004959346118,0.01056020547116811,-0.02412500768283561,0.017270997764143377,0.003384287599740693,-0.006811292559086812,0.09529411764705882,0.0976470588235294,0.8070588235294117,-0.01849117676187837,0.01854189791808258,-0.054833296681320226,0.017850943157563484,-0.0025277591850756754,-0.015963417576802696
ctx.stats | cell.has_currency,ctx.stats,ctx,cell.has_currency,cell.has_currency,230,3,"hitab,sqa,wtq",0.591304347826087,0.5739130434782609,-0.017391304347826087,0.02953035168178897,-0.07527079364413246,0.04048818494848029,0.003384287599740693,-0.02077559194756678,0.09130434782608696,0.10869565217391304,0.8,-0.0021285653469561524,0.0575531951514669,-0.11493282784383128,0.11067569714991897,-0.0025277591850756754,0.00039919383811952295
ctx.stats | cell.has_date_like,ctx.stats,ctx,cell.has_date_like,cell.has_date_like,16689,5,"hitab,sqa,tab_fact,tablebench,wtq",0.7023248207872709,0.7040632804097117,0.0017384596224412263,0.003198284390741039,-0.00453017778341121,0.008007097028293662,0.003384287599740693,-0.0016458279772994667,0.08856132782072024,0.0869434957157409,0.8244951764635389,-0.002473668080017027,0.002701684690850854,-0.007768970074084701,0.0028216339140506473,-0.0025277591850756754,5.409110505864845e-05
ctx.stats | cell.has_numeric_range,ctx.stats,ctx,cell.has_numeric_range,cell.has_numeric_range,6989,5,"hitab,sqa,tab_fact,tablebench,wtq",0.7023066553480115,0.7001025763497114,-0.002204078998300289,0.004996369177556399,-0.011996962586310831,0.007588804589710252,0.003384287599740693,-0.005588366598040982,0.08742309343253685,0.09100014308198598,0.8215767634854771,-0.009541146173144218,0.0042515048194170565,-0.017874095619201648,-0.0012081967270867883,-0.0025277591850756754,-0.007013386988068543
ctx.stats | cell.has_percent,ctx.stats,ctx,cell.has_percent,cell.has_percent,755,5,"hitab,sqa,tab_fact,tablebench,wtq",0.6478078781977239,0.6685476752540954,0.02073979705637143,0.014807686272993623,-0.00828326803869607,0.04976286215143893,0.003384287599740693,0.017355509456630735,0.10331125827814569,0.0781456953642384,0.8185430463576159,0.016727374287192558,0.019983713457519724,-0.0224407040895461,0.055895452663931214,-0.0025277591850756754,0.019255133472268232
ctx.stats | cell.has_score_surface,ctx.stats,ctx,cell.has_score_surface,cell.has_score_surface,5483,5,"hitab,sqa,tab_fact,tablebench,wtq",0.7345022546177212,0.7345092807639483,7.0261462271161075e-06,0.00560414211368206,-0.010977092396589722,0.010991144689043953,0.003384287599740693,-0.003377261453513577,0.08626664234907896,0.08626664234907896,0.827466715301842,-0.019446256306240584,0.027989824597516814,-0.07430631251737355,0.03541379990489237,-0.0025277591850756754,-0.01691849712116491
ctx.stats | cell.missing_value_marker,ctx.stats,ctx,cell.missing_value_marker,cell.missing_value_marker,5277,5,"hitab,sqa,tab_fact,tablebench,wtq",0.6049463208499128,0.5913415475778372,-0.013604773272075588,0.005927891385102026,-0.02522344038687556,-0.0019861061572756175,0.003384287599740693,-0.016989060871816283,0.08736024256206178,0.10157286336933864,0.8110668940685996,-0.009789229141927563,0.006226984105969364,-0.021994117989627516,0.002415659705772389,-0.0025277591850756754,-0.007261469956851888
ctx.stats | grounding.cell_overlap,ctx.stats,ctx,grounding.cell_overlap,grounding.cell_overlap,17562,5,"hitab,sqa,tab_fact,tablebench,wtq",0.7260619870284964,0.7309025619686992,0.00484057494020264,0.0030964908845650986,-0.0012285471935449535,0.010909697073950234,0.003384287599740693,0.001456287340461947,0.08723380025054094,0.08233686368295183,0.8304293360665073,-0.005238048854393265,0.005274504372724914,-0.015576077424934096,0.005099979716147566,-0.0025277591850756754,-0.0027102896693175895
ctx.stats | grounding.header_overlap,ctx.stats,ctx,grounding.header_overlap,grounding.header_overlap,15577,5,"hitab,sqa,tab_fact,tablebench,wtq",0.7204964192739578,0.7242874121135537,0.0037909928395959565,0.003290878257894124,-0.002659128545876527,0.01024111422506844,0.003384287599740693,0.0004067052398552635,0.08762919689285485,0.08390575849008153,0.8284650446170636,-0.006253985390123004,0.008162160438421495,-0.022251819849429134,0.009743849069183127,-0.0025277591850756754,-0.003726226205047329
ctx.stats | intent.aggregate_noncount,ctx.stats,ctx,intent.aggregate_noncount,intent.aggregate_noncount,1666,5,"hitab,sqa,tab_fact,tablebench,wtq",0.5785526452229557,0.590842599075323,0.012289953852367431,0.009681459095648999,-0.0066857059751046066,0.03126561367983947,0.003384287599740693,0.008905666252626739,0.08643457382953182,0.07262905162064826,0.84093637454982,0.0007094549658573243,0.00995676142031501,-0.018805797417960096,0.020224707349674742,-0.0025277591850756754,0.0032372141509329996
ctx.stats | intent.arithmetic,ctx.stats,ctx,intent.arithmetic,intent.arithmetic,1028,5,"hitab,sqa,tab_fact,tablebench,wtq",0.5672888494659634,0.5803960238520031,0.013107174386039623,0.013415257913091536,-0.013186731123619788,0.039401079895699034,0.003384287599740693,0.00972288678629893,0.10019455252918288,0.08852140077821012,0.811284046692607,0.022252542620387568,0.023307631679967487,-0.023430415472348705,0.06793550071312385,-0.0025277591850756754,0.024780301805463242
ctx.stats | intent.comparison,ctx.stats,ctx,intent.comparison,intent.comparison,1187,5,"hitab,sqa,tab_fact,tablebench,wtq",0.6849199663016007,0.6840775063184499,-0.0008424599831508003,0.012125972667420222,-0.024609366411294437,0.022924446444992835,0.003384287599740693,-0.004226747582891493,0.08677337826453244,0.08761583824768324,0.8256107834877844,-0.026870272467756744,0.023720915868043885,-0.07336326756912276,0.01962272263360927,-0.0025277591850756754,-0.02434251328268107
ctx.stats | intent.count,ctx.stats,ctx,intent.count,intent.count,2966,5,"hitab,sqa,tab_fact,tablebench,wtq",0.5151173049551246,0.5103734799804741,-0.0047438249746504435,0.008248541891344321,-0.020910967081685314,0.011423317132384425,0.003384287599740693,-0.008128112574391137,0.09946055293324342,0.10451786918408631,0.7960215778826703,-0.0035019338917063243,0.013741524654268682,-0.030435322214072944,0.023431454430660293,-0.0025277591850756754,-0.0009741747066306489
ctx.stats | intent.negation_marker,ctx.stats,ctx,intent.negation_marker,intent.negation_marker,1180,5,"hitab,sqa,tab_fact,tablebench,wtq",0.6341562269712602,0.6366718027734977,0.0025155758022375563,0.014059288209779053,-0.025040629088929386,0.0300717806934045,0.003384287599740693,-0.0008687117975031368,0.11779661016949153,0.11610169491525424,0.7661016949152543,0.00945681037867481,0.02268200698753871,-0.03499992331690106,0.05391354407425068,-0.0025277591850756754,0.011984569563750484
ctx.stats | intent.superlative_rank,ctx.stats,ctx,intent.superlative_rank,intent.superlative_rank,4698,5,"hitab,sqa,tab_fact,tablebench,wtq",0.6844846613482763,0.7025554609526512,0.01807079960437492,0.006455108400461758,0.0054187871394698744,0.030722812069279966,0.003384287599740693,0.014686512004634228,0.10706683695189442,0.08918688803746275,0.8037462750106428,0.007461315392394622,0.011779795019324607,-0.01562708284548161,0.03054971363027085,-0.0025277591850756754,0.009989074577470298
ctx.stats | intent.temporal,ctx.stats,ctx,intent.temporal,intent.temporal,8618,5,"hitab,sqa,tab_fact,tablebench,wtq",0.7037630208586506,0.7079731062209002,0.0042100853622491574,0.004401944392077748,-0.004417725646223229,0.012837896370721545,0.003384287599740693,0.0008257977625084644,0.08586679043861685,0.08250174054304943,0.8316314690183337,-0.00037738405291312124,0.009785527958330936,-0.019557018851241753,0.018802250745415514,-0.0025277591850756754,0.0021503751321625543
ctx.stats | schema.has_date_col,ctx.stats,ctx,schema.has_date_col,schema.has_date_col,11385,5,"hitab,sqa,tab_fact,tablebench,wtq",0.7093825284903342,0.713852230637591,0.004469702147256684,0.003875041524311785,-0.0031253792403944146,0.012064783534907784,0.003384287599740693,0.0010854145475159911,0.08888888888888889,0.08449714536671059,0.8266139657444005,0.003078317200150654,0.009483613634838758,-0.015509565524133313,0.02166619992443462,-0.0025277591850756754,0.00560607638522633
ctx.stats | schema.has_rank_col,ctx.stats,ctx,schema.has_rank_col,schema.has_rank_col,5969,5,"hitab,sqa,tab_fact,tablebench,wtq",0.7077818550464953,0.7140615565141978,0.00627970146770272,0.0051722596474920515,-0.0038579274413817017,0.01641733037678714,0.003384287599740693,0.002895413867962027,0.08527391522868152,0.07857262523035684,0.8361534595409617,0.041042781141772476,0.03189760157781523,-0.02147651795074538,0.10356208023429034,-0.0025277591850756754,0.04357054032684815
ctx.stats | schema.has_score_col,ctx.stats,ctx,schema.has_score_col,schema.has_score_col,7708,5,"hitab,sqa,tab_fact,tablebench,wtq",0.7331269280831327,0.7306841987721214,-0.0024427293110115215,0.0046942101538239595,-0.011643381212506482,0.0067579225904834395,0.003384287599740693,-0.005827016910752214,0.08419823559937727,0.08666320705760248,0.8291385573430202,-0.019943173270721155,0.019574673631689552,-0.058309533588832674,0.018423187047390363,-0.0025277591850756754,-0.01741541408564548
ctx.stats | schema.has_unit_col,ctx.stats,ctx,schema.has_unit_col,schema.has_unit_col,1848,5,"hitab,sqa,tab_fact,tablebench,wtq",0.6417422229323327,0.6465567385784977,0.0048145156461647486,0.009612131058095198,-0.01402526122770184,0.023654292520031338,0.003384287599740693,0.0014302280464240555,0.09794372294372294,0.09415584415584416,0.8079004329004329,-0.0004213094967842355,0.010223749960586146,-0.020459859419533082,0.01961724042596461,-0.0025277591850756754,0.0021064496882914397
ctx.stats | schema.header_repetition_marker,ctx.stats,ctx,schema.header_repetition_marker,schema.header_repetition_marker,1388,5,"hitab,sqa,tab_fact,tablebench,wtq",0.570350486939888,0.567383719872929,-0.0029667670669590016,0.011844513197541014,-0.02618201293413939,0.020248478800221383,0.003384287599740693,-0.006351054666699695,0.09726224783861671,0.1037463976945245,0.7989913544668588,0.05145201824131983,0.08772441208375342,-0.12048782944283688,0.22339186592547655,-0.0025277591850756754,0.0539797774263955
ctx.stats | table.cols_bin=0_3,ctx.stats,ctx,table.cols_bin=0_3,table.cols_bin=0_3,136,3,"hitab,sqa,wtq",0.6985294117647058,0.6470588235294118,-0.051470588235294115,0.031862745098039214,-0.11392156862745098,0.010980392156862744,0.003384287599740693,-0.05485487583503481,0.04411764705882353,0.09558823529411764,0.8602941176470589,-0.021806853582554516,0.021806853582554513,-0.06454828660436136,0.020934579439252327,-0.0025277591850756754,-0.01927909439747884
ctx.stats | table.cols_bin=4_6,ctx.stats,ctx,table.cols_bin=4_6,table.cols_bin=4_6,14136,5,"hitab,sqa,tab_fact,tablebench,wtq",0.7079782132289401,0.7084461983548201,0.00046798512588011316,0.003451134254495892,-0.006296238012931835,0.007232208264692062,0.003384287599740693,-0.00291630247386058,0.08644595359366157,0.08651669496321449,0.827037351443124,-0.010834533460912597,0.009313209533330447,-0.02908842414624027,0.007419357224415078,-0.0025277591850756754,-0.008306774275836922
ctx.stats | table.cols_bin=7_10,ctx.stats,ctx,table.cols_bin=7_10,table.cols_bin=7_10,6755,5,"hitab,sqa,tab_fact,tablebench,wtq",0.690146935080706,0.6995491646549018,0.009402229574195634,0.005044358737306166,-0.00048471355092445136,0.019289172699315717,0.003384287599740693,0.006017941974454941,0.09311621021465581,0.08393782383419689,0.8229459659511473,0.007795593560372025,0.0035810878317011196,0.0007766614102378304,0.014814525710506218,-0.0025277591850756754,0.010323352745447701
ctx.stats | table.cols_bin=gt_10,ctx.stats,ctx,table.cols_bin=gt_10,table.cols_bin=gt_10,794,4,"hitab,tab_fact,tablebench,wtq",0.6371701514557347,0.65067272223761,0.013502570781875223,0.015885015010763406,-0.017632058639221054,0.0446372002029715,0.003384287599740693,0.01011828318213453,0.10957178841309824,0.10075566750629723,0.7896725440806045,0.022211837565670432,0.021420032045271396,-0.019771425243061504,0.06419510037440238,-0.0025277591850756754,0.024739596750746107
ctx.stats | table.numeric_cols_bin=0,ctx.stats,ctx,table.numeric_cols_bin=0,table.numeric_cols_bin=0,3898,5,"hitab,sqa,tab_fact,tablebench,wtq",0.7147255002565418,0.7116469984607491,-0.0030785017957927143,0.006922589033635306,-0.016646776301717913,0.010489772710132485,0.003384287599740693,-0.006462789395533407,0.0918419702411493,0.09492047203694202,0.8132375577219086,-0.035724744083941246,0.03020053347623948,-0.09491778969737062,0.02346830152948813,-0.0025277591850756754,-0.03319698489886557
ctx.stats | table.numeric_cols_bin=1,ctx.stats,ctx,table.numeric_cols_bin=1,table.numeric_cols_bin=1,7480,5,"hitab,sqa,tab_fact,tablebench,wtq",0.7276737967914438,0.7324866310160428,0.004812834224598931,0.004741741186633818,-0.004480978501203352,0.014106646950401213,0.003384287599740693,0.0014285466248582378,0.08649732620320856,0.08168449197860962,0.8318181818181818,0.01169270922413177,0.005259505949544001,0.0013840775630255282,0.02200134088523801,-0.0025277591850756754,0.014220468409207446
ctx.stats | table.numeric_cols_bin=2_3,ctx.stats,ctx,table.numeric_cols_bin=2_3,table.numeric_cols_bin=2_3,5634,5,"hitab,sqa,tab_fact,tablebench,wtq",0.7163946640610706,0.7162020927009758,-0.00019257136009463965,0.005308323659609372,-0.010596885732929008,0.01021174301273973,0.003384287599740693,-0.0035768589598353328,0.08146964856230032,0.08129215477458289,0.8372381966631168,-0.02144653178890401,0.016331909415479202,-0.053457074243243245,0.010564010665435226,-0.0025277591850756754,-0.018918772603828335
ctx.stats | table.numeric_cols_bin=ge_4,ctx.stats,ctx,table.numeric_cols_bin=ge_4,table.numeric_cols_bin=ge_4,4809,5,"hitab,sqa,tab_fact,tablebench,wtq",0.625008968935381,0.6356002533514168,0.010591284416035539,0.006022194785703777,-0.0012122173639438644,0.02239478619601494,0.003384287599740693,0.007206996816294846,0.09981285090455397,0.09232688708671241,0.8078602620087336,0.008838215345588178,0.008225983977196675,-0.007284713249717306,0.02496114394089366,-0.0025277591850756754,0.011365974530663854
ctx.stats | table.numeric_density_bin=high,ctx.stats,ctx,table.numeric_density_bin=high,table.numeric_density_bin=high,5196,5,"hitab,sqa,tab_fact,tablebench,wtq",0.6333840769151432,0.6393849022435892,0.006000825328446125,0.005751690555701685,-0.005272488160729176,0.017274138817621427,0.003384287599740693,0.002616537728705432,0.0964203233256351,0.09334103156274057,0.8102386451116244,0.006070298453942587,0.010224529137415202,-0.013969778655391209,0.026110375563276382,-0.0025277591850756754,0.008598057639018261
ctx.stats | table.numeric_density_bin=low,ctx.stats,ctx,table.numeric_density_bin=low,table.numeric_density_bin=low,7327,5,"hitab,sqa,tab_fact,tablebench,wtq",0.7319503207315409,0.7382284700423093,0.006278149310768391,0.00480189996472434,-0.0031335746200913143,0.015689873241628096,0.003384287599740693,0.0028938617110276983,0.08762112733724581,0.08134297802647741,0.8310358946362768,0.009169647543934848,0.005134713510822186,-0.0008943909372766349,0.01923368602514633,-0.0025277591850756754,0.011697406729010523
ctx.stats | table.numeric_density_bin=mid,ctx.stats,ctx,table.numeric_density_bin=mid,table.numeric_density_bin=mid,5400,5,"hitab,sqa,tab_fact,tablebench,wtq",0.7094022231998584,0.7110074549234392,0.001605231723580673,0.005431753643655444,-0.009041005417983998,0.012251468865145344,0.003384287599740693,-0.00177905587616002,0.08203703703703703,0.08,0.8379629629629629,-0.010733278888192728,0.01908015955032688,-0.04813039160683341,0.02666383383044796,-0.0025277591850756754,-0.008205519703117052
ctx.stats | table.numeric_density_bin=none,ctx.stats,ctx,table.numeric_density_bin=none,table.numeric_density_bin=none,3898,5,"hitab,sqa,tab_fact,tablebench,wtq",0.7147255002565418,0.7116469984607491,-0.0030785017957927143,0.006922589033635306,-0.016646776301717913,0.010489772710132485,0.003384287599740693,-0.006462789395533407,0.0918419702411493,0.09492047203694202,0.8132375577219086,-0.035724744083941246,0.03020053347623948,-0.09491778969737062,0.02346830152948813,-0.0025277591850756754,-0.03319698489886557
ctx.stats | table.rows_bin=0_5,ctx.stats,ctx,table.rows_bin=0_5,table.rows_bin=0_5,1332,3,"hitab,tab_fact,wtq",0.8145645645645646,0.7942942942942943,-0.02027027027027027,0.010791185203586462,-0.04142099326929974,0.0008804527287591922,0.003384287599740693,-0.023654557870010966,0.06756756756756757,0.08783783783783784,0.8445945945945946,0.01770062606715993,0.06442842964194755,-0.10857909603105727,0.14398034816537714,-0.0025277591850756754,0.020228385252235605
ctx.stats | table.rows_bin=11_25,ctx.stats,ctx,table.rows_bin=11_25,table.rows_bin=11_25,9391,5,"hitab,sqa,tab_fact,tablebench,wtq",0.6920587245946037,0.694959461787708,0.002900737193104123,0.0042457656330325165,-0.0054209634476396085,0.011222437833847855,0.003384287599740693,-0.00048355040663657003,0.08838249387711639,0.08582685549994676,0.8257906506229369,-0.0015383824188419622,0.0026150922738989377,-0.00666396327568388,0.0035871984379999555,-0.0025277591850756754,0.0009893767662337131
ctx.stats | table.rows_bin=26_50,ctx.stats,ctx,table.rows_bin=26_50,table.rows_bin=26_50,2976,5,"hitab,sqa,tab_fact,tablebench,wtq",0.6262433851148362,0.6249867721785372,-0.0012566129362990466,0.007939851132859355,-0.01681872115670338,0.01430549528410529,0.003384287599740693,-0.004640900536039739,0.09543010752688172,0.09744623655913978,0.8071236559139785,-0.014391558565762422,0.011249196110829893,-0.036439982942989016,0.007656865811464169,-0.0025277591850756754,-0.011863799380686747
ctx.stats | table.rows_bin=6_10,ctx.stats,ctx,table.rows_bin=6_10,table.rows_bin=6_10,7702,5,"hitab,sqa,tab_fact,tablebench,wtq",0.728383779818312,0.7386859606586041,0.010302180840291723,0.004634052952529026,0.0012194370533348316,0.019384924627248612,0.003384287599740693,0.00691789324055103,0.09036613866528174,0.0810179174240457,0.8286159439106725,0.004538618297021889,0.005440331485934512,-0.006124431415409753,0.015201668009453531,-0.0025277591850756754,0.0070663774820975645
ctx.stats | table.rows_bin=gt_50,ctx.stats,ctx,table.rows_bin=gt_50,table.rows_bin=gt_50,420,3,"hitab,tablebench,wtq",0.5071428571428571,0.5023809523809524,-0.004761904761904762,0.02261343922909354,-0.0490842456509281,0.03956043612711857,0.003384287599740693,-0.008146192361645455,0.10476190476190476,0.10952380952380952,0.7857142857142857,-0.11434735706580366,0.10952885198143096,-0.32902390694940836,0.10032919281780102,-0.0025277591850756754,-0.11181959788072798
ctx.stats | table.shape=balanced,ctx.stats,ctx,table.shape=balanced,table.shape=balanced,11104,5,"hitab,sqa,tab_fact,tablebench,wtq",0.6726889155012101,0.6749944832297067,0.002305567728496286,0.003976726643622,-0.0054888164930028335,0.010099951949995406,0.003384287599740693,-0.001078719871244407,0.09113832853025937,0.0892471181556196,0.819614553314121,-0.007649073132495558,0.005959621686407991,-0.01932993163785522,0.004031785372864105,-0.0025277591850756754,-0.005121313947419883
ctx.stats | table.shape=tall,ctx.stats,ctx,table.shape=tall,table.shape=tall,313,3,"hitab,tablebench,wtq",0.5175718849840255,0.4792332268370607,-0.038338658146964855,0.024273657616141482,-0.08591502707460216,0.009237710780672446,0.003384287599740693,-0.04172294574670555,0.07348242811501597,0.11182108626198083,0.8146964856230032,-0.11798787091184752,0.06893565561204339,-0.25310175591145256,0.017126014087757505,-0.0025277591850756754,-0.11546011172677184
ctx.stats | table.shape=wide,ctx.stats,ctx,table.shape=wide,table.shape=wide,10404,5,"hitab,sqa,tab_fact,tablebench,wtq",0.734265470127343,0.7400562732469816,0.005790803119638498,0.003976272863506309,-0.0020026916928338684,0.013584297932110863,0.003384287599740693,0.0024065155198978046,0.08737024221453288,0.08237216455209535,0.8302575932333718,0.00830074183061649,0.005807200044199465,-0.0030813702560144613,0.019682853917247438,-0.0025277591850756754,0.010828501015692164
ctx.stats | text.has_number,ctx.stats,ctx,text.has_number,text.has_number,12651,5,"hitab,sqa,tab_fact,tablebench,wtq",0.7280937936167505,0.7340372839659212,0.005943490349170711,0.0036617312228567054,-0.0012335028476284319,0.013120483545969853,0.003384287599740693,0.0025592027494300176,0.08789818986641372,0.08212789502806102,0.8299739151055252,-0.010123788382757539,0.007564727644052445,-0.02495065456510033,0.004703077799585254,-0.0025277591850756754,-0.007596029197681864
ctx.stats | text.has_ordinal,ctx.stats,ctx,text.has_ordinal,text.has_ordinal,2149,5,"hitab,sqa,tab_fact,tablebench,wtq",0.7261739386308269,0.7364152640479407,0.010241325417113695,0.008950210236119282,-0.007301086645680096,0.027783737479907485,0.003384287599740693,0.0068570378173730025,0.09167054443927408,0.08096789204281062,0.8273615635179153,0.046374088061148636,0.020592082316816314,0.006013606720188663,0.08673456940210861,-0.0025277591850756754,0.04890184724622431
ctx.stats | text.has_quoted_span,ctx.stats,ctx,text.has_quoted_span,text.has_quoted_span,367,5,"hitab,sqa,tab_fact,tablebench,wtq",0.4543879258673691,0.46669715389061445,0.012309228023245338,0.02027595811660283,-0.02743164988529621,0.05205010593178688,0.003384287599740693,0.008924940423504646,0.08446866485013624,0.08446866485013624,0.8310626702997275,-0.0010783295036383648,0.01662247266265633,-0.033658375922444764,0.03150171691516804,-0.0025277591850756754,0.0014494296814373106
ctx.stats | text.has_year,ctx.stats,ctx,text.has_year,text.has_year,5072,5,"hitab,sqa,tab_fact,tablebench,wtq",0.7036441163289773,0.7081323166309532,0.0044882003019759455,0.005704379994707272,-0.006692384487650308,0.0156687850916022,0.003384287599740693,0.0011039127022352524,0.08477917981072555,0.08063880126182965,0.8345820189274448,-0.004349357179975086,0.012284944435286209,-0.028427848273136054,0.019729133913185884,-0.0025277591850756754,-0.0018215979948994106
ctx.type | cell.has_comma_number,ctx.type,ctx,cell.has_comma_number,cell.has_comma_number,1700,4,"hitab,sqa,tablebench,wtq",0.5838716838508384,0.5891904149746131,0.005318731123774611,0.008004208358921306,-0.010369517259711147,0.02100697950726037,0.0016004014992594825,0.003718329624515129,0.058823529411764705,0.05352941176470588,0.8876470588235295,-0.012397599499599218,0.019943584617950327,-0.05148702535078186,0.026691826351583424,0.0014467707595443038,-0.013844370259143523
ctx.type | cell.has_currency,ctx.type,ctx,cell.has_currency,cell.has_currency,230,3,"hitab,sqa,wtq",0.591304347826087,0.5956521739130435,0.004347826086956522,0.022639417720934994,-0.04002543264607606,0.04872108481998911,0.0016004014992594825,0.0027474245876970395,0.06086956521739131,0.05652173913043478,0.8826086956521739,0.027458492975734355,0.045634276681233384,-0.061984689319483074,0.11690167527095179,0.0014467707595443038,0.026011722216190053
ctx.type | cell.has_date_like,ctx.type,ctx,cell.has_date_like,cell.has_date_like,16689,5,"hitab,sqa,tab_fact,tablebench,wtq",0.7023248207872709,0.702900036887679,0.0005752161004086296,0.002546892571306849,-0.004416693339352794,0.005567125540170053,0.0016004014992594825,-0.001025185398850853,0.056863802504643776,0.056144766013541854,0.8869914314818144,-0.0006971407564779938,0.002752398396074144,-0.006091841612783316,0.004697560099827329,0.0014467707595443038,-0.0021439115160222975
ctx.type | cell.has_numeric_range,ctx.type,ctx,cell.has_numeric_range,cell.has_numeric_range,6989,5,"hitab,sqa,tab_fact,tablebench,wtq",0.7023066553480115,0.7017558410983507,-0.0005508142496606348,0.003959291535381485,-0.008311025659008346,0.007209397159687075,0.0016004014992594825,-0.0021512157489201175,0.056803548433252256,0.056803548433252256,0.8863929031334955,-0.0019475150831346662,0.0077453368301989445,-0.017128375270324597,0.013233345104055265,0.0014467707595443038,-0.00339428584267897
ctx.type | cell.has_percent,ctx.type,ctx,cell.has_percent,cell.has_percent,755,5,"hitab,sqa,tab_fact,tablebench,wtq",0.6478078781977239,0.6610521194197537,0.013244241222029735,0.011247639910240168,-0.008801133002040995,0.035289615446100465,0.0016004014992594825,0.011643839722770253,0.060927152317880796,0.04900662251655629,0.8900662251655629,0.009069734224865402,0.007103340614323697,-0.004852813379209044,0.022992281828939847,0.0014467707595443038,0.007622963465321098
ctx.type | cell.has_score_surface,ctx.type,ctx,cell.has_score_surface,cell.has_score_surface,5483,5,"hitab,sqa,tab_fact,tablebench,wtq",0.7345022546177212,0.7343752534788981,-0.00012700113882321246,0.004516145219974767,-0.008978645769973755,0.008724643492327329,0.0016004014992594825,-0.001727402638082695,0.05617362757614445,0.05599124566842969,0.8878351267554259,-0.00315168342823779,0.013653052805469242,-0.029911666926957507,0.023608300070481925,0.0014467707595443038,-0.004598454187782094
ctx.type | cell.missing_value_marker,ctx.type,ctx,cell.missing_value_marker,cell.missing_value_marker,5277,5,"hitab,sqa,tab_fact,tablebench,wtq",0.6049463208499128,0.6100208039482786,0.0050744830983657715,0.004520910355641903,-0.003786501198692357,0.0139354673954239,0.0016004014992594825,0.0034740815991062893,0.05817699450445329,0.053060451013833616,0.888762554481713,0.009618249132752863,0.007426621628202492,-0.0049379292585240205,0.02417442752402975,0.0014467707595443038,0.008171478373208559
ctx.type | grounding.cell_overlap,ctx.type,ctx,grounding.cell_overlap,grounding.cell_overlap,17562,5,"hitab,sqa,tab_fact,tablebench,wtq",0.7260619870284964,0.7282073537313609,0.002145366702864479,0.0024375053331952595,-0.0026321437501982295,0.006922877155927187,0.0016004014992594825,0.0005449652036049965,0.05375241999772235,0.05181642181983829,0.8944311581824393,0.002147990935652491,0.0032635542884119537,-0.004248575469634938,0.00854455734093992,0.0014467707595443038,0.0007012201761081873
ctx.type | grounding.header_overlap,ctx.type,ctx,grounding.header_overlap,grounding.header_overlap,15577,5,"hitab,sqa,tab_fact,tablebench,wtq",0.7204964192739578,0.7212117817063334,0.0007153624323755065,0.002623719831207597,-0.004427128436791383,0.005857853301542397,0.0016004014992594825,-0.000885039066883976,0.05533799833087244,0.05476022340630417,0.8899017782628234,-0.0011682037120666938,0.0018075254010085195,-0.004710953498043392,0.0023745460739100044,0.0014467707595443038,-0.0026149744716109976
ctx.type | intent.aggregate_noncount,ctx.type,ctx,intent.aggregate_noncount,intent.aggregate_noncount,1666,5,"hitab,sqa,tab_fact,tablebench,wtq",0.5785526452229557,0.5780110752794552,-0.0005415699435005542,0.008371490367369467,-0.01694969106354471,0.015866551176543602,0.0016004014992594825,-0.0021419714427600364,0.05942376950780312,0.060024009603841535,0.8805522208883554,-0.009616620085081521,0.008068524717729068,-0.025430928531830495,0.006197688361667453,0.0014467707595443038,-0.011063390844625825
ctx.type | intent.arithmetic,ctx.type,ctx,intent.arithmetic,intent.arithmetic,1028,5,"hitab,sqa,tab_fact,tablebench,wtq",0.5672888494659634,0.570155240656374,0.0028663911904106333,0.009973093558919024,-0.016680872185070653,0.02241365456589192,0.0016004014992594825,0.0012659896911511508,0.054474708171206226,0.05155642023346303,0.8939688715953308,-0.014882812604399276,0.0198524056484691,-0.05379352767539872,0.024027902466600165,0.0014467707595443038,-0.01632958336394358
ctx.type | intent.comparison,ctx.type,ctx,intent.comparison,intent.comparison,1187,5,"hitab,sqa,tab_fact,tablebench,wtq",0.6849199663016007,0.6891322662173547,0.004212299915754001,0.00993589037415886,-0.015262045217597364,0.023686645049105365,0.0016004014992594825,0.002611898416494519,0.060657118786857624,0.05644481887110362,0.8828980623420387,0.0055706011680854445,0.010280934050655544,-0.01458002957119942,0.025721231907370308,0.0014467707595443038,0.00412383040854114
ctx.type | intent.count,ctx.type,ctx,intent.count,intent.count,2966,5,"hitab,sqa,tab_fact,tablebench,wtq",0.5151173049551246,0.5155309699216464,0.0004136649665218638,0.0066060092856669765,-0.01253411323338541,0.013361443166429137,0.0016004014992594825,-0.0011867365327376186,0.06608226567768037,0.06574511126095751,0.8681726230613621,-0.004113930638589896,0.007095208485610439,-0.018020539270386358,0.009792677993206565,0.0014467707595443038,-0.0055607013981342004
ctx.type | intent.negation_marker,ctx.type,ctx,intent.negation_marker,intent.negation_marker,1180,5,"hitab,sqa,tab_fact,tablebench,wtq",0.6341562269712602,0.6415254237288136,0.007369196757553426,0.01055620785436846,-0.013320970637008754,0.028059364152115608,0.0016004014992594825,0.005768795258293944,0.06949152542372881,0.06271186440677966,0.8677966101694915,0.0033004572472773003,0.01600159093737768,-0.02806266098998295,0.03466357548453755,0.0014467707595443038,0.0018536864877329966
ctx.type | intent.superlative_rank,ctx.type,ctx,intent.superlative_rank,intent.superlative_rank,4698,5,"hitab,sqa,tab_fact,tablebench,wtq",0.6844846613482763,0.6923330138071975,0.007848352458921026,0.005191465551992449,-0.002326920022984175,0.018023624940826224,0.0016004014992594825,0.006247950959661543,0.06726266496381439,0.05981268624946786,0.8729246487867177,0.0033330633999423542,0.0029638263874091123,-0.0024760363193795055,0.009142163119264215,0.0014467707595443038,0.0018862926403980505
ctx.type | intent.temporal,ctx.type,ctx,intent.temporal,intent.temporal,8618,5,"hitab,sqa,tab_fact,tablebench,wtq",0.7037630208586506,0.7091673229211265,0.005404302062476035,0.0036032523443178806,-0.0016580725323870104,0.012466676657339082,0.0016004014992594825,0.003803900563216553,0.05917846368066837,0.05407287073566953,0.886748665583662,0.006228491513664818,0.006547483779356045,-0.006604576693873029,0.019061559721202666,0.0014467707595443038,0.004781720754120514
ctx.type | schema.has_date_col,ctx.type,ctx,schema.has_date_col,schema.has_date_col,11385,5,"hitab,sqa,tab_fact,tablebench,wtq",0.7093825284903342,0.7120678971525936,0.0026853686622594583,0.0030951601939368523,-0.003381145317856772,0.008751882642375688,0.0016004014992594825,0.0010849671629999758,0.05735617039964866,0.054194115063680284,0.8884497145366711,0.010570572556068608,0.011271493797429236,-0.011521555286892693,0.03266270039902991,0.0014467707595443038,0.009123801796524304
ctx.type | schema.has_rank_col,ctx.type,ctx,schema.has_rank_col,schema.has_rank_col,5969,5,"hitab,sqa,tab_fact,tablebench,wtq",0.7077818550464953,0.7115050956784654,0.0037232406319699777,0.004196897347236713,-0.00450267816861398,0.011949159432553935,0.0016004014992594825,0.002122839132710495,0.05696096498575976,0.0524375942368906,0.8906014407773496,-0.030502432505311244,0.03415276007299682,-0.09744184224838502,0.03643697723776253,0.0014467707595443038,-0.03194920326485555
ctx.type | schema.has_score_col,ctx.type,ctx,schema.has_score_col,schema.has_score_col,7708,5,"hitab,sqa,tab_fact,tablebench,wtq",0.7331269280831327,0.7337731067057521,0.000646178622619389,0.003780721920560374,-0.006764036341678944,0.008056393586917721,0.0016004014992594825,-0.0009542228766400935,0.05578619615983394,0.055267254800207576,0.8889465490399585,-0.007617037835018985,0.007521363899170251,-0.022358911077392678,0.007124835407354707,0.0014467707595443038,-0.009063808594563289
ctx.type | schema.has_unit_col,ctx.type,ctx,schema.has_unit_col,schema.has_unit_col,1848,5,"hitab,sqa,tab_fact,tablebench,wtq",0.6417422229323327,0.6390425343633043,-0.0026996885690287495,0.0073710131321066885,-0.017146874307957857,0.011747497169900359,0.0016004014992594825,-0.004300090068288232,0.060064935064935064,0.06060606060606061,0.8793290043290043,-0.0030995260429502827,0.006567514577049898,-0.015971854613968082,0.009772802528067517,0.0014467707595443038,-0.004546296802494586
ctx.type | schema.header_repetition_marker,ctx.type,ctx,schema.header_repetition_marker,schema.header_repetition_marker,1388,5,"hitab,sqa,tab_fact,tablebench,wtq",0.570350486939888,0.5849493975948498,0.014598910654961862,0.008762059303563408,-0.0025747255800224154,0.03177254688994614,0.0016004014992594825,0.01299850915570238,0.06484149855907781,0.048270893371757925,0.8868876080691642,0.07928612060485353,0.07673487244705038,-0.0711142293913652,0.22968647060107228,0.0014467707595443038,0.07783934984530923
ctx.type | table.cols_bin=0_3,ctx.type,ctx,table.cols_bin=0_3,table.cols_bin=0_3,136,3,"hitab,sqa,wtq",0.6985294117647058,0.6617647058823529,-0.03676470588235294,0.028407416095937436,-0.09244324143039032,0.01891382966568443,0.0016004014992594825,-0.038365107381612425,0.03676470588235294,0.07352941176470588,0.8897058823529411,0.004854958125986161,0.07070999008302077,-0.13373662243673454,0.14344653868870685,0.0014467707595443038,0.0034081873664418573
ctx.type | table.cols_bin=4_6,ctx.type,ctx,table.cols_bin=4_6,table.cols_bin=4_6,14136,5,"hitab,sqa,tab_fact,tablebench,wtq",0.7079782132289401,0.7083109876523888,0.00033277442344874816,0.0027277839904201033,-0.005013682197774654,0.00567923104467215,0.0016004014992594825,-0.0012676270758107343,0.05482456140350877,0.054895302773061684,0.8902801358234296,0.0014498872171724024,0.00161681410853525,-0.0017190684355566878,0.004618842869901493,0.0014467707595443038,3.1164576280986664e-06
ctx.type | table.cols_bin=7_10,ctx.type,ctx,table.cols_bin=7_10,table.cols_bin=7_10,6755,5,"hitab,sqa,tab_fact,tablebench,wtq",0.690146935080706,0.6942049606517267,0.004058025571020219,0.004005468028240589,-0.003792691764331337,0.011908742906371774,0.0016004014992594825,0.0024576240717607365,0.05921539600296077,0.05433012583271651,0.8864544781643228,0.005718585091760134,0.0072584452484454965,-0.008507967595193039,0.019945137778713307,0.0014467707595443038,0.00427181433221583
ctx.type | table.cols_bin=gt_10,ctx.type,ctx,table.cols_bin=gt_10,table.cols_bin=gt_10,794,4,"hitab,tab_fact,tablebench,wtq",0.6371701514557347,0.6470017624547625,0.009831610999027837,0.011956086218328379,-0.013602317988895784,0.03326553998695146,0.0016004014992594825,0.008231209499768355,0.0654911838790932,0.05919395465994962,0.8753148614609572,0.024336025039186426,0.01738939018479081,-0.009747179723003558,0.05841922980137641,0.0014467707595443038,0.022889254279642123
ctx.type | table.numeric_cols_bin=0,ctx.type,ctx,table.numeric_cols_bin=0,table.numeric_cols_bin=0,3898,5,"hitab,sqa,tab_fact,tablebench,wtq",0.7147255002565418,0.7088250384812724,-0.005900461775269369,0.004610243729656548,-0.014936539485396203,0.0031356159348574653,0.0016004014992594825,-0.007500863274528851,0.038481272447408926,0.0443817342226783,0.9171369933299128,-0.0216285677177609,0.014212904422544421,-0.04948586038594797,0.006228724950426166,0.0014467707595443038,-0.023075338477305203
ctx.type | table.numeric_cols_bin=1,ctx.type,ctx,table.numeric_cols_bin=1,table.numeric_cols_bin=1,7480,5,"hitab,sqa,tab_fact,tablebench,wtq",0.7276737967914438,0.721524064171123,-0.006149732620320855,0.003809165000703315,-0.013615696021699352,0.001316230781057642,0.0016004014992594825,-0.0077501341195803375,0.05120320855614973,0.057352941176470586,0.8914438502673797,0.015164049273254255,0.02052711396291708,-0.02506909409406322,0.05539719264057173,0.0014467707595443038,0.01371727851370995
ctx.type | table.numeric_cols_bin=2_3,ctx.type,ctx,table.numeric_cols_bin=2_3,table.numeric_cols_bin=2_3,5634,5,"hitab,sqa,tab_fact,tablebench,wtq",0.7163946640610706,0.7209735451858381,0.004578881124767467,0.0043879226710946805,-0.004021447310578106,0.01317920956011304,0.0016004014992594825,0.002978479625507985,0.05839545615903444,0.05378061767838126,0.8878239261625843,-0.004559381484988111,0.005876167871801339,-0.016076670513718735,0.006957907543742515,0.0014467707595443038,-0.006006152244532414
ctx.type | table.numeric_cols_bin=ge_4,ctx.type,ctx,table.numeric_cols_bin=ge_4,table.numeric_cols_bin=ge_4,4809,5,"hitab,sqa,tab_fact,tablebench,wtq",0.625008968935381,0.6412545386709612,0.016245569735579387,0.0049933090801074454,0.006458683938568794,0.026032455532589982,0.0016004014992594825,0.014645168236319905,0.07693907257226035,0.06134331461842379,0.8617176128093159,0.01646283035590734,0.0059544148354132975,0.004792177278497277,0.028133483433317404,0.0014467707595443038,0.015016059596363035
ctx.type | table.numeric_density_bin=high,ctx.type,ctx,table.numeric_density_bin=high,table.numeric_density_bin=high,5196,5,"hitab,sqa,tab_fact,tablebench,wtq",0.6333840769151432,0.6424454273762782,0.009061350461134605,0.0047290384260154075,-0.0002075648538555925,0.0183302657761248,0.0016004014992594825,0.007460948961875123,0.07082371054657428,0.06312548113933796,0.8660508083140878,0.009495724836142206,0.005732266815688879,-0.0017395181226079956,0.02073096779489241,0.0014467707595443038,0.008048954076597902
ctx.type | table.numeric_density_bin=low,ctx.type,ctx,table.numeric_density_bin=low,table.numeric_density_bin=low,7327,5,"hitab,sqa,tab_fact,tablebench,wtq",0.7319503207315409,0.72608161594104,-0.005868704790500887,0.0038430048055167793,-0.013400994209313774,0.0016635846283120006,0.0016004014992594825,-0.007469106289760369,0.05118056503343797,0.057049269823938854,0.8917701651426232,0.014828242566763303,0.020446501106584913,-0.02524689960214313,0.05490338473566973,0.0014467707595443038,0.013381471807218999
ctx.type | table.numeric_density_bin=mid,ctx.type,ctx,table.numeric_density_bin=mid,table.numeric_density_bin=mid,5400,5,"hitab,sqa,tab_fact,tablebench,wtq",0.7094022231998584,0.7193725165552819,0.00997029335542329,0.004548953285951761,0.0010543449149578374,0.018886241795888742,0.0016004014992594825,0.008369891856163807,0.06277777777777778,0.052037037037037034,0.8851851851851852,0.00687222724986309,0.005351795897873537,-0.003617292709969043,0.017361747209695223,0.0014467707595443038,0.005425456490318786
ctx.type | table.numeric_density_bin=none,ctx.type,ctx,table.numeric_density_bin=none,table.numeric_density_bin=none,3898,5,"hitab,sqa,tab_fact,tablebench,wtq",0.7147255002565418,0.7088250384812724,-0.005900461775269369,0.004610243729656548,-0.014936539485396203,0.0031356159348574653,0.0016004014992594825,-0.007500863274528851,0.038481272447408926,0.0443817342226783,0.9171369933299128,-0.0216285677177609,0.014212904422544421,-0.04948586038594797,0.006228724950426166,0.0014467707595443038,-0.023075338477305203
ctx.type | table.rows_bin=0_5,ctx.type,ctx,table.rows_bin=0_5,table.rows_bin=0_5,1332,3,"hitab,tab_fact,wtq",0.8145645645645646,0.8115615615615616,-0.003003003003003003,0.006964304530528212,-0.016653039882838297,0.010647033876832293,0.0016004014992594825,-0.004603404502262485,0.03078078078078078,0.033783783783783786,0.9354354354354354,-0.019047619047619046,0.01904761904761905,-0.05638095238095238,0.01828571428571429,0.0014467707595443038,-0.02049438980716335
ctx.type | table.rows_bin=11_25,ctx.type,ctx,table.rows_bin=11_25,table.rows_bin=11_25,9391,5,"hitab,sqa,tab_fact,tablebench,wtq",0.6920587245946037,0.6930091068990363,0.0009503823044327102,0.003491106087480555,-0.005892185627029177,0.007792950235894598,0.0016004014992594825,-0.0006500191948267723,0.06027047172825045,0.05899265253966564,0.8807368757320839,-0.00036787125044615554,0.0043236023835828705,-0.008842131922268582,0.008106389421376271,0.0014467707595443038,-0.0018146420099904594
ctx.type | table.rows_bin=26_50,ctx.type,ctx,table.rows_bin=26_50,table.rows_bin=26_50,2976,5,"hitab,sqa,tab_fact,tablebench,wtq",0.6262433851148362,0.6192128896321243,-0.007030495482711733,0.006314719176000754,-0.01940734506767321,0.0053463541022497445,0.0016004014992594825,-0.008630896981971215,0.059475806451612906,0.0655241935483871,0.875,-0.0035215300498909127,0.007168191519232023,-0.017571185427585678,0.010528125327803851,0.0014467707595443038,-0.004968300809435217
ctx.type | table.rows_bin=6_10,ctx.type,ctx,table.rows_bin=6_10,table.rows_bin=6_10,7702,5,"hitab,sqa,tab_fact,tablebench,wtq",0.728383779818312,0.7360337506636722,0.007649970845360128,0.0035737772795471244,0.0006453673774477649,0.014654574313272491,0.0016004014992594825,0.006049569346100646,0.05531030901064658,0.048818488704232665,0.8958712022851207,0.014684250586491265,0.0046803935972367,0.005510679135907333,0.023857822037075198,0.0014467707595443038,0.01323747982694696
ctx.type | table.rows_bin=gt_50,ctx.type,ctx,table.rows_bin=gt_50,table.rows_bin=gt_50,420,3,"hitab,tablebench,wtq",0.5071428571428571,0.4880952380952381,-0.01904761904761905,0.017164563040956517,-0.052690162607893824,0.014594924512655726,0.0016004014992594825,-0.02064802054687853,0.05238095238095238,0.07142857142857142,0.8761904761904762,-0.12289145864682317,0.10522577126658217,-0.32913397032932423,0.08335105303567787,0.0014467707595443038,-0.12433822940636748
ctx.type | table.shape=balanced,ctx.type,ctx,table.shape=balanced,table.shape=balanced,11104,5,"hitab,sqa,tab_fact,tablebench,wtq",0.6726889155012101,0.6731370749048762,0.00044815940366600443,0.003210556061000033,-0.00584453047589406,0.006740849283226069,0.0016004014992594825,-0.001152242095593478,0.06006844380403458,0.0591678674351585,0.8807636887608069,-0.0031197080877719808,0.0028957354515044267,-0.008795349572720657,0.0025559333971766954,0.0014467707595443038,-0.0045664788473162845
ctx.type | table.shape=tall,ctx.type,ctx,table.shape=tall,table.shape=tall,313,3,"hitab,tablebench,wtq",0.5175718849840255,0.476038338658147,-0.04153354632587859,0.018784886416087554,-0.0783519237014102,-0.004715168950346987,0.0016004014992594825,-0.043133947825138075,0.03514376996805112,0.07667731629392971,0.8881789137380192,-0.11149014511587611,0.06937776218655982,-0.24747055900153336,0.024490268769781123,0.0014467707595443038,-0.11293691587542042
ctx.type | table.shape=wide,ctx.type,ctx,table.shape=wide,table.shape=wide,10404,5,"hitab,sqa,tab_fact,tablebench,wtq",0.734265470127343,0.7383933054884573,0.004127835361114365,0.0030667749938016126,-0.0018830436267367962,0.010138714348965527,0.0016004014992594825,0.0025274338618548825,0.05324875048058439,0.04988465974625144,0.8968665897731641,0.010807437385083588,0.003080500509924112,0.004769656385632329,0.016845218384534847,0.0014467707595443038,0.009360666625539284
ctx.type | text.has_number,ctx.type,ctx,text.has_number,text.has_number,12651,5,"hitab,sqa,tab_fact,tablebench,wtq",0.7280937936167505,0.7318056220646952,0.00371182844794476,0.002960781906741785,-0.002091304089269138,0.009514960985158659,0.0016004014992594825,0.0021114269486852775,0.05746581297921113,0.05382973677970121,0.8887044502410877,0.001206654811877725,0.002820600745543374,-0.004321722649387287,0.006735032273142738,0.0014467707595443038,-0.00024011594766657884
ctx.type | text.has_ordinal,ctx.type,ctx,text.has_ordinal,text.has_ordinal,2149,5,"hitab,sqa,tab_fact,tablebench,wtq",0.7261739386308269,0.7298999182142505,0.0037259795834235386,0.00726997737817707,-0.01052317607780352,0.017975135244650595,0.0016004014992594825,0.0021255780841640563,0.05909725453699395,0.05490926012098651,0.8859934853420195,0.021692403567296292,0.016377898996015616,-0.01040827846489431,0.053793085599486895,0.0014467707595443038,0.02024563280775199
ctx.type | text.has_quoted_span,ctx.type,ctx,text.has_quoted_span,text.has_quoted_span,367,5,"hitab,sqa,tab_fact,tablebench,wtq",0.4543879258673691,0.4730289902045411,0.018641064337172043,0.012534995205590729,-0.005927526265785785,0.04320965494012987,0.0016004014992594825,0.01704066283791256,0.043596730245231606,0.02997275204359673,0.9264305177111717,2.8628274066047967e-05,0.018247285821992223,-0.03573605193703871,0.03579330848517081,0.0014467707595443038,-0.0014181424854782557
ctx.type | text.has_year,ctx.type,ctx,text.has_year,text.has_year,5072,5,"hitab,sqa,tab_fact,tablebench,wtq",0.7036441163289773,0.7160677843255029,0.012423667996525596,0.0046919912647703475,0.003227365117575714,0.02161997087547548,0.0016004014992594825,0.010823266497266113,0.062302839116719244,0.04988170347003155,0.8878154574132492,0.006276956390971404,0.0048559113245841366,-0.0032406298052135045,0.01579454258715631,0.0014467707595443038,0.004830185631427101
format.json | cell.has_comma_number,format.json,format,cell.has_comma_number,cell.has_comma_number,1700,4,"hitab,sqa,tablebench,wtq",0.5838716838508384,0.5164539831698463,-0.06741770068099229,0.010889252728315143,-0.08876063602848996,-0.04607476533349461,-0.02175327972844617,-0.04566442095254612,0.07058823529411765,0.13823529411764707,0.7911764705882353,-0.09572830484560511,0.041713681635659236,-0.1774871208514972,-0.01396948883971301,-0.026799561768345127,-0.06892874307725999
format.json | cell.has_currency,format.json,format,cell.has_currency,cell.has_currency,230,3,"hitab,sqa,wtq",0.591304347826087,0.5260869565217391,-0.06521739130434782,0.027565528235189596,-0.11924582664531944,-0.01118895596337622,-0.02175327972844617,-0.04346411157590166,0.05652173913043478,0.12173913043478261,0.8217391304347826,-0.02990634312473393,0.05252350909647639,-0.13285242095382765,0.07303973470435979,-0.026799561768345127,-0.0031067813563888033
format.json | cell.has_date_like,format.json,format,cell.has_date_like,cell.has_date_like,16689,5,"hitab,sqa,tab_fact,tablebench,wtq",0.7023248207872709,0.6745856705444555,-0.027739150242814706,0.0033647254888043276,-0.03433401220087119,-0.021144288284758225,-0.02175327972844617,-0.005985870514368538,0.08310863442986398,0.11133081670561448,0.8055605488645216,-0.03370204061707084,0.01510230762884145,-0.06330256356960008,-0.004101517664541601,-0.026799561768345127,-0.006902478848725715
format.json | cell.has_numeric_range,format.json,format,cell.has_numeric_range,cell.has_numeric_range,6989,5,"hitab,sqa,tab_fact,tablebench,wtq",0.7023066553480115,0.6789353991484333,-0.023371256199578257,0.00530571559438632,-0.03377045876457544,-0.01297205363458107,-0.02175327972844617,-0.0016179764711320883,0.0884246673343826,0.11260552296465876,0.7989698097009587,-0.028489554103689613,0.015454570642328783,-0.05878051256265403,0.0018014043552748021,-0.026799561768345127,-0.001689992335344486
format.json | cell.has_percent,format.json,format,cell.has_percent,cell.has_percent,755,5,"hitab,sqa,tab_fact,tablebench,wtq",0.6478078781977239,0.647638997188018,-0.0001688810097060275,0.014533655067863109,-0.02865484494271772,0.028317082923305665,-0.02175327972844617,0.02158439871874014,0.08874172185430464,0.08609271523178808,0.8251655629139073,-0.008783148284723569,0.025928819056673214,-0.059603633635803066,0.04203733706635593,-0.026799561768345127,0.018016413483621558
format.json | cell.has_score_surface,format.json,format,cell.has_score_surface,cell.has_score_surface,5483,5,"hitab,sqa,tab_fact,tablebench,wtq",0.7345022546177212,0.7200994994629866,-0.014402755154734626,0.005938083876105663,-0.026041399551901726,-0.0027641107575675262,-0.02175327972844617,0.0073505245737115425,0.0897318985956593,0.10395768739741018,0.8063104140069305,-0.008512626041192477,0.03198188124753701,-0.07119711328636501,0.05417186120398006,-0.026799561768345127,0.018286935727152648
format.json | cell.missing_value_marker,format.json,format,cell.missing_value_marker,cell.missing_value_marker,5277,5,"hitab,sqa,tab_fact,tablebench,wtq",0.6049463208499128,0.5614769478091352,-0.04346937304077778,0.006095816885020196,-0.055417174135417364,-0.0315215719461382,-0.02175327972844617,-0.021716093312331614,0.07845366685616828,0.12241804055334471,0.799128292590487,-0.023901839792150936,0.021043151487344838,-0.06514641670734682,0.017342737123044946,-0.026799561768345127,0.0028977219761941904
format.json | grounding.cell_overlap,format.json,format,grounding.cell_overlap,grounding.cell_overlap,17562,5,"hitab,sqa,tab_fact,tablebench,wtq",0.7260619870284964,0.7078889494292294,-0.01817303759926691,0.003247567772127188,-0.0245382704326362,-0.011807804765897621,-0.02175327972844617,0.0035802421291792584,0.0842728618608359,0.10243708005921877,0.8132900580799454,-0.025017312363652566,0.017468861218152644,-0.059256280351231747,0.009221655623926614,-0.026799561768345127,0.0017822494046925604
format.json | grounding.header_overlap,format.json,format,grounding.header_overlap,grounding.header_overlap,15577,5,"hitab,sqa,tab_fact,tablebench,wtq",0.7204964192739578,0.7003819936460889,-0.02011442562786844,0.0034424610002206893,-0.02686164918830099,-0.013367202067435888,-0.02175327972844617,0.0016388541005777288,0.08409835013160429,0.1040636836361302,0.8118379662322656,-0.029221700847162885,0.013007153063647112,-0.054715720851911225,-0.003727680842414545,-0.026799561768345127,-0.002422139078817758
format.json | intent.aggregate_noncount,format.json,format,intent.aggregate_noncount,intent.aggregate_noncount,1666,5,"hitab,sqa,tab_fact,tablebench,wtq",0.5785526452229557,0.5588640027637318,-0.019688642459223856,0.010678965371894205,-0.0406194145881365,0.0012421296696887851,-0.02175327972844617,0.0020646372692223122,0.08763505402160865,0.10684273709483794,0.8055222088835534,-0.027238891606979558,0.01128892952391096,-0.049365193473845034,-0.005112589740114078,-0.026799561768345127,-0.00043932983863443145
format.json | intent.arithmetic,format.json,format,intent.arithmetic,intent.arithmetic,1028,5,"hitab,sqa,tab_fact,tablebench,wtq",0.5672888494659634,0.5773500710271138,0.010061221561150463,0.012935433188828175,-0.01529222748895276,0.03541467061125369,-0.02175327972844617,0.03181450128959663,0.0914396887159533,0.08365758754863813,0.8249027237354085,-0.006574433030933339,0.028721753442470847,-0.0628690697781762,0.04972020371630952,-0.026799561768345127,0.020225128737411786
format.json | intent.comparison,format.json,format,intent.comparison,intent.comparison,1187,5,"hitab,sqa,tab_fact,tablebench,wtq",0.6849199663016007,0.6444818871103623,-0.040438079191238416,0.013850377204558381,-0.06758481851217285,-0.013291339870303988,-0.02175327972844617,-0.018684799462792247,0.09435551811288964,0.13479359730412804,0.7708508845829823,-0.08202633815841363,0.04163965056529538,-0.16364005326639258,-0.00041262305043468506,-0.026799561768345127,-0.05522677639006851
format.json | intent.count,format.json,format,intent.count,intent.count,2966,5,"hitab,sqa,tab_fact,tablebench,wtq",0.5151173049551246,0.42698944679117135,-0.08812785816395328,0.008675463747706178,-0.10513176710945739,-0.07112394921844918,-0.02175327972844617,-0.06637457843550712,0.0724881995954147,0.16115981119352663,0.7663519892110586,-0.04646419492396546,0.025926482540196326,-0.09728010070275026,0.004351710854819335,-0.026799561768345127,-0.019664633155620333
format.json | intent.negation_marker,format.json,format,intent.negation_marker,intent.negation_marker,1180,5,"hitab,sqa,tab_fact,tablebench,wtq",0.6341562269712602,0.6262711864406779,-0.007885040530582166,0.014363411930206427,-0.03603732791378676,0.020267246852622434,-0.02175327972844617,0.013868239197864002,0.11779661016949153,0.12627118644067797,0.7559322033898305,-0.0013380826611801174,0.028502611894258775,-0.057203201973927316,0.054527036651567086,-0.026799561768345127,0.025461479107165008
format.json | intent.superlative_rank,format.json,format,intent.superlative_rank,intent.superlative_rank,4698,5,"hitab,sqa,tab_fact,tablebench,wtq",0.6844846613482763,0.6579023833174537,-0.026582278030822765,0.006724209069865076,-0.039761727807758315,-0.013402828253887217,-0.02175327972844617,-0.004828998302376597,0.09344401873137505,0.12005108556832694,0.786504895700298,-0.024466758384681563,0.016992314052720243,-0.057771693928013235,0.00883817715865011,-0.026799561768345127,0.002332803383663564
format.json | intent.temporal,format.json,format,intent.temporal,intent.temporal,8618,5,"hitab,sqa,tab_fact,tablebench,wtq",0.7037630208586506,0.6873571356343546,-0.0164058852242963,0.004699813539969258,-0.025617519762636043,-0.007194250685956553,-0.02175327972844617,0.0053473945041498695,0.08760733348804828,0.10431654676258993,0.8080761197493618,-0.016673398661618447,0.0190362741960436,-0.0539844960858639,0.020637698762627006,-0.026799561768345127,0.01012616310672668
format.json | schema.has_date_col,format.json,format,schema.has_date_col,schema.has_date_col,11385,5,"hitab,sqa,tab_fact,tablebench,wtq",0.7093825284903342,0.6852256345297258,-0.024156893960608626,0.004122982564715614,-0.03223793978745123,-0.016075848133766023,-0.02175327972844617,-0.0024036142321624578,0.08581466842336408,0.11058410188844972,0.8036012296881863,-0.03351305794094085,0.018694095053604018,-0.07015348424600473,0.003127368364123022,-0.026799561768345127,-0.006713496172595725
format.json | schema.has_rank_col,format.json,format,schema.has_rank_col,schema.has_rank_col,5969,5,"hitab,sqa,tab_fact,tablebench,wtq",0.7077818550464953,0.6843850409371849,-0.023396814109310483,0.005496544542202347,-0.034170041412027084,-0.012623586806593883,-0.02175327972844617,-0.0016435343808643144,0.08058301222985424,0.10437259172390685,0.8150443960462389,-0.015307176355242202,0.01675105887583483,-0.04813925175187847,0.017524899041394065,-0.026799561768345127,0.011492385413102924
format.json | schema.has_score_col,format.json,format,schema.has_score_col,schema.has_score_col,7708,5,"hitab,sqa,tab_fact,tablebench,wtq",0.7331269280831327,0.7146603067908663,-0.018466621292266523,0.004919069855413278,-0.02810799820887655,-0.008825244375656497,-0.02175327972844617,0.003286658436179646,0.08445770627919046,0.10326933056564608,0.8122729631551635,-0.021848942165121094,0.017769391051603873,-0.056676948626264684,0.012979064296022497,-0.026799561768345127,0.004950619603224033
format.json | schema.has_unit_col,format.json,format,schema.has_unit_col,schema.has_unit_col,1848,5,"hitab,sqa,tab_fact,tablebench,wtq",0.6417422229323327,0.6139226021412274,-0.02781962079110561,0.00957771206666223,-0.046591936441763585,-0.009047305140447642,-0.02175327972844617,-0.006066341062659443,0.08333333333333333,0.10930735930735931,0.8073593073593074,-0.03404277366176371,0.01730659229369468,-0.06796369455740528,-0.00012185276612214357,-0.026799561768345127,-0.007243211893418585
format.json | schema.header_repetition_marker,format.json,format,schema.header_repetition_marker,schema.header_repetition_marker,1388,5,"hitab,sqa,tab_fact,tablebench,wtq",0.570350486939888,0.5396513229854657,-0.0306991639544221,0.011816625354390022,-0.05385974964902654,-0.007538578259817658,-0.02175327972844617,-0.00894588422597593,0.08357348703170028,0.11599423631123919,0.8004322766570605,-0.012868985260191677,0.0431342124606977,-0.09741204168315916,0.07167407116277581,-0.026799561768345127,0.01393057650815345
format.json | table.cols_bin=0_3,format.json,format,table.cols_bin=0_3,table.cols_bin=0_3,136,3,"hitab,sqa,wtq",0.6985294117647058,0.6544117647058824,-0.04411764705882353,0.03743934391303791,-0.11749876112837784,0.029263467010730772,-0.02175327972844617,-0.022364367330377364,0.07352941176470588,0.11764705882352941,0.8088235294117647,0.0017396933284783724,0.07170209585183575,-0.13879641454111968,0.14227580119807642,-0.026799561768345127,0.0285392550968235
format.json | table.cols_bin=4_6,format.json,format,table.cols_bin=4_6,table.cols_bin=4_6,14136,5,"hitab,sqa,tab_fact,tablebench,wtq",0.7079782132289401,0.6872616908084646,-0.02071652242047502,0.003647714685449196,-0.027866043203955443,-0.013567001636994596,-0.02175327972844617,0.0010367573079711478,0.086092246745897,0.1070316921335597,0.8068760611205433,-0.026242751953269732,0.017355621555932493,-0.06025977020289741,0.0077742662963579505,-0.026799561768345127,0.0005568098150753945
format.json | table.cols_bin=7_10,format.json,format,table.cols_bin=7_10,table.cols_bin=7_10,6755,5,"hitab,sqa,tab_fact,tablebench,wtq",0.690146935080706,0.6705120875794324,-0.019634847501273943,0.0052346960625749474,-0.029894851783920838,-0.009374843218627046,-0.02175327972844617,0.0021184322271722254,0.0851221317542561,0.10540340488527017,0.8094744633604737,-0.027363253570359576,0.016207612925545734,-0.05913017490442921,0.0044036677637100605,-0.026799561768345127,-0.0005636918020144495
format.json | table.cols_bin=gt_10,format.json,format,table.cols_bin=gt_10,table.cols_bin=gt_10,794,4,"hitab,tab_fact,tablebench,wtq",0.6371701514557347,0.5827669258291813,-0.05440322562655348,0.016851785291928826,-0.08743272479873399,-0.021373726454372986,-0.02175327972844617,-0.03264994589810731,0.0906801007556675,0.1473551637279597,0.7619647355163728,-0.05644786733579371,0.03976117523817726,-0.13437977080262115,0.02148403613103371,-0.026799561768345127,-0.029648305567448584
format.json | table.numeric_cols_bin=0,format.json,format,table.numeric_cols_bin=0,table.numeric_cols_bin=0,3898,5,"hitab,sqa,tab_fact,tablebench,wtq",0.7147255002565418,0.6877886095433555,-0.026936890713186248,0.007275925652064591,-0.04119770499123285,-0.01267607643513965,-0.02175327972844617,-0.005183610984740079,0.09004617752693689,0.11698306824012314,0.79297075423294,-0.06236467842076469,0.031224071156146803,-0.12356385788681243,-0.0011654989547169523,-0.026799561768345127,-0.03556511665241956
format.json | table.numeric_cols_bin=1,format.json,format,table.numeric_cols_bin=1,table.numeric_cols_bin=1,7480,5,"hitab,sqa,tab_fact,tablebench,wtq",0.7276737967914438,0.7033422459893048,-0.024331550802139036,0.004958713810939599,-0.034050629871580654,-0.014612471732697422,-0.02175327972844617,-0.002578271073692868,0.08008021390374331,0.10441176470588236,0.8155080213903744,-0.016028426593291088,0.02378814347729593,-0.06265318780879112,0.030596334622208933,-0.026799561768345127,0.010771135175054038
format.json | table.numeric_cols_bin=2_3,format.json,format,table.numeric_cols_bin=2_3,table.numeric_cols_bin=2_3,5634,5,"hitab,sqa,tab_fact,tablebench,wtq",0.7163946640610706,0.7006873062224548,-0.015707357838615835,0.0056718005211040595,-0.026824086859979793,-0.004590628817251878,-0.02175327972844617,0.006045921889830334,0.08484203052893148,0.10010649627263046,0.8150514731984381,-0.020970707475186413,0.018835917123546663,-0.057889105037337865,0.015947690086965043,-0.026799561768345127,0.005828854293158714
format.json | table.numeric_cols_bin=ge_4,format.json,format,table.numeric_cols_bin=ge_4,table.numeric_cols_bin=ge_4,4809,5,"hitab,sqa,tab_fact,tablebench,wtq",0.625008968935381,0.604384501709001,-0.02062446722638016,0.006284866237090176,-0.032942805051076905,-0.008306129401683418,-0.02175327972844617,0.0011288125020660067,0.09274277396548139,0.11582449573715949,0.7914327302973592,-0.024624700749977746,0.014730874383813196,-0.053497214542251606,0.004247813042296118,-0.026799561768345127,0.0021748610183673807
format.json | table.numeric_density_bin=high,format.json,format,table.numeric_density_bin=high,table.numeric_density_bin=high,5196,5,"hitab,sqa,tab_fact,tablebench,wtq",0.6333840769151432,0.6163431421237294,-0.017040934791413637,0.006028990045035075,-0.028857755279682384,-0.00522411430314489,-0.02175327972844617,0.004712344937032532,0.09468822170900693,0.1125866050808314,0.7927251732101617,-0.02022798393966762,0.016773862590878614,-0.053104754617789705,0.012648786738454466,-0.026799561768345127,0.006571577828677507
format.json | table.numeric_density_bin=low,format.json,format,table.numeric_density_bin=low,table.numeric_density_bin=low,7327,5,"hitab,sqa,tab_fact,tablebench,wtq",0.7319503207315409,0.7083390200627815,-0.023611300668759383,0.004994361686541579,-0.033400249574380876,-0.013822351763137888,-0.02175327972844617,-0.0018580209403132146,0.07984168145216324,0.10345298212092262,0.8167053364269141,-0.00785590573424776,0.02234892418432963,-0.05165979713553384,0.035947985667038315,-0.026799561768345127,0.018943656034097367
format.json | table.numeric_density_bin=mid,format.json,format,table.numeric_density_bin=mid,table.numeric_density_bin=mid,5400,5,"hitab,sqa,tab_fact,tablebench,wtq",0.7094022231998584,0.6893774787964811,-0.02002474440337751,0.00582673680868082,-0.031445148548391914,-0.008604340258363102,-0.02175327972844617,0.0017285353250686593,0.08259259259259259,0.10351851851851852,0.8138888888888889,-0.026694176307192924,0.017984023607331322,-0.06194286257756231,0.008554509963176464,-0.026799561768345127,0.00010538546115220274
format.json | table.numeric_density_bin=none,format.json,format,table.numeric_density_bin=none,table.numeric_density_bin=none,3898,5,"hitab,sqa,tab_fact,tablebench,wtq",0.7147255002565418,0.6877886095433555,-0.026936890713186248,0.007275925652064591,-0.04119770499123285,-0.01267607643513965,-0.02175327972844617,-0.005183610984740079,0.09004617752693689,0.11698306824012314,0.79297075423294,-0.06236467842076469,0.031224071156146803,-0.12356385788681243,-0.0011654989547169523,-0.026799561768345127,-0.03556511665241956
format.json | table.rows_bin=0_5,format.json,format,table.rows_bin=0_5,table.rows_bin=0_5,1332,3,"hitab,tab_fact,wtq",0.8145645645645646,0.8093093093093093,-0.005255255255255256,0.009990802125142171,-0.02483722742053391,0.0143267169100234,-0.02175327972844617,0.016498024473190914,0.06381381381381382,0.06906906906906907,0.8671171171171171,-0.028837032821096564,0.02843955666641148,-0.08457856388726306,0.026904498245069935,-0.026799561768345127,-0.0020374710527514377
format.json | table.rows_bin=11_25,format.json,format,table.rows_bin=11_25,table.rows_bin=11_25,9391,5,"hitab,sqa,tab_fact,tablebench,wtq",0.6920587245946037,0.6628659098233269,-0.029192814771276623,0.0046107529054381135,-0.03822989046593533,-0.02015573907661792,-0.02175327972844617,-0.007439535042830455,0.08742412948567778,0.11787882014694921,0.794697050367373,-0.03671533429812122,0.014530464915891878,-0.0651950455332693,-0.008235623062973138,-0.026799561768345127,-0.00991577252977609
format.json | table.rows_bin=26_50,format.json,format,table.rows_bin=26_50,table.rows_bin=26_50,2976,5,"hitab,sqa,tab_fact,tablebench,wtq",0.6262433851148362,0.5914834193986969,-0.03475996571613944,0.008366806285562495,-0.05115890603584193,-0.018361025396436952,-0.02175327972844617,-0.013006685987693275,0.0907258064516129,0.12399193548387097,0.7852822580645161,-0.0185439597088625,0.021030148069755037,-0.05976304992558237,0.022675130507857372,-0.026799561768345127,0.008255602059482628
format.json | table.rows_bin=6_10,format.json,format,table.rows_bin=6_10,table.rows_bin=6_10,7702,5,"hitab,sqa,tab_fact,tablebench,wtq",0.728383779818312,0.7205828274077524,-0.007800952410560122,0.00476932440833708,-0.017148828250900798,0.0015469234297805553,-0.02175327972844617,0.013952327317886046,0.08660088288756167,0.09465074006751494,0.8187483770449234,-0.01455917741868249,0.02135090146805739,-0.05640694429607498,0.027288589458709996,-0.026799561768345127,0.012240384349662637
format.json | table.rows_bin=gt_50,format.json,format,table.rows_bin=gt_50,table.rows_bin=gt_50,420,3,"hitab,tablebench,wtq",0.5071428571428571,0.4357142857142857,-0.07142857142857142,0.022596680550744454,-0.11571806530803055,-0.027139077549112295,-0.02175327972844617,-0.04967529170012526,0.07380952380952381,0.14523809523809525,0.780952380952381,-0.05359388205223342,0.02847807994885849,-0.10941091875199607,0.0022231546475292227,-0.026799561768345127,-0.026794320283888295
format.json | table.shape=balanced,format.json,format,table.shape=balanced,table.shape=balanced,11104,5,"hitab,sqa,tab_fact,tablebench,wtq",0.6726889155012101,0.6425618892746954,-0.030127026226514843,0.004237411110254811,-0.03843235200261427,-0.021821700450415413,-0.02175327972844617,-0.008373746498068674,0.08744596541786744,0.11743515850144093,0.7951188760806917,-0.032886048457297576,0.014354503407205474,-0.0610208751354203,-0.0047512217791748496,-0.026799561768345127,-0.006086486688952449
format.json | table.shape=tall,format.json,format,table.shape=tall,table.shape=tall,313,3,"hitab,tablebench,wtq",0.5175718849840255,0.44089456869009586,-0.07667731629392971,0.024820099915255075,-0.12532471212782964,-0.028029920460029764,-0.02175327972844617,-0.054924036565483544,0.06070287539936102,0.13738019169329074,0.8019169329073482,-0.13022525449426034,0.06009330386049904,-0.24800813006083844,-0.012442378927682227,-0.026799561768345127,-0.10342569272591522
format.json | table.shape=wide,format.json,format,table.shape=wide,table.shape=wide,10404,5,"hitab,sqa,tab_fact,tablebench,wtq",0.734265470127343,0.7231017044857435,-0.011163765641599672,0.004120441295033821,-0.01923983057986596,-0.0030877007033333834,-0.02175327972844617,0.010589514086846497,0.08496732026143791,0.09717416378316032,0.8178585159554018,-0.018887822075805354,0.01967230370223263,-0.0574455373321813,0.019669893180570594,-0.026799561768345127,0.007911739692539773
format.json | text.has_number,format.json,format,text.has_number,text.has_number,12651,5,"hitab,sqa,tab_fact,tablebench,wtq",0.7280937936167505,0.7125808336688865,-0.015512959947863997,0.003861614029300175,-0.02308172344529234,-0.007944196450435655,-0.02175327972844617,0.006240319780582171,0.08679155797960636,0.1024424946644534,0.8107659473559402,-0.03922697353537755,0.02551605776653604,-0.08923844675778819,0.010784499687033086,-0.026799561768345127,-0.012427411767032426
format.json | text.has_ordinal,format.json,format,text.has_ordinal,text.has_ordinal,2149,5,"hitab,sqa,tab_fact,tablebench,wtq",0.7261739386308269,0.7154746041146692,-0.010699334516157661,0.009524543288771637,-0.02936743936215007,0.007968770329834745,-0.02175327972844617,0.011053945212288507,0.09260120986505352,0.10283852954862727,0.8045602605863192,0.012909383816735925,0.025287507495706137,-0.036654130874848104,0.062472898508319955,-0.026799561768345127,0.03970894558508105
format.json | text.has_quoted_span,format.json,format,text.has_quoted_span,text.has_quoted_span,367,5,"hitab,sqa,tab_fact,tablebench,wtq",0.4543879258673691,0.4538706976569789,-0.0005172282103901416,0.021023611534946713,-0.0417235068188857,0.040689050398105414,-0.02175327972844617,0.021236051518056027,0.08446866485013624,0.09264305177111716,0.8228882833787466,0.009105810401653622,0.01643241614043484,-0.02310172523359866,0.04131334603690591,-0.026799561768345127,0.03590537216999875
format.json | text.has_year,format.json,format,text.has_year,text.has_year,5072,5,"hitab,sqa,tab_fact,tablebench,wtq",0.7036441163289773,0.6895351237482269,-0.014108992580750391,0.006122723599794633,-0.026109530836347872,-0.0021084543251529107,-0.02175327972844617,0.007644287147695777,0.08813091482649842,0.10252365930599369,0.8093454258675079,-0.02332078149900904,0.025329293103952016,-0.072966195982755,0.02632463298473691,-0.026799561768345127,0.0034787802693360854
reason.critique_revise | cell.has_comma_number,reason.critique_revise,reason,cell.has_comma_number,cell.has_comma_number,1700,4,"hitab,sqa,tablebench,wtq",0.5838716838508384,0.5845177287572314,0.0006460449063927765,0.00874770600887622,-0.016499458871004617,0.017791548683790168,0.005934607601204116,-0.005288562694811339,0.06647058823529411,0.06588235294117648,0.8676470588235294,-0.03299206204379432,0.03837693433787397,-0.1082108533460273,0.042226729258438664,-0.0002364847810111726,-0.03275557726278314
reason.critique_revise | cell.has_currency,reason.critique_revise,reason,cell.has_currency,cell.has_currency,230,3,"hitab,sqa,wtq",0.591304347826087,0.6173913043478261,0.02608695652173913,0.025348708454903175,-0.023596512049871097,0.07577042509334936,0.005934607601204116,0.020152348920535013,0.08695652173913043,0.06086956521739131,0.8521739130434782,0.02288207747977863,0.036364998715908745,-0.048393320003402504,0.09415747496295977,-0.0002364847810111726,0.0231185622607898
reason.critique_revise | cell.has_date_like,reason.critique_revise,reason,cell.has_date_like,cell.has_date_like,16689,5,"hitab,sqa,tab_fact,tablebench,wtq",0.7023248207872709,0.7068548143969942,0.004529993609723678,0.002929051059161518,-0.001210946466232897,0.010270933685680253,0.005934607601204116,-0.0014046139914804376,0.07609802864162023,0.07148421115704956,0.8524177602013302,-0.0011715617246678214,0.004766149459574412,-0.01051321466543367,0.008170091216098026,-0.0002364847810111726,-0.0009350769436566488
reason.critique_revise | cell.has_numeric_range,reason.critique_revise,reason,cell.has_numeric_range,cell.has_numeric_range,6989,5,"hitab,sqa,tab_fact,tablebench,wtq",0.7023066553480115,0.7075657146077441,0.005259059259732501,0.0046306505048018375,-0.0038170157296791,0.014335134249144102,0.005934607601204116,-0.0006755483414716146,0.07926742023179281,0.07425955072256403,0.8464730290456431,0.004388689997162353,0.009875606137297776,-0.014967498031941286,0.023744878026265993,-0.0002364847810111726,0.004625174778173526
reason.critique_revise | cell.has_percent,reason.critique_revise,reason,cell.has_percent,cell.has_percent,755,5,"hitab,sqa,tab_fact,tablebench,wtq",0.6478078781977239,0.6492663340401852,0.0014584558424612529,0.013198874822181572,-0.024411338809014627,0.027328250493937136,0.005934607601204116,-0.004476151758742863,0.0728476821192053,0.07152317880794702,0.8556291390728477,0.006798366911118225,0.011512548089160898,-0.015766227343637133,0.029362961165873586,-0.0002364847810111726,0.007034851692129398
reason.critique_revise | cell.has_score_surface,reason.critique_revise,reason,cell.has_score_surface,cell.has_score_surface,5483,5,"hitab,sqa,tab_fact,tablebench,wtq",0.7345022546177212,0.7403681755082885,0.0058659208905672494,0.005267012143597297,-0.004457422910883452,0.01618926469201795,0.005934607601204116,-6.868671063686629e-05,0.07915374794820354,0.07331752690133139,0.8475287251504651,-0.004133057066391952,0.024421327541165286,-0.05199885904707591,0.04373274491429201,-0.0002364847810111726,-0.003896572285380779
reason.critique_revise | cell.missing_value_marker,reason.critique_revise,reason,cell.missing_value_marker,cell.missing_value_marker,5277,5,"hitab,sqa,tab_fact,tablebench,wtq",0.6049463208499128,0.60100955827258,-0.003936762577332949,0.004960666601574875,-0.013659669116419703,0.005786143961753806,0.005934607601204116,-0.009871370178537064,0.0646200492704188,0.06822057987492894,0.8671593708546522,-0.0016788142954455285,0.003100208413834649,-0.00775522278656144,0.004397594195670384,-0.0002364847810111726,-0.001442329514434356
reason.critique_revise | grounding.cell_overlap,reason.critique_revise,reason,grounding.cell_overlap,grounding.cell_overlap,17562,5,"hitab,sqa,tab_fact,tablebench,wtq",0.7260619870284964,0.7315691676903079,0.00550718066181158,0.00282374903646372,-2.736744965731088e-05,0.011041728773280472,0.005934607601204116,-0.00042742693939253583,0.07334016626807881,0.06781687734882132,0.8588429563830998,0.001984549057457255,0.007514132816950382,-0.012743151263765493,0.016712249378680002,-0.0002364847810111726,0.002221033838468428
reason.critique_revise | grounding.header_overlap,reason.critique_revise,reason,grounding.header_overlap,grounding.header_overlap,15577,5,"hitab,sqa,tab_fact,tablebench,wtq",0.7204964192739578,0.7282498941537264,0.007753474879768391,0.0029870579928478777,0.0018988412137865502,0.01360810854575023,0.005934607601204116,0.001818867278564275,0.07498234576619375,0.06670090518071516,0.8583167490530911,0.00021162133539501105,0.005729910497836861,-0.011019003240365236,0.011442245911155257,-0.0002364847810111726,0.00044810611640618366
reason.critique_revise | intent.aggregate_noncount,reason.critique_revise,reason,intent.aggregate_noncount,intent.aggregate_noncount,1666,5,"hitab,sqa,tab_fact,tablebench,wtq",0.5785526452229557,0.5885750508858605,0.010022405662904766,0.008830487709695205,-0.007285350248097835,0.027330161573907365,0.005934607601204116,0.00408779806170065,0.07262905162064826,0.061224489795918366,0.8661464585834334,0.002987387690716225,0.009545649327868316,-0.015722084991905673,0.021696860373338123,-0.0002364847810111726,0.0032238724717273976
reason.critique_revise | intent.arithmetic,reason.critique_revise,reason,intent.arithmetic,intent.arithmetic,1028,5,"hitab,sqa,tab_fact,tablebench,wtq",0.5672888494659634,0.5719507439920772,0.0046618945261138614,0.011490842460566354,-0.017860156696596192,0.027183945748823914,0.005934607601204116,-0.0012727130750902543,0.07295719844357977,0.06614785992217899,0.8608949416342413,-0.019525736652371915,0.041874430820358265,-0.10159962106027412,0.06254814775553028,-0.0002364847810111726,-0.019289251871360744
reason.critique_revise | intent.comparison,reason.critique_revise,reason,intent.comparison,intent.comparison,1187,5,"hitab,sqa,tab_fact,tablebench,wtq",0.6849199663016007,0.6933445661331087,0.008424599831508003,0.012152790039515932,-0.015394868645943225,0.032244068308959234,0.005934607601204116,0.002489992230303887,0.09182813816343724,0.08340353833192923,0.8247683235046336,-0.020590591188075463,0.023599781801813678,-0.06684616351963027,0.025664981143479343,-0.0002364847810111726,-0.020354106407064292
reason.critique_revise | intent.count,reason.critique_revise,reason,intent.count,intent.count,2966,5,"hitab,sqa,tab_fact,tablebench,wtq",0.5151173049551246,0.5111084358061092,-0.004008869149015383,0.007182921922116883,-0.018087396116364472,0.010069657818333707,0.005934607601204116,-0.009943476750219499,0.07585974376264329,0.0799055967633176,0.8442346594740391,-0.008577074806036764,0.009127808850941617,-0.026467580153882335,0.009313430541808805,-0.0002364847810111726,-0.008340590025025591
reason.critique_revise | intent.negation_marker,reason.critique_revise,reason,intent.negation_marker,intent.negation_marker,1180,5,"hitab,sqa,tab_fact,tablebench,wtq",0.6341562269712602,0.6610169491525424,0.02686072218128224,0.013222717381469686,0.0009441961136016572,0.05277724824896282,0.005934607601204116,0.020926114580078124,0.11694915254237288,0.09067796610169492,0.7923728813559322,0.019180000765956252,0.02002142449660624,-0.020061991247391983,0.05842199277930449,-0.0002364847810111726,0.019416485546967423
reason.critique_revise | intent.superlative_rank,reason.critique_revise,reason,intent.superlative_rank,intent.superlative_rank,4698,5,"hitab,sqa,tab_fact,tablebench,wtq",0.6844846613482763,0.6978288649640474,0.013344203615771048,0.005866865641102167,0.0018451469592108017,0.024843260272331295,0.005934607601204116,0.007409596014566932,0.08812260536398467,0.07449978714346531,0.83737760749255,0.0031676075510565817,0.009445993904139381,-0.015346540501056605,0.021681755603169768,-0.0002364847810111726,0.0034040923320677544
reason.critique_revise | intent.temporal,reason.critique_revise,reason,intent.temporal,intent.temporal,8618,5,"hitab,sqa,tab_fact,tablebench,wtq",0.7037630208586506,0.7139303483192566,0.010167327460605963,0.00412763689266,0.002077159150992363,0.018257495770219564,0.005934607601204116,0.004232719859401848,0.07913669064748201,0.06904154096077976,0.8518217683917382,0.002471692829544823,0.007762353459224583,-0.01274251995053536,0.017685905609625005,-0.0002364847810111726,0.002708177610555996
reason.critique_revise | schema.has_date_col,reason.critique_revise,reason,schema.has_date_col,schema.has_date_col,11385,5,"hitab,sqa,tab_fact,tablebench,wtq",0.7093825284903342,0.7164531156119848,0.007070587121650384,0.00357864434141501,5.644421247696409e-05,0.014084730030823804,0.005934607601204116,0.0011359795204462682,0.07764602547211243,0.07035573122529644,0.8519982433025911,0.004021254770906044,0.006388698132823375,-0.00850059356942777,0.016543103111239858,-0.0002364847810111726,0.004257739551917217
reason.critique_revise | schema.has_rank_col,reason.critique_revise,reason,schema.has_rank_col,schema.has_rank_col,5969,5,"hitab,sqa,tab_fact,tablebench,wtq",0.7077818550464953,0.715719891720476,0.007938036673980922,0.004735278300772568,-0.001343108795533312,0.017219182143495156,0.005934607601204116,0.0020034290727768064,0.07270899648182275,0.06466744848383314,0.8626235550343441,0.01964841061795991,0.01643689856077491,-0.012567910561158913,0.051864731797078734,-0.0002364847810111726,0.01988489539897108
reason.critique_revise | schema.has_score_col,reason.critique_revise,reason,schema.has_score_col,schema.has_score_col,7708,5,"hitab,sqa,tab_fact,tablebench,wtq",0.7331269280831327,0.7390680932622908,0.005941165179157961,0.004364948944895365,-0.002614134752836953,0.014496465111152875,0.005934607601204116,6.557577953845289e-06,0.07667358588479502,0.07109496626881162,0.8522314478463934,-0.012265204144634185,0.0129927445032984,-0.03773098337109905,0.01320057508183068,-0.0002364847810111726,-0.012028719363623012
reason.critique_revise | schema.has_unit_col,reason.critique_revise,reason,schema.has_unit_col,schema.has_unit_col,1848,5,"hitab,sqa,tab_fact,tablebench,wtq",0.6417422229323327,0.6420321244610329,0.00028990152869969276,0.008191247278824395,-0.01576494313779612,0.016344746195195506,0.005934607601204116,-0.005644706072504423,0.07251082251082251,0.07142857142857142,0.8560606060606061,-0.0013703484223986603,0.008384535802286338,-0.017804038594879883,0.015063341750082561,-0.0002364847810111726,-0.0011338636413874878
reason.critique_revise | schema.header_repetition_marker,reason.critique_revise,reason,schema.header_repetition_marker,schema.header_repetition_marker,1388,5,"hitab,sqa,tab_fact,tablebench,wtq",0.570350486939888,0.5666680705484395,-0.0036824163914484557,0.009317000180357415,-0.02194373674494899,0.01457890396205208,0.005934607601204116,-0.009617023992652572,0.06051873198847262,0.06556195965417867,0.8739193083573487,0.027509443637320143,0.07417081075059666,-0.1178653454338493,0.17288423270848957,-0.0002364847810111726,0.027745928418331314
reason.critique_revise | table.cols_bin=0_3,reason.critique_revise,reason,table.cols_bin=0_3,table.cols_bin=0_3,136,3,"hitab,sqa,wtq",0.6985294117647058,0.6397058823529411,-0.058823529411764705,0.03261431359444353,-0.12274758405687401,0.005100525233344602,0.005934607601204116,-0.06475813701296881,0.04411764705882353,0.10294117647058823,0.8529411764705882,-0.004490836266537203,0.0740404990671138,-0.14961021443808026,0.14062854190500584,-0.0002364847810111726,-0.00425435148552603
reason.critique_revise | table.cols_bin=4_6,reason.critique_revise,reason,table.cols_bin=4_6,table.cols_bin=4_6,14136,5,"hitab,sqa,tab_fact,tablebench,wtq",0.7079782132289401,0.7138763011670087,0.005898087938068809,0.0031442090958502486,-0.0002645618897976782,0.012060737765935296,0.005934607601204116,-3.65196631353067e-05,0.07484436898698359,0.0690435766836446,0.8561120543293718,0.001468464536288169,0.002962817811228201,-0.004338658373719105,0.007275587446295443,-0.0002364847810111726,0.0017049493172993416
reason.critique_revise | table.cols_bin=7_10,reason.critique_revise,reason,table.cols_bin=7_10,table.cols_bin=7_10,6755,5,"hitab,sqa,tab_fact,tablebench,wtq",0.690146935080706,0.6983090784288778,0.008162143348171636,0.004615401365041525,-0.0008840433273097532,0.017208330023653025,0.005934607601204116,0.00222753574696752,0.07890451517394523,0.07031828275351591,0.8507772020725388,0.003018854695621436,0.0042459035137658915,-0.005303116191359712,0.011340825582602583,-0.0002364847810111726,0.0032553394766326087
reason.critique_revise | table.cols_bin=gt_10,reason.critique_revise,reason,table.cols_bin=gt_10,table.cols_bin=gt_10,794,4,"hitab,tab_fact,tablebench,wtq",0.6371701514557347,0.6358961250784487,-0.001274026377286042,0.012796688352848634,-0.026355535548869366,0.02380748279429728,0.005934607601204116,-0.007208633978490158,0.06926952141057935,0.07178841309823678,0.8589420654911839,0.0107577418248764,0.01959446664095457,-0.027647412791394557,0.04916289644114735,-0.0002364847810111726,0.010994226605887572
reason.critique_revise | table.numeric_cols_bin=0,reason.critique_revise,reason,table.numeric_cols_bin=0,table.numeric_cols_bin=0,3898,5,"hitab,sqa,tab_fact,tablebench,wtq",0.7147255002565418,0.7101077475628528,-0.004617752693689072,0.00653090741698379,-0.017418331230977302,0.008182825843599157,0.005934607601204116,-0.010552360294893186,0.08081067213955875,0.08542842483324782,0.8337609030271934,-0.038473217608878896,0.029335049169981125,-0.0959699139820419,0.019023478764284105,-0.0002364847810111726,-0.03823673282786772
reason.critique_revise | table.numeric_cols_bin=1,reason.critique_revise,reason,table.numeric_cols_bin=1,table.numeric_cols_bin=1,7480,5,"hitab,sqa,tab_fact,tablebench,wtq",0.7276737967914438,0.7324866310160428,0.004812834224598931,0.0042738184124548025,-0.0035638498638124816,0.013189518313010344,0.005934607601204116,-0.001121773376605185,0.07072192513368984,0.0659090909090909,0.8633689839572193,0.0010085863425989398,0.02933571556202813,-0.056489416158976194,0.058506588844174076,-0.0002364847810111726,0.0012450711236101123
reason.critique_revise | table.numeric_cols_bin=2_3,reason.critique_revise,reason,table.numeric_cols_bin=2_3,table.numeric_cols_bin=2_3,5634,5,"hitab,sqa,tab_fact,tablebench,wtq",0.7163946640610706,0.7226773201295327,0.0062826560684622465,0.004909395523491926,-0.003339759157581927,0.01590507129450642,0.005934607601204116,0.00034804846725813073,0.07294994675186368,0.06602768903088392,0.8610223642172524,-0.004998037905584405,0.00964127623056103,-0.023894939317484022,0.013898863506315211,-0.0002364847810111726,-0.004761553124573232
reason.critique_revise | table.numeric_cols_bin=ge_4,reason.critique_revise,reason,table.numeric_cols_bin=ge_4,table.numeric_cols_bin=ge_4,4809,5,"hitab,sqa,tab_fact,tablebench,wtq",0.625008968935381,0.6408340028667924,0.01582503393141166,0.005240258743028756,0.005554126795075297,0.02609594106774802,0.005934607601204116,0.009890426330207543,0.0825535454356415,0.06737367436057393,0.8500727802037845,0.01599466287286629,0.00892176752581419,-0.0014920014777295224,0.0334813272234621,-0.0002364847810111726,0.01623114765387746
reason.critique_revise | table.numeric_density_bin=high,reason.critique_revise,reason,table.numeric_density_bin=high,table.numeric_density_bin=high,5196,5,"hitab,sqa,tab_fact,tablebench,wtq",0.6333840769151432,0.6457550032702724,0.012370926355129961,0.0050225212908781396,0.0025267846250088075,0.022215068085251116,0.005934607601204116,0.006436318753925845,0.07986913010007698,0.06832178598922248,0.8518090839107005,0.01478778495082334,0.011019784902076269,-0.006810993457246147,0.03638656335889283,-0.0002364847810111726,0.015024269731834513
reason.critique_revise | table.numeric_density_bin=low,reason.critique_revise,reason,table.numeric_density_bin=low,table.numeric_density_bin=low,7327,5,"hitab,sqa,tab_fact,tablebench,wtq",0.7319503207315409,0.7379555070287976,0.006005186297256722,0.004332881229918736,-0.002487260913384,0.014497633507897444,0.005934607601204116,7.057869605260614e-05,0.071789272553569,0.06578408625631227,0.8624266411901187,0.013768034772051397,0.021148597435307216,-0.027683216201150742,0.05521928574525353,-0.0002364847810111726,0.01400451955306257
reason.critique_revise | table.numeric_density_bin=mid,reason.critique_revise,reason,table.numeric_density_bin=mid,table.numeric_density_bin=mid,5400,5,"hitab,sqa,tab_fact,tablebench,wtq",0.7094022231998584,0.716665137852566,0.007262914652707345,0.005015071380849104,-0.0025666252537568986,0.01709245455917159,0.005934607601204116,0.0013283070515032296,0.07333333333333333,0.06518518518518518,0.8614814814814815,0.0022715557122363127,0.004128369676231763,-0.005820048853177943,0.010363160277650569,-0.0002364847810111726,0.0025080404932474854
reason.critique_revise | table.numeric_density_bin=none,reason.critique_revise,reason,table.numeric_density_bin=none,table.numeric_density_bin=none,3898,5,"hitab,sqa,tab_fact,tablebench,wtq",0.7147255002565418,0.7101077475628528,-0.004617752693689072,0.00653090741698379,-0.017418331230977302,0.008182825843599157,0.005934607601204116,-0.010552360294893186,0.08081067213955875,0.08542842483324782,0.8337609030271934,-0.038473217608878896,0.029335049169981125,-0.0959699139820419,0.019023478764284105,-0.0002364847810111726,-0.03823673282786772
reason.critique_revise | table.rows_bin=0_5,reason.critique_revise,reason,table.rows_bin=0_5,table.rows_bin=0_5,1332,3,"hitab,tab_fact,wtq",0.8145645645645646,0.8130630630630631,-0.0015015015015015015,0.009440245229143725,-0.020004382150623203,0.017001379147620198,0.005934607601204116,-0.007436109102705617,0.05855855855855856,0.06006006006006006,0.8813813813813813,-0.10872699677480553,0.08945242913331933,-0.2840537578761114,0.06659976432650035,-0.0002364847810111726,-0.10849051199379436
reason.critique_revise | table.rows_bin=11_25,reason.critique_revise,reason,table.rows_bin=11_25,table.rows_bin=11_25,9391,5,"hitab,sqa,tab_fact,tablebench,wtq",0.6920587245946037,0.6959060385608141,0.003847313966210392,0.003963416620005573,-0.0039209826090005305,0.011615610541421314,0.005934607601204116,-0.002087293634993724,0.0780534554360558,0.07421999787030135,0.8477265466936429,-0.007205404789038074,0.008046737996465754,-0.02297701126211095,0.008566201684034803,-0.0002364847810111726,-0.006968920008026901
reason.critique_revise | table.rows_bin=26_50,reason.critique_revise,reason,table.rows_bin=26_50,table.rows_bin=26_50,2976,5,"hitab,sqa,tab_fact,tablebench,wtq",0.6262433851148362,0.6311085376641912,0.004865152549355045,0.007179814688402586,-0.009207284239914024,0.018937589338624113,0.005934607601204116,-0.0010694550518490706,0.08333333333333333,0.07661290322580645,0.8400537634408602,0.004994957135449933,0.008305894408831317,-0.011284595905859448,0.021274510176759315,-0.0002364847810111726,0.005231441916461106
reason.critique_revise | table.rows_bin=6_10,reason.critique_revise,reason,table.rows_bin=6_10,table.rows_bin=6_10,7702,5,"hitab,sqa,tab_fact,tablebench,wtq",0.728383779818312,0.7394056251860497,0.011021845367737284,0.004119396074911142,0.002947829060911445,0.019095861674563123,0.005934607601204116,0.005087237766533168,0.07309789665022072,0.06271098415995845,0.8641911191898208,0.00836543072961857,0.005130844339543247,-0.001691024175886192,0.018421885635123335,-0.0002364847810111726,0.008601915510629743
reason.critique_revise | table.rows_bin=gt_50,reason.critique_revise,reason,table.rows_bin=gt_50,table.rows_bin=gt_50,420,3,"hitab,tablebench,wtq",0.5071428571428571,0.4976190476190476,-0.009523809523809525,0.0190646588175819,-0.046890540806270045,0.027842921758650996,0.005934607601204116,-0.01545841712501364,0.07142857142857142,0.08095238095238096,0.8476190476190476,-0.012944983818770225,0.012944983818770225,-0.03831715210355986,0.012427184466019415,-0.0002364847810111726,-0.012708499037759053
reason.critique_revise | table.shape=balanced,reason.critique_revise,reason,table.shape=balanced,table.shape=balanced,11104,5,"hitab,sqa,tab_fact,tablebench,wtq",0.6726889155012101,0.6762531123344169,0.003564196833206864,0.003690515643213116,-0.0036692138274908434,0.01079760749390457,0.005934607601204116,-0.0023704107679972516,0.07988112391930836,0.07591858789625361,0.844200288184438,-0.006810395792864858,0.006575450492054198,-0.019698278757291087,0.00607748717156137,-0.0002364847810111726,-0.0065739110118536856
reason.critique_revise | table.shape=tall,reason.critique_revise,reason,table.shape=tall,table.shape=tall,313,3,"hitab,tablebench,wtq",0.5175718849840255,0.5175718849840255,0.0,0.021226425828117006,-0.04160379462310933,0.04160379462310933,0.005934607601204116,-0.005934607601204116,0.07028753993610223,0.07028753993610223,0.8594249201277955,-0.08452458306259476,0.08296198639277154,-0.24713007639242696,0.07808091026723744,-0.0002364847810111726,-0.0842880982815836
reason.critique_revise | table.shape=wide,reason.critique_revise,reason,table.shape=wide,table.shape=wide,10404,5,"hitab,sqa,tab_fact,tablebench,wtq",0.734265470127343,0.7429085142286452,0.008643044101301992,0.0035280436998089493,0.0017280784496764515,0.015558009752927532,0.005934607601204116,0.002708436500097876,0.07141484044598231,0.06314878892733564,0.865436370626682,0.007851913736638613,0.0051951542558427545,-0.0023305886048131854,0.018034416078090414,-0.0002364847810111726,0.008088398517649786
reason.critique_revise | text.has_number,reason.critique_revise,reason,text.has_number,text.has_number,12651,5,"hitab,sqa,tab_fact,tablebench,wtq",0.7280937936167505,0.7369829199572691,0.00888912634051855,0.003391942101549689,0.002240919821481159,0.015537332859555941,0.005934607601204116,0.002954518739314434,0.07754327721128765,0.06845308671251285,0.8540036360761996,-0.0016031192422860502,0.005514352319047336,-0.012411249787618829,0.009205011303046727,-0.0002364847810111726,-0.0013666344612748777
reason.critique_revise | text.has_ordinal,reason.critique_revise,reason,text.has_ordinal,text.has_ordinal,2149,5,"hitab,sqa,tab_fact,tablebench,wtq",0.7261739386308269,0.7382725891659595,0.01209865053513262,0.008553046208626807,-0.004665320033775922,0.028862621104041163,0.005934607601204116,0.006164042933928504,0.08469055374592833,0.07259190321079571,0.842717543043276,0.023894236611103944,0.015637982205209094,-0.0067562085111058795,0.05454468173331377,-0.0002364847810111726,0.024130721392115115
reason.critique_revise | text.has_quoted_span,reason.critique_revise,reason,text.has_quoted_span,text.has_quoted_span,367,5,"hitab,sqa,tab_fact,tablebench,wtq",0.4543879258673691,0.4778527202464275,0.023464794379058466,0.017896250571594764,-0.01161185674126727,0.0585414454993842,0.005934607601204116,0.01753018677785435,0.07629427792915532,0.05994550408719346,0.8637602179836512,0.023857420430917396,0.01708292619972151,-0.009625114920536762,0.057339955782371554,-0.0002364847810111726,0.024093905211928567
reason.critique_revise | text.has_year,reason.critique_revise,reason,text.has_year,text.has_year,5072,5,"hitab,sqa,tab_fact,tablebench,wtq",0.7036441163289773,0.7141492193838408,0.010505103054863569,0.005308037993989952,0.00010134858664326285,0.020908857523083874,0.005934607601204116,0.004570495453659453,0.07689274447949526,0.06644321766561515,0.8566640378548895,0.0040601008529532676,0.00861102882987803,-0.012817515653607673,0.020937717359514208,-0.0002364847810111726,0.00429658563396444
reason.decompose | cell.has_comma_number,reason.decompose,reason,cell.has_comma_number,cell.has_comma_number,1700,4,"hitab,sqa,tablebench,wtq",0.5838716838508384,0.6050496202442323,0.021177936393393788,0.009363790793549988,0.002824906438035811,0.039530966348751764,0.009235257077845921,0.011942679315547867,0.08705882352941176,0.06529411764705882,0.8476470588235294,0.005496334150580746,0.019415294860848482,-0.03255764377668228,0.043550312077843774,0.007456862208485529,-0.001960528057904783
reason.decompose | cell.has_currency,reason.decompose,reason,cell.has_currency,cell.has_currency,230,3,"hitab,sqa,wtq",0.591304347826087,0.5956521739130435,0.004347826086956522,0.026502917498270377,-0.047597892209653415,0.056293544383566464,0.009235257077845921,-0.004887430990889399,0.08260869565217391,0.0782608695652174,0.8391304347826087,0.019902085994040017,0.028581687190126312,-0.03611802089860755,0.07592219288668758,0.007456862208485529,0.012445223785554488
reason.decompose | cell.has_date_like,reason.decompose,reason,cell.has_date_like,cell.has_date_like,16689,5,"hitab,sqa,tab_fact,tablebench,wtq",0.7023248207872709,0.7059113603181204,0.0035865395308502866,0.0030344780755871725,-0.0023610374973005717,0.009534116559001144,0.009235257077845921,-0.005648717546995634,0.08119120378692551,0.0773563425010486,0.8414524537120259,-7.651702967851592e-05,0.006154681694670378,-0.012139693151232457,0.011986659091875424,0.007456862208485529,-0.007533379238164045
reason.decompose | cell.has_numeric_range,reason.decompose,reason,cell.has_numeric_range,cell.has_numeric_range,6989,5,"hitab,sqa,tab_fact,tablebench,wtq",0.7023066553480115,0.7131094734206397,0.010802818072628353,0.004738533488311007,0.00151529243553878,0.020090343709717927,0.009235257077845921,0.0015675609947824326,0.08613535555873515,0.07497496065245386,0.838889683788811,0.0030518189594068925,0.006963208181197652,-0.010596069075740506,0.01669970699455429,0.007456862208485529,-0.004405043249078637
reason.decompose | cell.has_percent,reason.decompose,reason,cell.has_percent,cell.has_percent,755,5,"hitab,sqa,tab_fact,tablebench,wtq",0.6478078781977239,0.6406372219599306,-0.0071706562377934,0.013522308456723364,-0.033674380812971194,0.019333068337384393,0.009235257077845921,-0.01640591331563932,0.0728476821192053,0.07682119205298013,0.8503311258278146,0.0033581636682975765,0.02223117345287532,-0.040214936299338054,0.0469312636359332,0.007456862208485529,-0.004098698540187953
reason.decompose | cell.has_score_surface,reason.decompose,reason,cell.has_score_surface,cell.has_score_surface,5483,5,"hitab,sqa,tab_fact,tablebench,wtq",0.7345022546177212,0.7461905357532593,0.011688281135538174,0.0054146932926348625,0.0010754822819738444,0.022301079989102503,0.009235257077845921,0.0024530240576922536,0.08644902425679372,0.07477658216304943,0.8387743935801568,-0.012594880153619625,0.03609372444203461,-0.08333858006000745,0.058148819752768206,0.007456862208485529,-0.020051742362105156
reason.decompose | cell.missing_value_marker,reason.decompose,reason,cell.missing_value_marker,cell.missing_value_marker,5277,5,"hitab,sqa,tab_fact,tablebench,wtq",0.6049463208499128,0.6079192120220395,0.00297289117212651,0.005320990996577862,-0.007456251181166099,0.013402033525419119,0.009235257077845921,-0.006262365905719411,0.0778851620238772,0.07485313625165814,0.8472617017244647,0.004198588643073241,0.008877930911248126,-0.013202155942973089,0.02159933322911957,0.007456862208485529,-0.003258273565412288
reason.decompose | grounding.cell_overlap,reason.decompose,reason,grounding.cell_overlap,grounding.cell_overlap,17562,5,"hitab,sqa,tab_fact,tablebench,wtq",0.7260619870284964,0.7333420564822885,0.007280069453792061,0.0029321016158106654,0.0015331502868031572,0.013026988620780965,0.009235257077845921,-0.0019551876240538595,0.07988839539915728,0.07242910830201571,0.847682496298827,0.00331332780227193,0.0038096608854719196,-0.004153607533253032,0.010780263137796892,0.007456862208485529,-0.004143534406213599
reason.decompose | grounding.header_overlap,reason.decompose,reason,grounding.header_overlap,grounding.header_overlap,15577,5,"hitab,sqa,tab_fact,tablebench,wtq",0.7204964192739578,0.7315124520693992,0.01101603279544128,0.0030741257875150944,0.004990746251911696,0.017041319338970864,0.009235257077845921,0.00178077571759536,0.08088848943955833,0.06965397701739745,0.8494575335430442,0.007807694518491661,0.004341863345569334,-0.0007023576388242346,0.016317746675807557,0.007456862208485529,0.0003508323100061316
reason.decompose | intent.aggregate_noncount,reason.decompose,reason,intent.aggregate_noncount,intent.aggregate_noncount,1666,5,"hitab,sqa,tab_fact,tablebench,wtq",0.5785526452229557,0.5955777462236884,0.017025101000732804,0.008970205741134135,-0.0005565022518900994,0.034606704253355706,0.009235257077845921,0.007789843922886883,0.07803121248499399,0.060024009603841535,0.8619447779111644,0.013646068212575871,0.011890125862632191,-0.009658578478183223,0.036950714903334965,0.007456862208485529,0.006189206004090342
reason.decompose | intent.arithmetic,reason.decompose,reason,intent.arithmetic,intent.arithmetic,1028,5,"hitab,sqa,tab_fact,tablebench,wtq",0.5672888494659634,0.5756696085246874,0.008380759058723977,0.012120430476635108,-0.015375284675480836,0.03213680279292879,0.009235257077845921,-0.000854498019121944,0.08073929961089495,0.07295719844357977,0.8463035019455253,-0.0031612653713497946,0.035337965112357074,-0.07242367699156965,0.06610114624887006,0.007456862208485529,-0.010618127579835324
reason.decompose | intent.comparison,reason.decompose,reason,intent.comparison,intent.comparison,1187,5,"hitab,sqa,tab_fact,tablebench,wtq",0.6849199663016007,0.6958719460825611,0.010951979780960405,0.011764974701397464,-0.012107370633778623,0.034011330195699435,0.009235257077845921,0.0017167227031144837,0.08761583824768324,0.07666385846672283,0.8357203032855939,-0.011608455948078585,0.039425569305080385,-0.08888257178603615,0.06566565988987896,0.007456862208485529,-0.019065318156564114
reason.decompose | intent.count,reason.decompose,reason,intent.count,intent.count,2966,5,"hitab,sqa,tab_fact,tablebench,wtq",0.5151173049551246,0.5269646321805546,0.011847327225429888,0.0076641211616032675,-0.003174350251312517,0.026869004702172294,0.009235257077845921,0.002612070147583967,0.0947403910991234,0.08260283209710047,0.8226567768037761,0.003287988350367455,0.0077614528013269235,-0.011924459140233316,0.018500435840968225,0.007456862208485529,-0.004168873858118074
reason.decompose | intent.negation_marker,reason.decompose,reason,intent.negation_marker,intent.negation_marker,1180,5,"hitab,sqa,tab_fact,tablebench,wtq",0.6341562269712602,0.6468777876895628,0.012721560718302756,0.013265264911136432,-0.013278358507524653,0.038721479944130166,0.009235257077845921,0.0034863036404568348,0.11101694915254237,0.09745762711864407,0.7915254237288135,0.02897747217155678,0.02414531030847374,-0.018347336033051748,0.07630228037616531,0.007456862208485529,0.02152060996307125
reason.decompose | intent.superlative_rank,reason.decompose,reason,intent.superlative_rank,intent.superlative_rank,4698,5,"hitab,sqa,tab_fact,tablebench,wtq",0.6844846613482763,0.6950946197976849,0.010609958449408607,0.006092200736825253,-0.0013307549947688888,0.022550671893586102,0.009235257077845921,0.0013747013715626859,0.0928054491272882,0.08216262239250745,0.8250319284802043,0.006761416490501883,0.008761231638748352,-0.010410597521444886,0.02393343050244865,0.007456862208485529,-0.0006954457179836459
reason.decompose | intent.temporal,reason.decompose,reason,intent.temporal,intent.temporal,8618,5,"hitab,sqa,tab_fact,tablebench,wtq",0.7037630208586506,0.7132787515320635,0.009515730673412832,0.00425259649910361,0.001180641535169757,0.017850819811655906,0.009235257077845921,0.0002804735955669116,0.08343003016941286,0.07403109770248317,0.842538872128104,0.003579692813778812,0.008051667323587256,-0.01220157514045221,0.019360960768009833,0.007456862208485529,-0.003877169394706717
reason.decompose | schema.has_date_col,reason.decompose,reason,schema.has_date_col,schema.has_date_col,11385,5,"hitab,sqa,tab_fact,tablebench,wtq",0.7093825284903342,0.718587671762651,0.009205143272316885,0.003705219287893008,0.0019429134680465894,0.01646737307658718,0.009235257077845921,-3.011380552903585e-05,0.08405797101449275,0.07474747474747474,0.8411945542380325,0.006077112096574674,0.006268493605462053,-0.00620913537013095,0.018363359563280297,0.007456862208485529,-0.0013797501119108555
reason.decompose | schema.has_rank_col,reason.decompose,reason,schema.has_rank_col,schema.has_rank_col,5969,5,"hitab,sqa,tab_fact,tablebench,wtq",0.7077818550464953,0.7164421290059849,0.008660273959489716,0.00488105622720834,-0.0009065962458386298,0.018227144164818063,0.009235257077845921,-0.0005749831183562044,0.07790249623052438,0.06852069023286983,0.8535768135366057,-0.02310716608951776,0.036010192834689064,-0.09368714404550832,0.04747281186647281,0.007456862208485529,-0.03056402829800329
reason.decompose | schema.has_score_col,reason.decompose,reason,schema.has_score_col,schema.has_score_col,7708,5,"hitab,sqa,tab_fact,tablebench,wtq",0.7331269280831327,0.7422408991201156,0.009113971036982778,0.004508407967040915,0.0002774914215825843,0.017950450652382974,0.009235257077845921,-0.0001212860408631427,0.08329008822003113,0.0743383497664764,0.8423715620134925,-0.020663978153984096,0.026316965376440966,-0.07224523029180839,0.0309172739838402,0.007456862208485529,-0.028120840362469625
reason.decompose | schema.has_unit_col,reason.decompose,reason,schema.has_unit_col,schema.has_unit_col,1848,5,"hitab,sqa,tab_fact,tablebench,wtq",0.6417422229323327,0.6478129895064566,0.0060707665741237815,0.008456920690569636,-0.010504797979392706,0.02264633112764027,0.009235257077845921,-0.0031644905037221394,0.08116883116883117,0.0735930735930736,0.8452380952380952,0.005008604947586136,0.009719012734944759,-0.014040660012905591,0.024057869908077865,0.007456862208485529,-0.002448257260899393
reason.decompose | schema.header_repetition_marker,reason.decompose,reason,schema.header_repetition_marker,schema.header_repetition_marker,1388,5,"hitab,sqa,tab_fact,tablebench,wtq",0.570350486939888,0.5689950401774077,-0.0013554467624803275,0.01039737976791344,-0.021734311107590668,0.01902341758263001,0.009235257077845921,-0.010590703840326248,0.07708933717579251,0.07853025936599424,0.8443804034582133,0.02791734409758332,0.05186971340196965,-0.0737472941702772,0.12958198236544383,0.007456862208485529,0.02046048188909779
reason.decompose | table.cols_bin=0_3,reason.decompose,reason,table.cols_bin=0_3,table.cols_bin=0_3,136,3,"hitab,sqa,wtq",0.6985294117647058,0.6838235294117647,-0.014705882352941176,0.029493350895081028,-0.07251285010729999,0.04310108540141763,0.009235257077845921,-0.023941139430787097,0.051470588235294115,0.0661764705882353,0.8823529411764706,-0.01826677994902294,0.013859015273992716,-0.04543044988604866,0.008896889988002782,0.007456862208485529,-0.02572364215750847
reason.decompose | table.cols_bin=4_6,reason.decompose,reason,table.cols_bin=4_6,table.cols_bin=4_6,14136,5,"hitab,sqa,tab_fact,tablebench,wtq",0.7079782132289401,0.7151491797343852,0.007170966505444985,0.0032492786528725186,0.0008023803458148491,0.013539552665075122,0.009235257077845921,-0.0020642905724009356,0.08085738539898132,0.07328805885681947,0.8458545557441992,0.006628109716444737,0.006341707544490213,-0.00580163707075608,0.019057856503645554,0.007456862208485529,-0.0008287524920407921
reason.decompose | table.cols_bin=7_10,reason.decompose,reason,table.cols_bin=7_10,table.cols_bin=7_10,6755,5,"hitab,sqa,tab_fact,tablebench,wtq",0.690146935080706,0.7054412591054595,0.015294324024753343,0.004745444198447997,0.0059932533957952686,0.024595394653711418,0.009235257077845921,0.006059066946907422,0.08660251665433012,0.07091043671354552,0.8424870466321244,0.011119985148491003,0.007253480771594693,-0.003096837163834595,0.025336807460816603,0.007456862208485529,0.003663122940005474
reason.decompose | table.cols_bin=gt_10,reason.decompose,reason,table.cols_bin=gt_10,table.cols_bin=gt_10,794,4,"hitab,tab_fact,tablebench,wtq",0.6371701514557347,0.6357099542107686,-0.0014601972449662405,0.014434662065990882,-0.02975213489430837,0.026831740404375887,0.009235257077845921,-0.01069545432281216,0.08438287153652393,0.09193954659949623,0.8236775818639799,-0.005773054040520468,0.01557063772442563,-0.036291503980394706,0.02474539589935377,0.007456862208485529,-0.013229916249005998
reason.decompose | table.numeric_cols_bin=0,reason.decompose,reason,table.numeric_cols_bin=0,table.numeric_cols_bin=0,3898,5,"hitab,sqa,tab_fact,tablebench,wtq",0.7147255002565418,0.7093381221139046,-0.00538737814263725,0.0063829216347554805,-0.017897904546757992,0.007123148261483491,0.009235257077845921,-0.014622635220483172,0.0767060030785018,0.08209338122113904,0.8412006157003592,-0.02462159668652904,0.014434762944962466,-0.052913732058655474,0.0036705386855973923,0.007456862208485529,-0.03207845889501457
reason.decompose | table.numeric_cols_bin=1,reason.decompose,reason,table.numeric_cols_bin=1,table.numeric_cols_bin=1,7480,5,"hitab,sqa,tab_fact,tablebench,wtq",0.7276737967914438,0.7377005347593583,0.010026737967914439,0.00448687995009154,0.0012324532657350205,0.018821022670093855,0.009235257077845921,0.0007914808900685178,0.0803475935828877,0.07032085561497327,0.8493315508021391,0.018922714662692613,0.00771730415043179,0.0037967985278463054,0.03404863079753892,0.007456862208485529,0.011465852454207084
reason.decompose | table.numeric_cols_bin=2_3,reason.decompose,reason,table.numeric_cols_bin=2_3,table.numeric_cols_bin=2_3,5634,5,"hitab,sqa,tab_fact,tablebench,wtq",0.7163946640610706,0.7239978340436642,0.007603169982593521,0.005036951960958279,-0.002269255860884704,0.017475595826071746,0.009235257077845921,-0.0016320870952523997,0.0777422790202343,0.06922257720979766,0.853035143769968,0.0036282205822381793,0.00884401220786975,-0.01370604334518653,0.020962484509662888,0.007456862208485529,-0.00382864162624735
reason.decompose | table.numeric_cols_bin=ge_4,reason.decompose,reason,table.numeric_cols_bin=ge_4,table.numeric_cols_bin=ge_4,4809,5,"hitab,sqa,tab_fact,tablebench,wtq",0.625008968935381,0.6467777950975239,0.021768826162142662,0.005629288497468212,0.010735420707104966,0.03280223161718036,0.009235257077845921,0.012533569084296741,0.09648575587440217,0.07506758161779996,0.8284466625077979,0.027561712945841903,0.012199590072079524,0.0036505164045660364,0.051472909487117774,0.007456862208485529,0.020104850737356374
reason.decompose | table.numeric_density_bin=high,reason.decompose,reason,table.numeric_density_bin=high,table.numeric_density_bin=high,5196,5,"hitab,sqa,tab_fact,tablebench,wtq",0.6333840769151432,0.6484980165020342,0.015113939586890928,0.0053792728694813125,0.004570564762707556,0.0256573144110743,0.009235257077845921,0.005878682509045007,0.0918013856812933,0.07736720554272518,0.8308314087759815,0.0234848694717752,0.012480960213771394,-0.0009778125472167318,0.04794755149076713,0.007456862208485529,0.01602800726328967
reason.decompose | table.numeric_density_bin=low,reason.decompose,reason,table.numeric_density_bin=low,table.numeric_density_bin=low,7327,5,"hitab,sqa,tab_fact,tablebench,wtq",0.7319503207315409,0.7424593967517401,0.010509076020199263,0.00453960920944629,0.001611441969684534,0.01940671007071399,0.009235257077845921,0.0012738189423533424,0.08079705199945407,0.0702879759792548,0.8489149720212911,0.019498837802217547,0.007840376695230812,0.004131699479565156,0.03486597612486994,0.007456862208485529,0.012041975593732018
reason.decompose | table.numeric_density_bin=mid,reason.decompose,reason,table.numeric_density_bin=mid,table.numeric_density_bin=mid,5400,5,"hitab,sqa,tab_fact,tablebench,wtq",0.7094022231998584,0.7218078740521161,0.012405650852257526,0.005163705114602989,0.0022847888276356677,0.022526512876879384,0.009235257077845921,0.003170393774411605,0.08037037037037037,0.06666666666666667,0.8529629629629629,0.011016028276914643,0.004183109420566724,0.002817133812603864,0.019214922741225424,0.007456862208485529,0.003559166068429114
reason.decompose | table.numeric_density_bin=none,reason.decompose,reason,table.numeric_density_bin=none,table.numeric_density_bin=none,3898,5,"hitab,sqa,tab_fact,tablebench,wtq",0.7147255002565418,0.7093381221139046,-0.00538737814263725,0.0063829216347554805,-0.017897904546757992,0.007123148261483491,0.009235257077845921,-0.014622635220483172,0.0767060030785018,0.08209338122113904,0.8412006157003592,-0.02462159668652904,0.014434762944962466,-0.052913732058655474,0.0036705386855973923,0.007456862208485529,-0.03207845889501457
reason.decompose | table.rows_bin=0_5,reason.decompose,reason,table.rows_bin=0_5,table.rows_bin=0_5,1332,3,"hitab,tab_fact,wtq",0.8145645645645646,0.8198198198198198,0.005255255255255256,0.008853373445885975,-0.012097356698681255,0.022607867209191765,0.009235257077845921,-0.003980001822590665,0.054804804804804805,0.04954954954954955,0.8956456456456456,-0.04549421362170366,0.04871623124753685,-0.14097802686687588,0.04998959962346857,0.007456862208485529,-0.05295107583018919
reason.decompose | table.rows_bin=11_25,reason.decompose,reason,table.rows_bin=11_25,table.rows_bin=11_25,9391,5,"hitab,sqa,tab_fact,tablebench,wtq",0.6920587245946037,0.7013320407896549,0.009273316195051238,0.004121390417339038,0.001195390977066722,0.017351241413035755,0.009235257077845921,3.805911720531664e-05,0.08699818975614951,0.07762751570652753,0.8353742945373229,0.006346396415326886,0.004755320546464876,-0.002974031855744271,0.015666824686398045,0.007456862208485529,-0.0011104657931586426
reason.decompose | table.rows_bin=26_50,reason.decompose,reason,table.rows_bin=26_50,table.rows_bin=26_50,2976,5,"hitab,sqa,tab_fact,tablebench,wtq",0.6262433851148362,0.6248008719639037,-0.0014425131509325072,0.0076290086081646355,-0.016395370022935195,0.013510343721070179,0.009235257077845921,-0.010677770228778428,0.08904569892473119,0.09005376344086022,0.8209005376344086,0.00725374173529125,0.010500888971101296,-0.01332800064806729,0.02783548411864979,0.007456862208485529,-0.0002031204731942791
reason.decompose | table.rows_bin=6_10,reason.decompose,reason,table.rows_bin=6_10,table.rows_bin=6_10,7702,5,"hitab,sqa,tab_fact,tablebench,wtq",0.728383779818312,0.7439290604525791,0.015545280634267054,0.004242717907511057,0.007229553535545382,0.023861007732988725,0.009235257077845921,0.006310023556421133,0.0803687353934043,0.06465853025188263,0.8549727343547131,0.013688428518943913,0.0026053165833123575,0.008582008015651692,0.018794849022236132,0.007456862208485529,0.006231566310458384
reason.decompose | table.rows_bin=gt_50,reason.decompose,reason,table.rows_bin=gt_50,table.rows_bin=gt_50,420,3,"hitab,tablebench,wtq",0.5071428571428571,0.4880952380952381,-0.01904761904761905,0.01904761904761905,-0.056380952380952386,0.018285714285714287,0.009235257077845921,-0.02828287612546497,0.06666666666666667,0.08571428571428572,0.8476190476190476,-0.12941548313510468,0.10268322538744397,-0.33067460489449485,0.0718436386242855,0.007456862208485529,-0.13687234534359022
reason.decompose | table.shape=balanced,reason.decompose,reason,table.shape=balanced,table.shape=balanced,11104,5,"hitab,sqa,tab_fact,tablebench,wtq",0.6726889155012101,0.6796647913309496,0.006975875829739266,0.0038356770089152197,-0.0005420511077345643,0.014493802767213097,0.009235257077845921,-0.0022593812481066546,0.08798631123919308,0.08033141210374639,0.8316822766570605,0.004011613193377931,0.0047564981310139936,-0.005311123143409497,0.013334349530165358,0.007456862208485529,-0.0034452490151075984
reason.decompose | table.shape=tall,reason.decompose,reason,table.shape=tall,table.shape=tall,313,3,"hitab,tablebench,wtq",0.5175718849840255,0.4984025559105431,-0.019169329073482427,0.021676333621535947,-0.06165494297169288,0.02331628482472803,0.009235257077845921,-0.028404586151328348,0.06389776357827476,0.08306709265175719,0.853035143769968,-0.09594975092051115,0.07709704841938385,-0.2470599658225035,0.05516046398148118,0.007456862208485529,-0.10340661312899668
reason.decompose | table.shape=wide,reason.decompose,reason,table.shape=wide,table.shape=wide,10404,5,"hitab,sqa,tab_fact,tablebench,wtq",0.734265470127343,0.746766663849205,0.012501193721861887,0.0036278150753229527,0.0053906761742289,0.019611711269494875,0.009235257077845921,0.003265936644015966,0.07737408688965783,0.06526336024605921,0.857362552864283,0.01379070543893145,0.005629231383526246,0.0027574119272200086,0.02482399895064289,0.007456862208485529,0.0063338432304459215
reason.decompose | text.has_number,reason.decompose,reason,text.has_number,text.has_number,12651,5,"hitab,sqa,tab_fact,tablebench,wtq",0.7280937936167505,0.7390760706236522,0.010982277006901723,0.0034708294700206144,0.004179451245661318,0.017785102768142127,0.009235257077845921,0.0017470199290558017,0.08196980475851712,0.0709825310252154,0.8470476642162675,0.0016351148755573176,0.0051799005847241,-0.008517490270501919,0.011787720021616554,0.007456862208485529,-0.005821747332928211
reason.decompose | text.has_ordinal,reason.decompose,reason,text.has_ordinal,text.has_ordinal,2149,5,"hitab,sqa,tab_fact,tablebench,wtq",0.7261739386308269,0.731303750236975,0.00512981160614807,0.008390134646879224,-0.01131485230173521,0.02157447551403135,0.009235257077845921,-0.004105445471697851,0.07864122847836202,0.07305723592368543,0.8483015355979525,0.0334768367247644,0.030914916020970528,-0.02711639867633784,0.09407007212586663,0.007456862208485529,0.026019974516278868
reason.decompose | text.has_quoted_span,reason.decompose,reason,text.has_quoted_span,text.has_quoted_span,367,5,"hitab,sqa,tab_fact,tablebench,wtq",0.4543879258673691,0.47351120588054907,0.019123280013180085,0.01989230199238181,-0.019865631891888263,0.05811219191824843,0.009235257077845921,0.009888022935334164,0.09264305177111716,0.07084468664850137,0.8365122615803815,0.022153753399697836,0.011604627077342496,-0.000591315671893456,0.044898822471289124,0.007456862208485529,0.014696891191212307
reason.decompose | text.has_year,reason.decompose,reason,text.has_year,text.has_year,5072,5,"hitab,sqa,tab_fact,tablebench,wtq",0.7036441163289773,0.7103949793154931,0.0067508629865158515,0.005471571425372542,-0.00397341700721433,0.017475142980246033,0.009235257077845921,-0.0024843940913300694,0.07945583596214512,0.07294952681388013,0.8475946372239748,-0.001391205455543641,0.009569168971741636,-0.02014677664015725,0.017364365729069967,0.007456862208485529,-0.00884806766402917
reason.enumerate | cell.has_comma_number,reason.enumerate,reason,cell.has_comma_number,cell.has_comma_number,1700,4,"hitab,sqa,tablebench,wtq",0.5838716838508384,0.5910833501159019,0.007211666265063476,0.009949965537529882,-0.012290266188495092,0.026713598718622045,0.010589083193269754,-0.0033774169282062777,0.09058823529411765,0.0811764705882353,0.8282352941176471,-0.026955744689167532,0.0392292808468765,-0.10384513514904546,0.0499336457707104,0.009555816113807774,-0.03651156080297531
reason.enumerate | cell.has_currency,reason.enumerate,reason,cell.has_currency,cell.has_currency,230,3,"hitab,sqa,wtq",0.591304347826087,0.6347826086956522,0.043478260869565216,0.028759960390271372,-0.012891261495366672,0.09984778323449711,0.010589083193269754,0.03288917767629546,0.11739130434782609,0.07391304347826087,0.808695652173913,0.06662409535972753,0.043410732154096264,-0.01846093966230114,0.1517091303817562,0.009555816113807774,0.057068279245919756
reason.enumerate | cell.has_date_like,reason.enumerate,reason,cell.has_date_like,cell.has_date_like,16689,5,"hitab,sqa,tab_fact,tablebench,wtq",0.7023248207872709,0.7091068417057929,0.006782020918522812,0.0031309412740780753,0.0006453760213297847,0.01291866581571584,0.010589083193269754,-0.0038070622747469413,0.08784229132961831,0.08029240817304811,0.8318653004973335,0.006467808332317838,0.003830549021857013,-0.0010400677505219072,0.013975684415157584,0.009555816113807774,-0.0030880077814899355
reason.enumerate | cell.has_numeric_range,reason.enumerate,reason,cell.has_numeric_range,cell.has_numeric_range,6989,5,"hitab,sqa,tab_fact,tablebench,wtq",0.7023066553480115,0.7121742454705845,0.00986759012257288,0.004954141101420175,0.00015747356378933812,0.019577706681356423,0.010589083193269754,-0.0007214930706968738,0.0925740449277436,0.08284446988124196,0.8245814851910145,0.010703986171144401,0.007289308435157092,-0.0035830583617634994,0.0249910307040523,0.009555816113807774,0.0011481700573366272
reason.enumerate | cell.has_percent,reason.enumerate,reason,cell.has_percent,cell.has_percent,755,5,"hitab,sqa,tab_fact,tablebench,wtq",0.6478078781977239,0.6644302269841847,0.016622348786460753,0.01451352674769348,-0.011824163639018469,0.045068861211939974,0.010589083193269754,0.006033265593190999,0.09801324503311258,0.07417218543046358,0.8278145695364238,0.02156765285346724,0.007322736523998876,0.007215089266429444,0.03592021644050504,0.009555816113807774,0.012011836739659467
reason.enumerate | cell.has_score_surface,reason.enumerate,reason,cell.has_score_surface,cell.has_score_surface,5483,5,"hitab,sqa,tab_fact,tablebench,wtq",0.7345022546177212,0.7461832364756479,0.011680981857926685,0.0055782116824050175,0.0007476869604128508,0.02261427675544052,0.010589083193269754,0.001091898664656931,0.0913733357650921,0.0797008936713478,0.8289257705635601,-0.011278591910140464,0.025298811838819407,-0.060864263114226505,0.03830707929394557,0.009555816113807774,-0.020834408023948238
reason.enumerate | cell.missing_value_marker,reason.enumerate,reason,cell.missing_value_marker,cell.missing_value_marker,5277,5,"hitab,sqa,tab_fact,tablebench,wtq",0.6049463208499128,0.6141185470692524,0.00917222621933954,0.00557629914035673,-0.0017573200957596517,0.020101772534438733,0.010589083193269754,-0.0014168569739302136,0.08868675383740762,0.07883267007769566,0.8324805760848967,0.01787255896352391,0.00986305957608132,-0.0014590378055954756,0.037204155732643296,0.009555816113807774,0.008316742849716136
reason.enumerate | grounding.cell_overlap,reason.enumerate,reason,grounding.cell_overlap,grounding.cell_overlap,17562,5,"hitab,sqa,tab_fact,tablebench,wtq",0.7260619870284964,0.736520945052276,0.010458958023779757,0.0030063133100355225,0.004566583936110133,0.01635133211144938,0.010589083193269754,-0.00013012516948999672,0.08541168431841475,0.07470675321717345,0.8398815624644118,0.012035568948522743,0.0058291243963061795,0.0006104851317626312,0.023460652765282856,0.009555816113807774,0.002479752834714969
reason.enumerate | grounding.header_overlap,reason.enumerate,reason,grounding.header_overlap,grounding.header_overlap,15577,5,"hitab,sqa,tab_fact,tablebench,wtq",0.7204964192739578,0.728386292543693,0.007889873269735405,0.003180736575418836,0.0016556295819144867,0.014124116957556321,0.010589083193269754,-0.002699209923534349,0.08429094177312704,0.07600950118764846,0.8396995570392245,0.007104528379449031,0.005628617494143908,-0.003927561909073029,0.018136618667971092,0.009555816113807774,-0.002451287734358743
reason.enumerate | intent.aggregate_noncount,reason.enumerate,reason,intent.aggregate_noncount,intent.aggregate_noncount,1666,5,"hitab,sqa,tab_fact,tablebench,wtq",0.5785526452229557,0.5936910327630657,0.01513838754011007,0.009505673413479175,-0.003492732350309115,0.033769507430529255,0.010589083193269754,0.004549304346840316,0.0858343337334934,0.06842737094837935,0.8457382953181273,-0.0009626987417371415,0.015619754702590204,-0.03157741795881394,0.029652020475339658,0.009555816113807774,-0.010518514855544916
reason.enumerate | intent.arithmetic,reason.enumerate,reason,intent.arithmetic,intent.arithmetic,1028,5,"hitab,sqa,tab_fact,tablebench,wtq",0.5672888494659634,0.5809477931881424,0.013658943722178978,0.013195495535381657,-0.012204227527169069,0.03952211497152702,0.010589083193269754,0.0030698605289092244,0.09922178988326848,0.08463035019455253,0.816147859922179,0.033114299704493935,0.023248373071589275,-0.012452511515821045,0.07868111092480892,0.009555816113807774,0.02355848359068616
reason.enumerate | intent.comparison,reason.enumerate,reason,intent.comparison,intent.comparison,1187,5,"hitab,sqa,tab_fact,tablebench,wtq",0.6849199663016007,0.6882898062342039,0.003369839932603201,0.012037409393577735,-0.02022348247880916,0.026963162344015565,0.010589083193269754,-0.007219243260666553,0.08761583824768324,0.08424599831508003,0.8281381634372368,-0.013569386839827089,0.03173866310138443,-0.07577716651854056,0.04863839283888639,0.009555816113807774,-0.023125202953634863
reason.enumerate | intent.count,reason.enumerate,reason,intent.count,intent.count,2966,5,"hitab,sqa,tab_fact,tablebench,wtq",0.5151173049551246,0.5279797208966088,0.012862415941484157,0.008019408439034894,-0.002855624599024234,0.028580456481992547,0.010589083193269754,0.002273332748214403,0.10316925151719487,0.08968307484828052,0.8071476736345247,0.0004530064402429369,0.008693821523250059,-0.016586883745327175,0.01749289662581305,0.009555816113807774,-0.009102809673564837
reason.enumerate | intent.negation_marker,reason.enumerate,reason,intent.negation_marker,intent.negation_marker,1180,5,"hitab,sqa,tab_fact,tablebench,wtq",0.6341562269712602,0.661864406779661,0.027708179808400887,0.012862997888314616,0.0024967039473042414,0.05291965566949754,0.010589083193269754,0.017119096615131134,0.11186440677966102,0.0847457627118644,0.8033898305084746,0.04307858869085722,0.01962511628096381,0.004613360780168156,0.08154381660154628,0.009555816113807774,0.03352277257704944
reason.enumerate | intent.superlative_rank,reason.enumerate,reason,intent.superlative_rank,intent.superlative_rank,4698,5,"hitab,sqa,tab_fact,tablebench,wtq",0.6844846613482763,0.7036137381966646,0.019129076848388275,0.0061562102741100876,0.007062904711132504,0.031195248985644047,0.010589083193269754,0.008539993655118521,0.09897828863346105,0.0800340570455513,0.8209876543209876,0.008815110537864119,0.011096452259534846,-0.012933935890824179,0.030564156966552417,0.009555816113807774,-0.0007407055759436551
reason.enumerate | intent.temporal,reason.enumerate,reason,intent.temporal,intent.temporal,8618,5,"hitab,sqa,tab_fact,tablebench,wtq",0.7037630208586506,0.7226274450659753,0.0188644242073247,0.004323359383611655,0.010390639815445857,0.027338208599203544,0.010589083193269754,0.008275341014054947,0.0906242747737294,0.07194244604316546,0.8374332791831052,0.017608678891906135,0.006893774210951652,0.004096881438440897,0.03112047634537137,0.009555816113807774,0.008052862778098361
reason.enumerate | schema.has_date_col,reason.enumerate,reason,schema.has_date_col,schema.has_date_col,11385,5,"hitab,sqa,tab_fact,tablebench,wtq",0.7093825284903342,0.7148511181896074,0.0054685896992732064,0.003802460279355225,-0.001984232448263034,0.012921411846809446,0.010589083193269754,-0.005120493493996547,0.08634167764602547,0.08045674132630655,0.833201581027668,0.0021297751039248036,0.006011571474514704,-0.009652904986124016,0.013912455193973623,0.009555816113807774,-0.007426041009882971
reason.enumerate | schema.has_rank_col,reason.enumerate,reason,schema.has_rank_col,schema.has_rank_col,5969,5,"hitab,sqa,tab_fact,tablebench,wtq",0.7077818550464953,0.7264492277604417,0.018667372713946626,0.005074185981340325,0.008721968190519588,0.02861277723737366,0.010589083193269754,0.008078289520676872,0.08862456022784386,0.06952588373261853,0.8418495560395376,0.0003728289789572056,0.021035194770366552,-0.04085615277096123,0.04160181072887564,0.009555816113807774,-0.009182987134850568
reason.enumerate | schema.has_score_col,reason.enumerate,reason,schema.has_score_col,schema.has_score_col,7708,5,"hitab,sqa,tab_fact,tablebench,wtq",0.7331269280831327,0.7437692251546111,0.010642297071478263,0.004625843147357621,0.0015756445026573265,0.0197089496402992,0.010589083193269754,5.321387820850926e-05,0.08822003113648158,0.07758173326414115,0.8341982355993772,-0.0018357482574408884,0.0240170754875045,-0.048909216212949705,0.04523771969806793,0.009555816113807774,-0.011391564371248662
reason.enumerate | schema.has_unit_col,reason.enumerate,reason,schema.has_unit_col,schema.has_unit_col,1848,5,"hitab,sqa,tab_fact,tablebench,wtq",0.6417422229323327,0.6503258389531148,0.008583616020782024,0.008831513702208386,-0.008726150835546412,0.02589338287711046,0.010589083193269754,-0.0020054671724877293,0.0882034632034632,0.0762987012987013,0.8354978354978355,0.0005145901927762619,0.018990997922940858,-0.03670776573618782,0.03773694612174035,0.009555816113807774,-0.009041225921031511
reason.enumerate | schema.header_repetition_marker,reason.enumerate,reason,schema.header_repetition_marker,schema.header_repetition_marker,1388,5,"hitab,sqa,tab_fact,tablebench,wtq",0.570350486939888,0.5653680747662324,-0.0049824121736554835,0.010907255034393977,-0.02636063204106768,0.01639580769375671,0.010589083193269754,-0.015571495366925238,0.08285302593659942,0.08789625360230548,0.829250720461095,0.013392331424021697,0.05774961270588079,-0.09979690947950465,0.12658157232754805,0.009555816113807774,0.0038365153102139227
reason.enumerate | table.cols_bin=0_3,reason.enumerate,reason,table.cols_bin=0_3,table.cols_bin=0_3,136,3,"hitab,sqa,wtq",0.6985294117647058,0.6470588235294118,-0.051470588235294115,0.033528599539143604,-0.11718664333201557,0.014245466861427344,0.010589083193269754,-0.06205967142856387,0.051470588235294115,0.10294117647058823,0.8455882352941176,-0.033843103936561876,0.017197034977383504,-0.06754929249223354,-0.0001369153808902096,0.009555816113807774,-0.043398920050369647
reason.enumerate | table.cols_bin=4_6,reason.enumerate,reason,table.cols_bin=4_6,table.cols_bin=4_6,14136,5,"hitab,sqa,tab_fact,tablebench,wtq",0.7079782132289401,0.7186488823260255,0.010670669097085427,0.0033542603367511825,0.00409631883705311,0.017245019357117745,0.010589083193269754,8.158590381567368e-05,0.08694114318053198,0.07654216185625354,0.8365166949632145,0.0089092826361705,0.004826403068164437,-0.0005504673774317966,0.018369032649772795,0.009555816113807774,-0.0006465334776372747
reason.enumerate | table.cols_bin=7_10,reason.enumerate,reason,table.cols_bin=7_10,table.cols_bin=7_10,6755,5,"hitab,sqa,tab_fact,tablebench,wtq",0.690146935080706,0.7014159266071506,0.011268991526444528,0.0049136601197245534,0.0016382176917844032,0.020899765361104654,0.010589083193269754,0.0006799083331747741,0.09015544041450778,0.07816432272390822,0.831680236861584,0.01383441459592959,0.004481503438533439,0.00505066785640405,0.02261816133545513,0.009555816113807774,0.004278598482121816
reason.enumerate | table.cols_bin=gt_10,reason.enumerate,reason,table.cols_bin=gt_10,table.cols_bin=gt_10,794,4,"hitab,tab_fact,tablebench,wtq",0.6371701514557347,0.6511522273282877,0.013982075872552943,0.015065562523777158,-0.015546426674050286,0.043510578419156176,0.010589083193269754,0.0033929926792831896,0.10327455919395466,0.08690176322418136,0.809823677581864,0.028351543890794553,0.019604210032764947,-0.010072707773424745,0.06677579555501385,0.009555816113807774,0.01879572777698678
reason.enumerate | table.numeric_cols_bin=0,reason.enumerate,reason,table.numeric_cols_bin=0,table.numeric_cols_bin=0,3898,5,"hitab,sqa,tab_fact,tablebench,wtq",0.7147255002565418,0.711390456644433,-0.0033350436121087736,0.006812320684560893,-0.016687192153848125,0.010017104929630576,0.010589083193269754,-0.013924126805378526,0.0887634684453566,0.09209851205746537,0.819138019497178,-0.0036080792420694237,0.0030936265669243247,-0.0096715873132411,0.002455428829102253,0.009555816113807774,-0.013163895355877198
reason.enumerate | table.numeric_cols_bin=1,reason.enumerate,reason,table.numeric_cols_bin=1,table.numeric_cols_bin=1,7480,5,"hitab,sqa,tab_fact,tablebench,wtq",0.7276737967914438,0.7362299465240641,0.008556149732620321,0.004556466100454857,-0.00037452382427119804,0.01748682328951184,0.010589083193269754,-0.0020329334606494324,0.08195187165775401,0.07339572192513369,0.8446524064171123,-0.006406576706839681,0.012755120254074846,-0.03140661240482638,0.018593458991147015,0.009555816113807774,-0.015962392820647455
reason.enumerate | table.numeric_cols_bin=2_3,reason.enumerate,reason,table.numeric_cols_bin=2_3,table.numeric_cols_bin=2_3,5634,5,"hitab,sqa,tab_fact,tablebench,wtq",0.7163946640610706,0.7249466740598615,0.008552009998791042,0.005333906622193737,-0.0019024469807086813,0.019006466978290767,0.010589083193269754,-0.0020370731944787113,0.08643947461838836,0.07756478523251686,0.8359957401490948,0.0012916451301367806,0.009534161782464313,-0.01739531196349327,0.019978602223766833,0.009555816113807774,-0.008264170983670993
reason.enumerate | table.numeric_cols_bin=ge_4,reason.enumerate,reason,table.numeric_cols_bin=ge_4,table.numeric_cols_bin=ge_4,4809,5,"hitab,sqa,tab_fact,tablebench,wtq",0.625008968935381,0.6524330404735703,0.027424071538188946,0.005665742301697248,0.01631921662686234,0.038528926449515555,0.010589083193269754,0.016834988344919193,0.10002079434393844,0.07236431690580163,0.8276148887502599,0.03164419096859585,0.011971805097762515,0.008179452976981322,0.055108928960210385,0.009555816113807774,0.022088374854788078
reason.enumerate | table.numeric_density_bin=high,reason.enumerate,reason,table.numeric_density_bin=high,table.numeric_density_bin=high,5196,5,"hitab,sqa,tab_fact,tablebench,wtq",0.6333840769151432,0.6573529569979973,0.023968880082854225,0.00548814376248543,0.013212118308382783,0.03472564185732567,0.010589083193269754,0.013379796889584471,0.09892224788298691,0.07525019245573518,0.8258275596612779,0.0313248184020588,0.01475950030540979,0.0023961978034556138,0.06025343900066199,0.009555816113807774,0.021769002288251026
reason.enumerate | table.numeric_density_bin=low,reason.enumerate,reason,table.numeric_density_bin=low,table.numeric_density_bin=low,7327,5,"hitab,sqa,tab_fact,tablebench,wtq",0.7319503207315409,0.7408216186706701,0.008871297939129249,0.004621425555334874,-0.00018669614932710459,0.0179292920275856,0.010589083193269754,-0.001717785254140505,0.08270779309403575,0.0738364951549065,0.8434557117510577,0.011313150119663277,0.012218964367776268,-0.012636020041178208,0.03526232028050476,0.009555816113807774,0.0017573340058555029
reason.enumerate | table.numeric_density_bin=mid,reason.enumerate,reason,table.numeric_density_bin=mid,table.numeric_density_bin=mid,5400,5,"hitab,sqa,tab_fact,tablebench,wtq",0.7094022231998584,0.7194989053201972,0.010096682120338672,0.005391905688630285,-0.000471453029376687,0.02066481727005403,0.010589083193269754,-0.0004924010729310813,0.08537037037037037,0.07444444444444444,0.8401851851851851,0.00540086643581065,0.011944860495499563,-0.01801106013536849,0.028812793006989794,0.009555816113807774,-0.0041549496779971235
reason.enumerate | table.numeric_density_bin=none,reason.enumerate,reason,table.numeric_density_bin=none,table.numeric_density_bin=none,3898,5,"hitab,sqa,tab_fact,tablebench,wtq",0.7147255002565418,0.711390456644433,-0.0033350436121087736,0.006812320684560893,-0.016687192153848125,0.010017104929630576,0.010589083193269754,-0.013924126805378526,0.0887634684453566,0.09209851205746537,0.819138019497178,-0.0036080792420694237,0.0030936265669243247,-0.0096715873132411,0.002455428829102253,0.009555816113807774,-0.013163895355877198
reason.enumerate | table.rows_bin=0_5,reason.enumerate,reason,table.rows_bin=0_5,table.rows_bin=0_5,1332,3,"hitab,tab_fact,wtq",0.8145645645645646,0.8130630630630631,-0.0015015015015015015,0.00955899736320075,-0.020237136333374973,0.017234133330371968,0.010589083193269754,-0.012090584694771256,0.06006006006006006,0.06156156156156156,0.8783783783783784,-0.06586985391766269,0.042155803509847475,-0.14849522879696375,0.016755520961638362,0.009555816113807774,-0.07542567003147047
reason.enumerate | table.rows_bin=11_25,reason.enumerate,reason,table.rows_bin=11_25,table.rows_bin=11_25,9391,5,"hitab,sqa,tab_fact,tablebench,wtq",0.6920587245946037,0.6962766275390744,0.004217902944470571,0.00424804861279172,-0.0041082723366012005,0.012544078225542342,0.010589083193269754,-0.006371180248799182,0.0896603130657012,0.08476200617612607,0.8255776807581727,-0.0016482923217533477,0.005346121767309936,-0.01212669098568082,0.008830106342174127,0.009555816113807774,-0.011204108435561121
reason.enumerate | table.rows_bin=26_50,reason.enumerate,reason,table.rows_bin=26_50,table.rows_bin=26_50,2976,5,"hitab,sqa,tab_fact,tablebench,wtq",0.6262433851148362,0.6286504965428029,0.0024071114279669154,0.007818599533123636,-0.012917343656955411,0.017731566512889242,0.010589083193269754,-0.008181971765302838,0.09475806451612903,0.09206989247311828,0.8131720430107527,0.005126814212393453,0.012865550392904667,-0.020089664557699692,0.0303432929824866,0.009555816113807774,-0.004429001901414321
reason.enumerate | table.rows_bin=6_10,reason.enumerate,reason,table.rows_bin=6_10,table.rows_bin=6_10,7702,5,"hitab,sqa,tab_fact,tablebench,wtq",0.728383779818312,0.7515323768319695,0.023148597013657055,0.004382745010286919,0.014558416793494693,0.03173877723381942,0.010589083193269754,0.012559513820387301,0.0882887561672293,0.06569722150090886,0.8460140223318618,0.026042731397691365,0.006171121938151555,0.013947332398914318,0.03813813039646841,0.009555816113807774,0.01648691528388359
reason.enumerate | table.rows_bin=gt_50,reason.enumerate,reason,table.rows_bin=gt_50,table.rows_bin=gt_50,420,3,"hitab,tablebench,wtq",0.5071428571428571,0.5261904761904762,0.01904761904761905,0.02103250546682867,-0.022176091667365144,0.06027132976260324,0.010589083193269754,0.008458535854349296,0.10238095238095238,0.08333333333333333,0.8142857142857143,0.008492569002123142,0.008492569002123142,-0.008152866242038216,0.025138004246284498,0.009555816113807774,-0.0010632471116846318
reason.enumerate | table.shape=balanced,reason.enumerate,reason,table.shape=balanced,table.shape=balanced,11104,5,"hitab,sqa,tab_fact,tablebench,wtq",0.6726889155012101,0.6772081425394215,0.004519227038211175,0.00396221133312974,-0.003246707174723115,0.012285161251145465,0.010589083193269754,-0.006069856155058578,0.09203890489913545,0.08690561959654179,0.8210554755043228,0.001749025252221266,0.0029536331942274048,-0.004040095808464447,0.007538146312906979,0.009555816113807774,-0.007806790861586508
reason.enumerate | table.shape=tall,reason.enumerate,reason,table.shape=tall,table.shape=tall,313,3,"hitab,tablebench,wtq",0.5175718849840255,0.5335463258785943,0.01597444089456869,0.023714627307383135,-0.030506228627902254,0.06245511041703963,0.010589083193269754,0.005385357701298936,0.09584664536741214,0.07987220447284345,0.8242811501597445,-0.07986787957548191,0.08679878709118476,-0.24999350227420403,0.0902577431232402,0.009555816113807774,-0.08942369568928969
reason.enumerate | table.shape=wide,reason.enumerate,reason,table.shape=wide,table.shape=wide,10404,5,"hitab,sqa,tab_fact,tablebench,wtq",0.734265470127343,0.7511707841727145,0.016905314045371243,0.003750533172342064,0.009554269027580796,0.02425635906316169,0.010589083193269754,0.006316230852101489,0.08410226835832373,0.06757016532103037,0.8483275663206459,0.02095203317651325,0.008516305953033305,0.004260073508567972,0.03764399284445853,0.009555816113807774,0.011396217062705476
reason.enumerate | text.has_number,reason.enumerate,reason,text.has_number,text.has_number,12651,5,"hitab,sqa,tab_fact,tablebench,wtq",0.7280937936167505,0.7427853416940745,0.01469154807732408,0.0035854408699231657,0.007664083972274675,0.021719012182373484,0.010589083193269754,0.004102464884054326,0.08892577661844914,0.0743024266856375,0.8367717966959134,0.018981257126726107,0.009655039278224488,5.738014140611175e-05,0.0379051341120461,0.009555816113807774,0.009425441012918333
reason.enumerate | text.has_ordinal,reason.enumerate,reason,text.has_ordinal,text.has_ordinal,2149,5,"hitab,sqa,tab_fact,tablebench,wtq",0.7261739386308269,0.7336225799173682,0.007448641286541268,0.008706121450082009,-0.009615356755619468,0.024512639328702006,0.010589083193269754,-0.0031404419067284856,0.08562121917170777,0.0777105630525826,0.8366682177757097,-0.0005772101491252868,0.016570548657140034,-0.03305548551711976,0.03190106521886918,0.009555816113807774,-0.01013302626293306
reason.enumerate | text.has_quoted_span,reason.enumerate,reason,text.has_quoted_span,text.has_quoted_span,367,5,"hitab,sqa,tab_fact,tablebench,wtq",0.4543879258673691,0.4781138850228031,0.023725959155434094,0.017027425489433808,-0.00964779480385617,0.05709971311472436,0.010589083193269754,0.01313687596216434,0.07084468664850137,0.051771117166212535,0.8773841961852861,0.004227976973708846,0.017551652886421274,-0.03017326268367685,0.03862921663109454,0.009555816113807774,-0.005327839140098928
reason.enumerate | text.has_year,reason.enumerate,reason,text.has_year,text.has_year,5072,5,"hitab,sqa,tab_fact,tablebench,wtq",0.7036441163289773,0.7280679291006442,0.024423812771666942,0.005566671851857043,0.013513135942027138,0.035334489601306744,0.010589083193269754,0.013834729578397188,0.09128548895899054,0.06683753943217666,0.8418769716088328,0.022563965024501836,0.010962770894820414,0.0010769340706538247,0.04405099597834985,0.009555816113807774,0.013008148910694062
reason.evidence_localize | cell.has_comma_number,reason.evidence_localize,reason,cell.has_comma_number,cell.has_comma_number,1700,4,"hitab,sqa,tablebench,wtq",0.5838716838508384,0.5897581186901757,0.005886434839337187,0.009376734569704639,-0.012491964917283906,0.02426483459595828,0.00593501220020201,-4.8577360864823435e-05,0.07941176470588235,0.07294117647058823,0.8476470588235294,-0.024502424665620543,0.03373846127410433,-0.09062980876286501,0.041624959431623934,0.004245905684321748,-0.028748330349942293
reason.evidence_localize | cell.has_currency,reason.evidence_localize,reason,cell.has_currency,cell.has_currency,230,3,"hitab,sqa,wtq",0.591304347826087,0.5652173913043478,-0.02608695652173913,0.026086956521739132,-0.07721739130434782,0.025043478260869566,0.00593501220020201,-0.03202196872194114,0.06521739130434782,0.09130434782608696,0.8434782608695652,-0.012558535547041295,0.027382485447765535,-0.06622820702466174,0.04111113593057915,0.004245905684321748,-0.016804441231363043
reason.evidence_localize | cell.has_date_like,reason.evidence_localize,reason,cell.has_date_like,cell.has_date_like,16689,5,"hitab,sqa,tab_fact,tablebench,wtq",0.7023248207872709,0.7060346970398298,0.003709876252559318,0.002963593150782798,-0.0020987663229749664,0.009518518828093602,0.00593501220020201,-0.0022251359476426922,0.07753610162382407,0.07364132063035532,0.8488225777458206,-0.000425059364266087,0.0055161151844157034,-0.011236645125720864,0.010386526397188692,0.004245905684321748,-0.004670965048587835
reason.evidence_localize | cell.has_numeric_range,reason.evidence_localize,reason,cell.has_numeric_range,cell.has_numeric_range,6989,5,"hitab,sqa,tab_fact,tablebench,wtq",0.7023066553480115,0.7035258148899524,0.001219159541940915,0.004670399712494044,-0.007934823894547412,0.010373142978429242,0.00593501220020201,-0.004715852658261095,0.0781227643439691,0.07783660037201316,0.8440406352840177,0.002527926246265254,0.0065981319610594205,-0.01040441239741121,0.015460264889941719,0.004245905684321748,-0.001717979438056494
reason.evidence_localize | cell.has_percent,reason.evidence_localize,reason,cell.has_percent,cell.has_percent,755,5,"hitab,sqa,tab_fact,tablebench,wtq",0.6478078781977239,0.6494970899612134,0.0016892117634894224,0.01319539338882513,-0.02417375927860783,0.02755218280558668,0.00593501220020201,-0.004245800436712588,0.0728476821192053,0.07152317880794702,0.8556291390728477,0.00671833251952215,0.01041086023370081,-0.013686953538531438,0.02712361857757574,0.004245905684321748,0.0024724268352004017
reason.evidence_localize | cell.has_score_surface,reason.evidence_localize,reason,cell.has_score_surface,cell.has_score_surface,5483,5,"hitab,sqa,tab_fact,tablebench,wtq",0.7345022546177212,0.7392404959142339,0.004738241296512648,0.005267110625382743,-0.0055852955292375285,0.015061778122262823,0.00593501220020201,-0.0011967709036893627,0.07842422031734451,0.07386467262447566,0.8477111070581799,-0.0019253130485280552,0.02353935193394472,-0.04806244283905971,0.0442118167420036,0.004245905684321748,-0.006171218732849803
reason.evidence_localize | cell.missing_value_marker,reason.evidence_localize,reason,cell.missing_value_marker,cell.missing_value_marker,5277,5,"hitab,sqa,tab_fact,tablebench,wtq",0.6049463208499128,0.6077867083137344,0.002840387463821506,0.005207805798493173,-0.007366911901225113,0.013047686828868126,0.00593501220020201,-0.003094624736380504,0.07466363464089444,0.07163160886867538,0.8537047564904302,0.011226306502492593,0.009820928982358692,-0.008022714302930443,0.030475327307915627,0.004245905684321748,0.006980400818170845
reason.evidence_localize | grounding.cell_overlap,reason.evidence_localize,reason,grounding.cell_overlap,grounding.cell_overlap,17562,5,"hitab,sqa,tab_fact,tablebench,wtq",0.7260619870284964,0.7324332665003512,0.006371279471854926,0.002874170605203022,0.0007379050856570037,0.012004653858052848,0.00593501220020201,0.00043626727165291604,0.0763580457806628,0.06998064001822116,0.853661314201116,0.008577647974433096,0.004916629835975096,-0.0010589465040780916,0.018214242452944285,0.004245905684321748,0.004331742290111348
reason.evidence_localize | grounding.header_overlap,reason.evidence_localize,reason,grounding.header_overlap,grounding.header_overlap,15577,5,"hitab,sqa,tab_fact,tablebench,wtq",0.7204964192739578,0.7269524578375103,0.006456038563552753,0.003033614184648334,0.0005101547616420182,0.012401922365463489,0.00593501220020201,0.0005210263633507427,0.07677986775373949,0.06971817423123837,0.8535019580150222,0.002681467338748344,0.0028286139270354673,-0.0028626159582411715,0.00822555063573786,0.004245905684321748,-0.0015644383455734041
reason.evidence_localize | intent.aggregate_noncount,reason.evidence_localize,reason,intent.aggregate_noncount,intent.aggregate_noncount,1666,5,"hitab,sqa,tab_fact,tablebench,wtq",0.5785526452229557,0.5918146326044429,0.013261987381487216,0.009140300613275391,-0.0046530018205325485,0.03117697658350698,0.00593501220020201,0.007326975181285206,0.07803121248499399,0.06482593037214886,0.8571428571428571,0.001888198073356399,0.013752758096594465,-0.025067207795968754,0.02884360394268155,0.004245905684321748,-0.002357707610965349
reason.evidence_localize | intent.arithmetic,reason.evidence_localize,reason,intent.arithmetic,intent.arithmetic,1028,5,"hitab,sqa,tab_fact,tablebench,wtq",0.5672888494659634,0.5844157714648425,0.017126921998879118,0.011753047495273982,-0.005909051091857888,0.040162895089616124,0.00593501220020201,0.011191909798677107,0.08171206225680934,0.0651750972762646,0.853112840466926,-0.0022598710327453274,0.036036073974951864,-0.07289057602365098,0.06837083395816032,0.004245905684321748,-0.006505776717067075
reason.evidence_localize | intent.comparison,reason.evidence_localize,reason,intent.comparison,intent.comparison,1187,5,"hitab,sqa,tab_fact,tablebench,wtq",0.6849199663016007,0.6764953664700927,-0.008424599831508003,0.012326894550862605,-0.03258531315119871,0.015736113488182702,0.00593501220020201,-0.014359612031710014,0.08593091828138164,0.09435551811288964,0.8197135636057288,-0.02142161749079988,0.025505253764224297,-0.0714119148686795,0.02856867988707974,0.004245905684321748,-0.02566752317512163
reason.evidence_localize | intent.count,reason.evidence_localize,reason,intent.count,intent.count,2966,5,"hitab,sqa,tab_fact,tablebench,wtq",0.5151173049551246,0.5221101681312934,0.006992863176168731,0.007622102461970841,-0.007946457649294117,0.021932184001631577,0.00593501220020201,0.0010578509759667206,0.09035738368172623,0.08428860418071477,0.825354012137559,-0.0030268797387416977,0.011469187473241669,-0.02550648718629537,0.01945272770881197,0.004245905684321748,-0.007272785423063446
reason.evidence_localize | intent.negation_marker,reason.evidence_localize,reason,intent.negation_marker,intent.negation_marker,1180,5,"hitab,sqa,tab_fact,tablebench,wtq",0.6341562269712602,0.6669491525423729,0.03279292557111275,0.012397382409580587,0.008494056048334798,0.0570917950938907,0.00593501220020201,0.026857913370910737,0.10762711864406779,0.07542372881355933,0.8169491525423729,0.03378721944960805,0.003511913751110367,0.026903868497431732,0.04067057040178437,0.004245905684321748,0.029541313765286306
reason.evidence_localize | intent.superlative_rank,reason.evidence_localize,reason,intent.superlative_rank,intent.superlative_rank,4698,5,"hitab,sqa,tab_fact,tablebench,wtq",0.6844846613482763,0.6949219041837592,0.010437242835482929,0.005970174706480685,-0.0012642995892192133,0.02213878526018507,0.00593501220020201,0.0045022306352809184,0.08939974457215837,0.07896977437207323,0.8316304810557684,0.002450019130906144,0.010790438664501934,-0.018699240651517644,0.023599278913329934,0.004245905684321748,-0.0017958865534156042
reason.evidence_localize | intent.temporal,reason.evidence_localize,reason,intent.temporal,intent.temporal,8618,5,"hitab,sqa,tab_fact,tablebench,wtq",0.7037630208586506,0.7062632530712548,0.002500232212604202,0.004175190651583756,-0.00568314146449996,0.010683605889708363,0.00593501220020201,-0.0034347799875978084,0.07728011139475516,0.07437920631236945,0.8483406822928754,0.0005897533777073439,0.007534342873602926,-0.014177558654554393,0.015357065409969079,0.004245905684321748,-0.003656152306614404
reason.evidence_localize | schema.has_date_col,reason.evidence_localize,reason,schema.has_date_col,schema.has_date_col,11385,5,"hitab,sqa,tab_fact,tablebench,wtq",0.7093825284903342,0.7169424117777633,0.007559883287429003,0.003621348165620539,0.0004620408828127469,0.01465772569204526,0.00593501220020201,0.001624871087226993,0.07966622749231445,0.07193675889328063,0.8483970136144049,0.004420137029663942,0.006543859201610908,-0.008405827005493437,0.01724610106482132,0.004245905684321748,0.0001742313453421936
reason.evidence_localize | schema.has_rank_col,reason.evidence_localize,reason,schema.has_rank_col,schema.has_rank_col,5969,5,"hitab,sqa,tab_fact,tablebench,wtq",0.7077818550464953,0.7092106241454194,0.0014287690989241437,0.0048739901178214565,-0.008124251532005912,0.010981789729854198,0.00593501220020201,-0.004506243101277866,0.07371418998157145,0.07187133523203217,0.8544144747863964,0.0024388633741955824,0.00318926693455415,-0.003812099817530551,0.008689826565921715,0.004245905684321748,-0.0018070423101261657
reason.evidence_localize | schema.has_score_col,reason.evidence_localize,reason,schema.has_score_col,schema.has_score_col,7708,5,"hitab,sqa,tab_fact,tablebench,wtq",0.7331269280831327,0.7359728846247191,0.0028459565415863497,0.0044416148723278575,-0.00585960860817625,0.011551521691348949,0.00593501220020201,-0.0030890556586156605,0.07771146860404775,0.07498702646600934,0.8473015049299429,-0.010976666693737694,0.012994907039100827,-0.03644668449037532,0.014493351102899928,0.004245905684321748,-0.015222572378059442
reason.evidence_localize | schema.has_unit_col,reason.evidence_localize,reason,schema.has_unit_col,schema.has_unit_col,1848,5,"hitab,sqa,tab_fact,tablebench,wtq",0.6417422229323327,0.6423828619391533,0.0006406390068202446,0.00829370712215844,-0.0156150269526103,0.01689630496625079,0.00593501220020201,-0.005294373193381765,0.07738095238095238,0.07251082251082251,0.8501082251082251,-0.002947360173144761,0.012755442692603718,-0.02794802785064805,0.022053307504358525,0.004245905684321748,-0.007193265857466509
reason.evidence_localize | schema.header_repetition_marker,reason.evidence_localize,reason,schema.header_repetition_marker,schema.header_repetition_marker,1388,5,"hitab,sqa,tab_fact,tablebench,wtq",0.570350486939888,0.5637161020901199,-0.006634384849768085,0.00964271438665167,-0.02553410504760536,0.012265335348069187,0.00593501220020201,-0.012569397049970095,0.06340057636887608,0.07132564841498559,0.8652737752161384,0.005963024014767923,0.03818989654669626,-0.06888917321675675,0.08081522124629259,0.004245905684321748,0.0017171183304461749
reason.evidence_localize | table.cols_bin=0_3,reason.evidence_localize,reason,table.cols_bin=0_3,table.cols_bin=0_3,136,3,"hitab,sqa,wtq",0.6985294117647058,0.6617647058823529,-0.03676470588235294,0.021913098905148268,-0.07971437973644355,0.006184967971737662,0.00593501220020201,-0.042699718082554954,0.014705882352941176,0.051470588235294115,0.9338235294117647,0.004854958125986161,0.07070999008302077,-0.13373662243673454,0.14344653868870685,0.004245905684321748,0.0006090524416644131
reason.evidence_localize | table.cols_bin=4_6,reason.evidence_localize,reason,table.cols_bin=4_6,table.cols_bin=4_6,14136,5,"hitab,sqa,tab_fact,tablebench,wtq",0.7079782132289401,0.7150600165854966,0.007081803356556824,0.0032244527472372548,0.0007618759719718047,0.013401730741141843,0.00593501220020201,0.001146791156354814,0.0797255234861347,0.07187323146576118,0.8484012450481041,0.011761615488212055,0.0026380926797246436,0.006590953835951754,0.01693227714047236,0.004245905684321748,0.007515709803890307
reason.evidence_localize | table.cols_bin=7_10,reason.evidence_localize,reason,table.cols_bin=7_10,table.cols_bin=7_10,6755,5,"hitab,sqa,tab_fact,tablebench,wtq",0.690146935080706,0.6949960467327763,0.004849111652070399,0.004642823604042139,-0.0042508226118521935,0.013949045915992992,0.00593501220020201,-0.0010859005481316112,0.0772760917838638,0.07327905255366396,0.8494448556624723,-0.00113285496728832,0.004593640772926251,-0.010136390882223772,0.007870680947647132,0.004245905684321748,-0.005378760651610068
reason.evidence_localize | table.cols_bin=gt_10,reason.evidence_localize,reason,table.cols_bin=gt_10,table.cols_bin=gt_10,794,4,"hitab,tab_fact,tablebench,wtq",0.6371701514557347,0.6392404030458926,0.0020702515901577013,0.013924362168036825,-0.025221498259194473,0.02936200143950988,0.00593501220020201,-0.003864760610044309,0.08060453400503778,0.08312342569269521,0.836272040302267,0.0013205868717270143,0.01823304581612228,-0.03441618292787266,0.03705735667132669,0.004245905684321748,-0.002925318812594734
reason.evidence_localize | table.numeric_cols_bin=0,reason.evidence_localize,reason,table.numeric_cols_bin=0,table.numeric_cols_bin=0,3898,5,"hitab,sqa,tab_fact,tablebench,wtq",0.7147255002565418,0.7211390456644433,0.006413545407901488,0.0063723559194906534,-0.006076272194300193,0.018903363010103168,0.00593501220020201,0.000478533207699478,0.0823499230374551,0.07593637762955362,0.8417136993329912,0.015380554072378688,0.015791497811380888,-0.015570781637927852,0.04633188978268522,0.004245905684321748,0.01113464838805694
reason.evidence_localize | table.numeric_cols_bin=1,reason.evidence_localize,reason,table.numeric_cols_bin=1,table.numeric_cols_bin=1,7480,5,"hitab,sqa,tab_fact,tablebench,wtq",0.7276737967914438,0.7315508021390374,0.003877005347593583,0.004342406952203771,-0.004634112278725807,0.012388122973912974,0.00593501220020201,-0.0020580068526084272,0.07245989304812835,0.06858288770053476,0.858957219251337,0.011660510413864475,0.005670082259837893,0.0005471491845822039,0.022773871643146745,0.004245905684321748,0.0074146047295427266
reason.evidence_localize | table.numeric_cols_bin=2_3,reason.evidence_localize,reason,table.numeric_cols_bin=2_3,table.numeric_cols_bin=2_3,5634,5,"hitab,sqa,tab_fact,tablebench,wtq",0.7163946640610706,0.7207707843545677,0.004376120293497163,0.005089721502109618,-0.005599733850637688,0.014351974437632014,0.00593501220020201,-0.0015588919067048472,0.07703230386936458,0.0724174653887114,0.850550230741924,0.001591774943261569,0.0065647710530027,-0.011275176320623723,0.01445872620714686,0.004245905684321748,-0.002654130741060179
reason.evidence_localize | table.numeric_cols_bin=ge_4,reason.evidence_localize,reason,table.numeric_cols_bin=ge_4,table.numeric_cols_bin=ge_4,4809,5,"hitab,sqa,tab_fact,tablebench,wtq",0.625008968935381,0.6355834832807841,0.010574514345403416,0.005494696871327939,-0.00019509152239934394,0.021344120213206176,0.00593501220020201,0.004639502145201406,0.08692035766271575,0.07631524225410688,0.8367644000831774,0.011486936184769812,0.005235120773438224,0.001226099468830892,0.021747772900708732,0.004245905684321748,0.007241030500448064
reason.evidence_localize | table.numeric_density_bin=high,reason.evidence_localize,reason,table.numeric_density_bin=high,table.numeric_density_bin=high,5196,5,"hitab,sqa,tab_fact,tablebench,wtq",0.6333840769151432,0.6406567986587435,0.007272721743600732,0.0052044451937125445,-0.0029279908360758545,0.017473434323277318,0.00593501220020201,0.0013377095433987221,0.08294842186297152,0.075635103926097,0.8414164742109315,0.009069649122601563,0.006632242387046266,-0.003929545956009117,0.022068844201212245,0.004245905684321748,0.004823743438279815
reason.evidence_localize | table.numeric_density_bin=low,reason.evidence_localize,reason,table.numeric_density_bin=low,table.numeric_density_bin=low,7327,5,"hitab,sqa,tab_fact,tablebench,wtq",0.7319503207315409,0.7356353214139484,0.0036850006824075336,0.004386647044967986,-0.00491282752572972,0.012282828890544788,0.00593501220020201,-0.0022500115177944767,0.07233519858059233,0.0686501978981848,0.8590146035212228,0.020871827900145266,0.0143965399569077,-0.007345390415393827,0.04908904621568436,0.004245905684321748,0.01662592221582352
reason.evidence_localize | table.numeric_density_bin=mid,reason.evidence_localize,reason,table.numeric_density_bin=mid,table.numeric_density_bin=mid,5400,5,"hitab,sqa,tab_fact,tablebench,wtq",0.7094022231998584,0.7167575637629804,0.007355340563121965,0.005274703700661379,-0.002983078690174337,0.017693759816418266,0.00593501220020201,0.0014203283629199547,0.08018518518518518,0.0725925925925926,0.8472222222222222,0.012083604015921349,0.008972298540011421,-0.005502101122501036,0.029669309154343734,0.004245905684321748,0.0078376983315996
reason.evidence_localize | table.numeric_density_bin=none,reason.evidence_localize,reason,table.numeric_density_bin=none,table.numeric_density_bin=none,3898,5,"hitab,sqa,tab_fact,tablebench,wtq",0.7147255002565418,0.7211390456644433,0.006413545407901488,0.0063723559194906534,-0.006076272194300193,0.018903363010103168,0.00593501220020201,0.000478533207699478,0.0823499230374551,0.07593637762955362,0.8417136993329912,0.015380554072378688,0.015791497811380888,-0.015570781637927852,0.04633188978268522,0.004245905684321748,0.01113464838805694
reason.evidence_localize | table.rows_bin=0_5,reason.evidence_localize,reason,table.rows_bin=0_5,table.rows_bin=0_5,1332,3,"hitab,tab_fact,wtq",0.8145645645645646,0.8175675675675675,0.003003003003003003,0.009136336626088731,-0.01490421678413091,0.020910222790136913,0.00593501220020201,-0.0029320091971990073,0.057057057057057055,0.05405405405405406,0.8888888888888888,-0.050787326882944406,0.0463627795439854,-0.14165837478915577,0.040083721023266974,0.004245905684321748,-0.05503323256726615
reason.evidence_localize | table.rows_bin=11_25,reason.evidence_localize,reason,table.rows_bin=11_25,table.rows_bin=11_25,9391,5,"hitab,sqa,tab_fact,tablebench,wtq",0.6920587245946037,0.6966914984628103,0.004632773868206467,0.003998783496319057,-0.0032048417845788836,0.012470389520991818,0.00593501220020201,-0.0013022383319955429,0.07986369928655096,0.0750718773293579,0.8450644233840912,0.002687692343436602,0.0032489373943723732,-0.0036802249495332495,0.009055609636406453,0.004245905684321748,-0.0015582133408851462
reason.evidence_localize | table.rows_bin=26_50,reason.evidence_localize,reason,table.rows_bin=26_50,table.rows_bin=26_50,2976,5,"hitab,sqa,tab_fact,tablebench,wtq",0.6262433851148362,0.6218809557325065,-0.004362429382329615,0.007341310912286484,-0.018751398770411126,0.010026540005751894,0.00593501220020201,-0.010297441582531625,0.08098118279569892,0.08501344086021505,0.834005376344086,0.001825815511739806,0.00715945781219846,-0.012206721800169174,0.015858352823648787,0.004245905684321748,-0.002420090172581942
reason.evidence_localize | table.rows_bin=6_10,reason.evidence_localize,reason,table.rows_bin=6_10,table.rows_bin=6_10,7702,5,"hitab,sqa,tab_fact,tablebench,wtq",0.728383779818312,0.7411056847347097,0.01272190491639756,0.004281242336280437,0.004330669937287904,0.021113139895507213,0.00593501220020201,0.006786892716195549,0.0798493897688912,0.06725525837444819,0.8528953518566607,0.013593330025838988,0.002195883363374229,0.009289398633625498,0.01789726141805248,0.004245905684321748,0.00934742434151724
reason.evidence_localize | table.rows_bin=gt_50,reason.evidence_localize,reason,table.rows_bin=gt_50,table.rows_bin=gt_50,420,3,"hitab,tablebench,wtq",0.5071428571428571,0.5,-0.007142857142857143,0.019798187875270636,-0.04594730537838759,0.0316615910926733,0.00593501220020201,-0.013077869343059153,0.07857142857142857,0.08571428571428572,0.8357142857142857,-0.022756786840640655,0.03277839531446348,-0.08700244165698907,0.04148886797570776,0.004245905684321748,-0.0270026925249624
reason.evidence_localize | table.shape=balanced,reason.evidence_localize,reason,table.shape=balanced,table.shape=balanced,11104,5,"hitab,sqa,tab_fact,tablebench,wtq",0.6726889155012101,0.6731880884344631,0.0004991729332526356,0.0037376657341931098,-0.0068266519057658594,0.007824997772271131,0.00593501220020201,-0.0054358392669493745,0.08033141210374639,0.0792507204610951,0.8404178674351584,-0.0013792637479247902,0.002931824768524576,-0.007125640294232959,0.004367112798383379,0.004245905684321748,-0.005625169432246538
reason.evidence_localize | table.shape=tall,reason.evidence_localize,reason,table.shape=tall,table.shape=tall,313,3,"hitab,tablebench,wtq",0.5175718849840255,0.5271565495207667,0.009584664536741214,0.02239345535777248,-0.03430650796449285,0.053475837037975274,0.00593501220020201,0.0036496523365392034,0.08306709265175719,0.07348242811501597,0.8434504792332268,-0.08809833225037904,0.08454372858080793,-0.2538040402687626,0.07760737576800449,0.004245905684321748,-0.09234423793470078
reason.evidence_localize | table.shape=wide,reason.evidence_localize,reason,table.shape=wide,table.shape=wide,10404,5,"hitab,sqa,tab_fact,tablebench,wtq",0.734265470127343,0.7458922564566174,0.011626786329274393,0.003622275191411765,0.004527126954107333,0.01872644570444145,0.00593501220020201,0.005691774129072382,0.07660515186466743,0.0654555940023068,0.8579392541330257,0.012647478589407912,0.0009716072402979687,0.010743128398423892,0.014551828780391931,0.004245905684321748,0.008401572905086164
reason.evidence_localize | text.has_number,reason.evidence_localize,reason,text.has_number,text.has_number,12651,5,"hitab,sqa,tab_fact,tablebench,wtq",0.7280937936167505,0.7339307525247102,0.005836958907959743,0.0034434577990764257,-0.0009122183782300517,0.012586136194149538,0.00593501220020201,-9.805329224226757e-05,0.07809659315469134,0.07232629831633863,0.8495771085289701,0.001910819194955209,0.005783189484047303,-0.009424232193777506,0.013245870583687924,0.004245905684321748,-0.002335086489366539
reason.evidence_localize | text.has_ordinal,reason.evidence_localize,reason,text.has_ordinal,text.has_ordinal,2149,5,"hitab,sqa,tab_fact,tablebench,wtq",0.7261739386308269,0.7359492434818168,0.009775304850989848,0.008284257834402422,-0.006461840504438899,0.026012450206418597,0.00593501220020201,0.003840292650787838,0.07910656119125174,0.068869241507678,0.8520241973010703,0.017610491617908126,0.00989093730970589,-0.0017757455091154187,0.03699672874493167,0.004245905684321748,0.013364585933586378
reason.evidence_localize | text.has_quoted_span,reason.evidence_localize,reason,text.has_quoted_span,text.has_quoted_span,367,5,"hitab,sqa,tab_fact,tablebench,wtq",0.4543879258673691,0.4581522468119548,0.0037643209445858317,0.01894648667827093,-0.03337079294482519,0.040899434833996856,0.00593501220020201,-0.0021706912556161786,0.07084468664850137,0.07901907356948229,0.8501362397820164,0.01845561655699419,0.031909491394642026,-0.04408698657650417,0.08099821969049256,0.004245905684321748,0.014209710872672443
reason.evidence_localize | text.has_year,reason.evidence_localize,reason,text.has_year,text.has_year,5072,5,"hitab,sqa,tab_fact,tablebench,wtq",0.7036441163289773,0.7099389961031731,0.006294879774195863,0.005420900058563527,-0.004330084340588649,0.016919843888980376,0.00593501220020201,0.00035986757399385314,0.07787854889589906,0.07156940063091483,0.8505520504731862,0.005774466147049642,0.01059237823951125,-0.01498659520239241,0.026535527496491695,0.004245905684321748,0.0015285604627278942
reason.evidence_table | cell.has_comma_number,reason.evidence_table,reason,cell.has_comma_number,cell.has_comma_number,1700,4,"hitab,sqa,tablebench,wtq",0.5838716838508384,0.5881457360021687,0.004274052151330231,0.009898493632887412,-0.015126995369129096,0.023675099671789556,-0.0003812730625743484,0.004655325213904579,0.08764705882352941,0.08176470588235295,0.8305882352941176,-0.021367901258288406,0.03276957789662561,-0.0855962739356746,0.04286047141909779,-0.001880978932067473,-0.019486922326220932
reason.evidence_table | cell.has_currency,reason.evidence_table,reason,cell.has_currency,cell.has_currency,230,3,"hitab,sqa,wtq",0.591304347826087,0.6,0.008695652173913044,0.030182851619903275,-0.05046273700109737,0.06785404134892346,-0.0003812730625743484,0.009076925236487392,0.10869565217391304,0.1,0.7913043478260869,0.021817794806300552,0.031402832124326575,-0.03973175615737953,0.08336734576998064,-0.001880978932067473,0.023698773738368026
reason.evidence_table | cell.has_date_like,reason.evidence_table,reason,cell.has_date_like,cell.has_date_like,16689,5,"hitab,sqa,tab_fact,tablebench,wtq",0.7023248207872709,0.698557766893977,-0.003767053893293202,0.0032591164931296264,-0.01015492221982727,0.002620814433240866,-0.0003812730625743484,-0.0033857808307188536,0.08963988255737312,0.09275570735214812,0.8176044100904788,-0.007587796235232156,0.004279523200886145,-0.015975661708969,0.0008000692385046887,-0.001880978932067473,-0.005706817303164683
reason.evidence_table | cell.has_numeric_range,reason.evidence_table,reason,cell.has_numeric_range,cell.has_numeric_range,6989,5,"hitab,sqa,tab_fact,tablebench,wtq",0.7023066553480115,0.6970908388922497,-0.00521581645576205,0.005177215328288101,-0.01536315849920673,0.004931525587682628,-0.0003812730625743484,-0.004834543393187702,0.09328945485763343,0.09829732436686221,0.8084132207755044,-0.008810111508667484,0.00714566255903743,-0.022815610124380846,0.005195387107045878,-0.001880978932067473,-0.006929132576600011
reason.evidence_table | cell.has_percent,reason.evidence_table,reason,cell.has_percent,cell.has_percent,755,5,"hitab,sqa,tab_fact,tablebench,wtq",0.6478078781977239,0.659655620435367,0.011847742237642872,0.014583523797688427,-0.016735964405826444,0.04043144888111219,-0.0003812730625743484,0.01222901530021722,0.09668874172185431,0.08079470198675497,0.8225165562913908,0.00876691567658817,0.014838181362359325,-0.02031591979363611,0.037849751146812445,-0.001880978932067473,0.010647894608655643
reason.evidence_table | cell.has_score_surface,reason.evidence_table,reason,cell.has_score_surface,cell.has_score_surface,5483,5,"hitab,sqa,tab_fact,tablebench,wtq",0.7345022546177212,0.7332485283006145,-0.0012537263171068047,0.005924477816805236,-0.012865702838045067,0.010358250203831458,-0.0003812730625743484,-0.0008724532545324563,0.09575050155024621,0.0970271749042495,0.8072223235455043,-0.01321991001145498,0.018712300355249643,-0.04989601870774428,0.023456198684834322,-0.001880978932067473,-0.011338931079387507
reason.evidence_table | cell.missing_value_marker,reason.evidence_table,reason,cell.missing_value_marker,cell.missing_value_marker,5277,5,"hitab,sqa,tab_fact,tablebench,wtq",0.6049463208499128,0.5979393939697584,-0.007006926880154606,0.005788706329884811,-0.018352791286728835,0.0043389375264196225,-0.0003812730625743484,-0.006625653817580257,0.0869812393405344,0.09342429410649991,0.8195944665529658,0.0013118909376075144,0.012346669714998341,-0.022887581703789232,0.025511363579004263,-0.001880978932067473,0.0031928698696749875
reason.evidence_table | grounding.cell_overlap,reason.evidence_table,reason,grounding.cell_overlap,grounding.cell_overlap,17562,5,"hitab,sqa,tab_fact,tablebench,wtq",0.7260619870284964,0.7263450602336048,0.00028307320510831033,0.003155885790628796,-0.00590246294452413,0.006468609354740751,-0.0003812730625743484,0.0006643462676826587,0.08837262270811981,0.08774627035645143,0.8238811069354288,-0.0005555836441822556,0.005124829288100655,-0.01060024904885954,0.009489081760495028,-0.001880978932067473,0.0013253952878852174
reason.evidence_table | grounding.header_overlap,reason.evidence_table,reason,grounding.header_overlap,grounding.header_overlap,15577,5,"hitab,sqa,tab_fact,tablebench,wtq",0.7204964192739578,0.7197340891930665,-0.0007623300808909264,0.003331818298634443,-0.007292693946214434,0.005768033784432582,-0.0003812730625743484,-0.00038105701831657804,0.08807857738974129,0.0881427746035822,0.8237786480066766,-0.002830408532991687,0.005348686742261019,-0.013313834547823285,0.0076530174818399115,-0.001880978932067473,-0.0009494296009242141
reason.evidence_table | intent.aggregate_noncount,reason.evidence_table,reason,intent.aggregate_noncount,intent.aggregate_noncount,1666,5,"hitab,sqa,tab_fact,tablebench,wtq",0.5785526452229557,0.583332129894314,0.00477948467135843,0.009720934058867547,-0.014273546084021961,0.023832515426738823,-0.0003812730625743484,0.0051607577339327785,0.08403361344537816,0.07863145258103241,0.8373349339735895,0.005025935316955102,0.016728781088554773,-0.02776247561661225,0.037814346250522456,-0.001880978932067473,0.006906914249022575
reason.evidence_table | intent.arithmetic,reason.evidence_table,reason,intent.arithmetic,intent.arithmetic,1028,5,"hitab,sqa,tab_fact,tablebench,wtq",0.5672888494659634,0.5750415561421676,0.007752706676204226,0.012888479767970928,-0.01750871366901879,0.03301412702142724,-0.0003812730625743484,0.008133979738778574,0.08949416342412451,0.08463035019455253,0.8258754863813229,0.015195184531050038,0.01511109469040298,-0.0144225610621398,0.044812930124239876,-0.001880978932067473,0.01707616346311751
reason.evidence_table | intent.comparison,reason.evidence_table,reason,intent.comparison,intent.comparison,1187,5,"hitab,sqa,tab_fact,tablebench,wtq",0.6849199663016007,0.6680707666385847,-0.016849199663016005,0.01277255636579999,-0.041883410139983986,0.008185010813951975,-0.0003812730625743484,-0.016467926600441656,0.08845829823083404,0.10530749789385004,0.806234203875316,-0.04771894819064631,0.039069027285958284,-0.12429424167112454,0.02885634528983192,-0.001880978932067473,-0.04583796925857884
reason.evidence_table | intent.count,reason.evidence_table,reason,intent.count,intent.count,2966,5,"hitab,sqa,tab_fact,tablebench,wtq",0.5151173049551246,0.49684621808401447,-0.018271086871110166,0.008323108483203152,-0.03458437949818834,-0.001957794244031988,-0.0003812730625743484,-0.017889813808535816,0.09541469993256911,0.11328388401888065,0.7913014160485502,-0.011618286628805968,0.008046250214030293,-0.02738893704830534,0.004152363790693406,-0.001880978932067473,-0.009737307696738494
reason.evidence_table | intent.negation_marker,reason.evidence_table,reason,intent.negation_marker,intent.negation_marker,1180,5,"hitab,sqa,tab_fact,tablebench,wtq",0.6341562269712602,0.6578751550227366,0.023718928051476535,0.013913920729463642,-0.003552356578272204,0.05099021268122528,-0.0003812730625743484,0.024100201114050885,0.12627118644067797,0.10338983050847457,0.7703389830508475,0.01623754376914647,0.019652699722029304,-0.022281747686030966,0.0547568352243239,-0.001880978932067473,0.018118522701213943
reason.evidence_table | intent.superlative_rank,reason.evidence_table,reason,intent.superlative_rank,intent.superlative_rank,4698,5,"hitab,sqa,tab_fact,tablebench,wtq",0.6844846613482763,0.6970745954774374,0.012589934129161156,0.006569386274792789,-0.0002860629694327096,0.02546593122775502,-0.0003812730625743484,0.012971207191735504,0.1081311196253725,0.0955725840783312,0.7962962962962963,0.003468174156436565,0.009601884731830084,-0.015351519917950397,0.02228786823082353,-0.001880978932067473,0.005349153088504038
reason.evidence_table | intent.temporal,reason.evidence_table,reason,intent.temporal,intent.temporal,8618,5,"hitab,sqa,tab_fact,tablebench,wtq",0.7037630208586506,0.7054325732931394,0.0016695524344885087,0.004508424249063931,-0.007166959093676796,0.010506063962653814,-0.0003812730625743484,0.002050825497062857,0.08911580413088883,0.08737526108145742,0.8235089347876537,-0.00092601476665751,0.004874864282677614,-0.010480748760705634,0.008628719227390615,-0.001880978932067473,0.0009549641654099631
reason.evidence_table | schema.has_date_col,reason.evidence_table,reason,schema.has_date_col,schema.has_date_col,11385,5,"hitab,sqa,tab_fact,tablebench,wtq",0.7093825284903342,0.7127752990788191,0.003392770588484778,0.003963607218028509,-0.0043758995588511,0.011161440735820656,-0.0003812730625743484,0.0037740436510591262,0.09231444883618797,0.08888888888888889,0.8187966622749231,0.00643747835770634,0.009306111157444001,-0.011802499510883902,0.024677456226296583,-0.001880978932067473,0.008318457289773814
reason.evidence_table | schema.has_rank_col,reason.evidence_table,reason,schema.has_rank_col,schema.has_rank_col,5969,5,"hitab,sqa,tab_fact,tablebench,wtq",0.7077818550464953,0.7110047605267145,0.00322290548021901,0.005378039733621443,-0.007318052397679018,0.013763863358117039,-0.0003812730625743484,0.0036041785427933584,0.09046741497738314,0.08661417322834646,0.8229184117942704,-0.013109660938906939,0.018892080685873204,-0.050138139083218417,0.023918817205404536,-0.001880978932067473,-0.011228682006839465
reason.evidence_table | schema.has_score_col,reason.evidence_table,reason,schema.has_score_col,schema.has_score_col,7708,5,"hitab,sqa,tab_fact,tablebench,wtq",0.7331269280831327,0.7329773389298528,-0.000149589153280119,0.004918481950186162,-0.009789813775644998,0.009490635469084758,-0.0003812730625743484,0.00023168390929422937,0.09366891541255838,0.09379865075246498,0.8125324338349766,-0.01693981346521483,0.008440468709103827,-0.03348313213505833,-0.00039649479537132853,-0.001880978932067473,-0.015058834533147356
reason.evidence_table | schema.has_unit_col,reason.evidence_table,reason,schema.has_unit_col,schema.has_unit_col,1848,5,"hitab,sqa,tab_fact,tablebench,wtq",0.6417422229323327,0.6375223547405087,-0.004219868191824141,0.009017209584124504,-0.02189359897670817,0.013453862593059886,-0.0003812730625743484,-0.0038385951292497925,0.0882034632034632,0.08603896103896104,0.8257575757575758,-0.009098818574717107,0.0097274687514774,-0.028164657327612815,0.009967020178178599,-0.001880978932067473,-0.007217839642649634
reason.evidence_table | schema.header_repetition_marker,reason.evidence_table,reason,schema.header_repetition_marker,schema.header_repetition_marker,1388,5,"hitab,sqa,tab_fact,tablebench,wtq",0.570350486939888,0.5646828684910542,-0.005667618448833598,0.011166129588717117,-0.027553232442719146,0.01621799554505195,-0.0003812730625743484,-0.00528634538625925,0.08645533141210375,0.09221902017291066,0.8213256484149856,0.045212964742844586,0.0476701719463494,-0.04822057227200023,0.1386465017576894,-0.001880978932067473,0.047093943674912056
reason.evidence_table | table.cols_bin=0_3,reason.evidence_table,reason,table.cols_bin=0_3,table.cols_bin=0_3,136,3,"hitab,sqa,wtq",0.6985294117647058,0.6691176470588235,-0.029411764705882353,0.031208722578596918,-0.09058086095993231,0.03175733154816761,-0.0003812730625743484,-0.029030491643308003,0.051470588235294115,0.08088235294117647,0.8676470588235294,0.007970222923493949,0.06984285643538024,-0.12892177568985133,0.14486222153683923,-0.001880978932067473,0.009851201855561422
reason.evidence_table | table.cols_bin=4_6,reason.evidence_table,reason,table.cols_bin=4_6,table.cols_bin=4_6,14136,5,"hitab,sqa,tab_fact,tablebench,wtq",0.7079782132289401,0.7064221690286472,-0.0015560442002927539,0.0035264917982456394,-0.008467968124854206,0.005355879724268699,-0.0003812730625743484,-0.0011747711377184055,0.08977079796264856,0.09083191850594227,0.8193972835314092,-0.005244710569833886,0.0059100023273079205,-0.01682831513135741,0.006338893991689638,-0.001880978932067473,-0.0033637316377664135
reason.evidence_table | table.cols_bin=7_10,reason.evidence_table,reason,table.cols_bin=7_10,table.cols_bin=7_10,6755,5,"hitab,sqa,tab_fact,tablebench,wtq",0.690146935080706,0.6918719079046106,0.0017249728239042911,0.005132679806226198,-0.008335079596299057,0.011785025244107638,-0.0003812730625743484,0.0021062458864786393,0.092820133234641,0.09089563286454479,0.8162842339008142,0.006071397847570005,0.005861120396009345,-0.005416398128608311,0.01755919382374832,-0.001880978932067473,0.007952376779637478
reason.evidence_table | table.cols_bin=gt_10,reason.evidence_table,reason,table.cols_bin=gt_10,table.cols_bin=gt_10,794,4,"hitab,tab_fact,tablebench,wtq",0.6371701514557347,0.6447574183215156,0.007587266865780831,0.015435642801683755,-0.02266659302551933,0.03784112675708099,-0.0003812730625743484,0.00796853992835518,0.10327455919395466,0.09571788413098237,0.801007556675063,0.04045155340098183,0.033457435305185,-0.025125019797180778,0.10602812659914444,-0.001880978932067473,0.0423325323330493
reason.evidence_table | table.numeric_cols_bin=0,reason.evidence_table,reason,table.numeric_cols_bin=0,table.numeric_cols_bin=0,3898,5,"hitab,sqa,tab_fact,tablebench,wtq",0.7147255002565418,0.7039507439712673,-0.0107747562852745,0.0070897659473867876,-0.024670697542152606,0.003121184971603604,-0.0003812730625743484,-0.010393483222700152,0.09261159569009748,0.10338635197537198,0.8040020523345305,-0.04009672497897567,0.02900613797255488,-0.09694875540518325,0.016755305447231895,-0.001880978932067473,-0.0382157460469082
reason.evidence_table | table.numeric_cols_bin=1,reason.evidence_table,reason,table.numeric_cols_bin=1,table.numeric_cols_bin=1,7480,5,"hitab,sqa,tab_fact,tablebench,wtq",0.7276737967914438,0.7251336898395722,-0.0025401069518716578,0.004859268645364425,-0.01206427349678593,0.006984059593042614,-0.0003812730625743484,-0.002158833889297309,0.08703208556149733,0.08957219251336898,0.8233957219251337,0.00034532885667775944,0.016420642517955084,-0.0318391304785142,0.032529788191869725,-0.001880978932067473,0.0022263077887452326
reason.evidence_table | table.numeric_cols_bin=2_3,reason.evidence_table,reason,table.numeric_cols_bin=2_3,table.numeric_cols_bin=2_3,5634,5,"hitab,sqa,tab_fact,tablebench,wtq",0.7163946640610706,0.7133772681749453,-0.0030173958861252612,0.005402140893552602,-0.013605592037488361,0.007570800265237839,-0.0003812730625743484,-0.0026361228235509127,0.08306709265175719,0.08519701810436635,0.8317358892438764,-0.008034208388784478,0.008180552223012793,-0.024068090745889552,0.007999673968320596,-0.001880978932067473,-0.006153229456717005
reason.evidence_table | table.numeric_cols_bin=ge_4,reason.evidence_table,reason,table.numeric_cols_bin=ge_4,table.numeric_cols_bin=ge_4,4809,5,"hitab,sqa,tab_fact,tablebench,wtq",0.625008968935381,0.6394985195538041,0.014489550618422721,0.0060370973895618124,0.00265683973488157,0.026322261501963873,-0.0003812730625743484,0.01487082368099707,0.10501143688916614,0.08983156581409857,0.8051569972967353,0.015587320800987906,0.008572203950211424,-0.001214198941426485,0.0323888405434023,-0.001880978932067473,0.01746829973305538
reason.evidence_table | table.numeric_density_bin=high,reason.evidence_table,reason,table.numeric_density_bin=high,table.numeric_density_bin=high,5196,5,"hitab,sqa,tab_fact,tablebench,wtq",0.6333840769151432,0.6444465727987453,0.011062495883602072,0.005740926588370967,-0.00018972022960502335,0.022314711996809167,-0.0003812730625743484,0.01144376894617642,0.10142417244033872,0.08910700538876058,0.8094688221709007,0.011829440405086818,0.011705622356435543,-0.011113579413526847,0.03477246022370048,-0.001880978932067473,0.013710419337154292
reason.evidence_table | table.numeric_density_bin=low,reason.evidence_table,reason,table.numeric_density_bin=low,table.numeric_density_bin=low,7327,5,"hitab,sqa,tab_fact,tablebench,wtq",0.7319503207315409,0.7296301351166917,-0.002320185614849188,0.0049230643425504615,-0.011969391726248092,0.007329020496549717,-0.0003812730625743484,-0.0019389125522748395,0.08762112733724581,0.089941312952095,0.8224375597106592,0.004063880636284902,0.014511987996178206,-0.02437961583622438,0.032507377108794186,-0.001880978932067473,0.005944859568352375
reason.evidence_table | table.numeric_density_bin=mid,reason.evidence_table,reason,table.numeric_density_bin=mid,table.numeric_density_bin=mid,5400,5,"hitab,sqa,tab_fact,tablebench,wtq",0.7094022231998584,0.7081428735499269,-0.0012593496499317092,0.0055549514891535205,-0.012147054568672608,0.00962835526880919,-0.0003812730625743484,-0.0008780765873573609,0.08425925925925926,0.08518518518518518,0.8305555555555556,0.008954550057103166,0.013201437509859072,-0.01692026746222061,0.03482936757642695,-0.001880978932067473,0.01083552898917064
reason.evidence_table | table.numeric_density_bin=none,reason.evidence_table,reason,table.numeric_density_bin=none,table.numeric_density_bin=none,3898,5,"hitab,sqa,tab_fact,tablebench,wtq",0.7147255002565418,0.7039507439712673,-0.0107747562852745,0.0070897659473867876,-0.024670697542152606,0.003121184971603604,-0.0003812730625743484,-0.010393483222700152,0.09261159569009748,0.10338635197537198,0.8040020523345305,-0.04009672497897567,0.02900613797255488,-0.09694875540518325,0.016755305447231895,-0.001880978932067473,-0.0382157460469082
reason.evidence_table | table.rows_bin=0_5,reason.evidence_table,reason,table.rows_bin=0_5,table.rows_bin=0_5,1332,3,"hitab,tab_fact,wtq",0.8145645645645646,0.8063063063063063,-0.008258258258258258,0.010907031815967241,-0.029636040617554052,0.013119524101037535,-0.0003812730625743484,-0.00787698519568391,0.07507507507507508,0.08333333333333333,0.8415915915915916,-0.0976285334851072,0.0940656589524762,-0.28199722503196056,0.08674015806174618,-0.001880978932067473,-0.09574755455303972
reason.evidence_table | table.rows_bin=11_25,reason.evidence_table,reason,table.rows_bin=11_25,table.rows_bin=11_25,9391,5,"hitab,sqa,tab_fact,tablebench,wtq",0.6920587245946037,0.6819483189239756,-0.010110405670628332,0.004429796965627695,-0.018792807723258614,-0.001428003617998051,-0.0003812730625743484,-0.009729132608053984,0.0899797678628474,0.09956341177723352,0.8104568203599191,-0.013265057917580658,0.006077141974654795,-0.025176256187904054,-0.0013538596472572606,-0.001880978932067473,-0.011384078985513184
reason.evidence_table | table.rows_bin=26_50,reason.evidence_table,reason,table.rows_bin=26_50,table.rows_bin=26_50,2976,5,"hitab,sqa,tab_fact,tablebench,wtq",0.6262433851148362,0.6275436636139591,0.0013002784991229688,0.007832862119201665,-0.014052131254512296,0.016652688252758233,-0.0003812730625743484,0.0016815515616973172,0.09576612903225806,0.09307795698924731,0.8111559139784946,-0.00045849577856595813,0.006868495390019871,-0.013920746743004905,0.01300375518587299,-0.001880978932067473,0.0014224831535015149
reason.evidence_table | table.rows_bin=6_10,reason.evidence_table,reason,table.rows_bin=6_10,table.rows_bin=6_10,7702,5,"hitab,sqa,tab_fact,tablebench,wtq",0.728383779818312,0.7413359261882222,0.012952146369909866,0.00466372275233928,0.003811249775324878,0.022093042964494852,-0.0003812730625743484,0.013333419432484214,0.09335237600623214,0.08049857179953258,0.8261490521942353,0.01381874506511015,0.007890496614685395,-0.0016466282996732227,0.02928411842989352,-0.001880978932067473,0.015699723997177624
reason.evidence_table | table.rows_bin=gt_50,reason.evidence_table,reason,table.rows_bin=gt_50,table.rows_bin=gt_50,420,3,"hitab,tablebench,wtq",0.5071428571428571,0.4928571428571429,-0.014285714285714285,0.021041509383595433,-0.05552707267756133,0.026955644106132763,-0.0003812730625743484,-0.013904441223139937,0.08571428571428572,0.1,0.8142857142857143,-0.13381636537285538,0.102887112570312,-0.3354751060106669,0.06784237526495612,-0.001880978932067473,-0.1319353864407879
reason.evidence_table | table.shape=balanced,reason.evidence_table,reason,table.shape=balanced,table.shape=balanced,11104,5,"hitab,sqa,tab_fact,tablebench,wtq",0.6726889155012101,0.6660253952063728,-0.006663520294837479,0.004078649844272232,-0.014657673989611052,0.001330633399936095,-0.0003812730625743484,-0.006282247232263131,0.09212896253602305,0.09771253602305476,0.8101585014409222,-0.01473020622474049,0.006385325434719667,-0.02724544407679104,-0.002214968372689941,-0.001880978932067473,-0.012849227292673016
reason.evidence_table | table.shape=tall,reason.evidence_table,reason,table.shape=tall,table.shape=tall,313,3,"hitab,tablebench,wtq",0.5175718849840255,0.5079872204472844,-0.009584664536741214,0.0232900611359957,-0.05523318436329279,0.03606385528981036,-0.0003812730625743484,-0.009203391474166865,0.07987220447284345,0.08945686900958466,0.8306709265175719,-0.09421702404158544,0.07880401421981047,-0.24867289191241396,0.06023884382924308,-0.001880978932067473,-0.09233604510951797
reason.evidence_table | table.shape=wide,reason.evidence_table,reason,table.shape=wide,table.shape=wide,10404,5,"hitab,sqa,tab_fact,tablebench,wtq",0.734265470127343,0.7408660054844598,0.00660053535711654,0.004021103888934001,-0.0012808282651941014,0.014481898979427182,-0.0003812730625743484,0.006981808419690888,0.09006151480199923,0.08381391772395233,0.8261245674740484,0.014908073145736455,0.010901515142110761,-0.006458896532800636,0.036275042824273546,-0.001880978932067473,0.01678905207780393
reason.evidence_table | text.has_number,reason.evidence_table,reason,text.has_number,text.has_number,12651,5,"hitab,sqa,tab_fact,tablebench,wtq",0.7280937936167505,0.7286535278222441,0.0005597342054936294,0.0037820243848746956,-0.006853033588860774,0.007972501999848032,-0.0003812730625743484,0.0009410072680679778,0.090901904987748,0.09034858904434433,0.8187495059679076,-0.008142876251580295,0.012077568873786039,-0.03181491124420093,0.015529158741040341,-0.001880978932067473,-0.006261897319512822
reason.evidence_table | text.has_ordinal,reason.evidence_table,reason,text.has_ordinal,text.has_ordinal,2149,5,"hitab,sqa,tab_fact,tablebench,wtq",0.7261739386308269,0.7331607724523034,0.006986833821476474,0.008987897581233925,-0.010629445437742017,0.024603113080694967,-0.0003812730625743484,0.007368106884050822,0.09073987901349465,0.0832945556072592,0.8259655653792461,0.023308611185679153,0.017970692965855035,-0.011913947027396718,0.05853116939875502,-0.001880978932067473,0.025189590117746626
reason.evidence_table | text.has_quoted_span,reason.evidence_table,reason,text.has_quoted_span,text.has_quoted_span,367,5,"hitab,sqa,tab_fact,tablebench,wtq",0.4543879258673691,0.460592955939117,0.00620503007174787,0.01853398167097003,-0.030121574003353385,0.04253163414684913,-0.0003812730625743484,0.006586303134322218,0.07629427792915532,0.0681198910081744,0.8555858310626703,0.025648337085464108,0.025419160588281826,-0.02417321766756827,0.07546989183849648,-0.001880978932067473,0.027529316017531582
reason.evidence_table | text.has_year,reason.evidence_table,reason,text.has_year,text.has_year,5072,5,"hitab,sqa,tab_fact,tablebench,wtq",0.7036441163289773,0.7091637988720008,0.005519682543023498,0.00586208008417851,-0.00596999442196638,0.017009359508013376,-0.0003812730625743484,0.0059009556055978464,0.08990536277602523,0.0845820189274448,0.82551261829653,0.004741143303234427,0.009496052544576748,-0.013871119684135999,0.023353406290604853,-0.001880978932067473,0.0066221222353019
reason.extract_compute | cell.has_comma_number,reason.extract_compute,reason,cell.has_comma_number,cell.has_comma_number,1700,4,"hitab,sqa,tablebench,wtq",0.5838716838508384,0.5982268816171015,0.01435519776626306,0.010015179252462357,-0.00527455356856316,0.033984949101089276,0.015474554217404035,-0.0011193564511409754,0.09529411764705882,0.07882352941176471,0.8258823529411765,-0.019306361464439807,0.041356020835101585,-0.1003641623012389,0.061751439372359294,0.013407605591187779,-0.03271396705562758
reason.extract_compute | cell.has_currency,reason.extract_compute,reason,cell.has_currency,cell.has_currency,230,3,"hitab,sqa,wtq",0.591304347826087,0.5869565217391305,-0.004347826086956522,0.028571340126539578,-0.0603476527349741,0.05165200056106105,0.015474554217404035,-0.019822380304360558,0.09130434782608696,0.09565217391304348,0.8130434782608695,0.0027671349510429966,0.025033050657869784,-0.04629764433838178,0.05183191424046778,0.013407605591187779,-0.010640470640144782
reason.extract_compute | cell.has_date_like,reason.extract_compute,reason,cell.has_date_like,cell.has_date_like,16689,5,"hitab,sqa,tab_fact,tablebench,wtq",0.7023248207872709,0.7130635068212458,0.010738686033975188,0.0032119120643806804,0.004443338387789054,0.01703403368016132,0.015474554217404035,-0.0047358681834288475,0.09443345916471928,0.08256935706153753,0.8229971837737432,0.005756421058114494,0.009662756060198856,-0.013182580819875264,0.02469542293610425,0.013407605591187779,-0.007651184533073284
reason.extract_compute | cell.has_numeric_range,reason.extract_compute,reason,cell.has_numeric_range,cell.has_numeric_range,6989,5,"hitab,sqa,tab_fact,tablebench,wtq",0.7023066553480115,0.7122851111015442,0.009978455753532617,0.005048144981407905,8.409158997312385e-05,0.01987281991709211,0.015474554217404035,-0.005496098463871418,0.09643725854914867,0.08570610960080126,0.8178566318500501,0.012490679931576138,0.009891096102977096,-0.0068958684302589685,0.03187722829341125,0.013407605591187779,-0.0009169256596116403
reason.extract_compute | cell.has_percent,reason.extract_compute,reason,cell.has_percent,cell.has_percent,755,5,"hitab,sqa,tab_fact,tablebench,wtq",0.6478078781977239,0.6560826591846065,0.0082747809868826,0.014525794216331947,-0.020195775677128013,0.03674533765089322,0.015474554217404035,-0.007199773230521435,0.09006622516556291,0.0847682119205298,0.8251655629139073,0.008447461140009629,0.013837084498390693,-0.01867322447683613,0.035568146756855386,0.013407605591187779,-0.00496014445117815
reason.extract_compute | cell.has_score_surface,reason.extract_compute,reason,cell.has_score_surface,cell.has_score_surface,5483,5,"hitab,sqa,tab_fact,tablebench,wtq",0.7345022546177212,0.7525946806607758,0.018092426043054565,0.005725189409682787,0.006871054800076302,0.02931379728603283,0.015474554217404035,0.0026178718256505296,0.09939813970454131,0.08097756702535108,0.8196242932701076,0.026670223103032364,0.0354211823402916,-0.04275529428393918,0.09609574049000391,0.013407605591187779,0.013262617511844585
reason.extract_compute | cell.missing_value_marker,reason.extract_compute,reason,cell.missing_value_marker,cell.missing_value_marker,5277,5,"hitab,sqa,tab_fact,tablebench,wtq",0.6049463208499128,0.6135134351756096,0.008567114325696784,0.005605914034757116,-0.0024204771824271627,0.019554705833820733,0.015474554217404035,-0.006907439891707251,0.08944476028046239,0.07978017813151411,0.8307750615880235,0.01333066730623531,0.0114164437715457,-0.009045562485994264,0.03570689709846488,0.013407605591187779,-7.693828495246822e-05
reason.extract_compute | grounding.cell_overlap,reason.extract_compute,reason,grounding.cell_overlap,grounding.cell_overlap,17562,5,"hitab,sqa,tab_fact,tablebench,wtq",0.7260619870284964,0.7404137442367147,0.014351757208218342,0.003118887164666164,0.008238738365472661,0.02046477605096402,0.015474554217404035,-0.001122797009185694,0.09344038264434575,0.07880651406445735,0.8277531032911969,0.011779635427522719,0.005873971728363703,0.00026665083992986026,0.023292620015115575,0.013407605591187779,-0.00162797016366506
reason.extract_compute | grounding.header_overlap,reason.extract_compute,reason,grounding.header_overlap,grounding.header_overlap,15577,5,"hitab,sqa,tab_fact,tablebench,wtq",0.7204964192739578,0.7353686326242324,0.014872213350274522,0.0032564119466260213,0.008489645934887519,0.021254780765661525,0.015474554217404035,-0.0006023408671295138,0.09199460743403737,0.0764588816845349,0.8315465108814277,0.01337469967433641,0.0070898710584757045,-0.0005214476002759708,0.02727084694894879,0.013407605591187779,-3.290591685136887e-05
reason.extract_compute | intent.aggregate_noncount,reason.extract_compute,reason,intent.aggregate_noncount,intent.aggregate_noncount,1666,5,"hitab,sqa,tab_fact,tablebench,wtq",0.5785526452229557,0.603132472034991,0.02457982681203534,0.009494699603195548,0.005970215589772069,0.043189438034298616,0.015474554217404035,0.009105272594631305,0.09003601440576231,0.06482593037214886,0.8451380552220888,0.00886593633310199,0.019112227514892173,-0.028594029596086673,0.04632590226229065,0.013407605591187779,-0.004541669258085789
reason.extract_compute | intent.arithmetic,reason.extract_compute,reason,intent.arithmetic,intent.arithmetic,1028,5,"hitab,sqa,tab_fact,tablebench,wtq",0.5672888494659634,0.5854850899455626,0.0181962404795992,0.012419889003264142,-0.00614674196679852,0.04253922292599692,0.015474554217404035,0.002721686262195164,0.09046692607003891,0.07198443579766536,0.8375486381322957,0.006039936891330025,0.03844613571673006,-0.06931448911346089,0.08139436289612093,0.013407605591187779,-0.007367668699857754
reason.extract_compute | intent.comparison,reason.extract_compute,reason,intent.comparison,intent.comparison,1187,5,"hitab,sqa,tab_fact,tablebench,wtq",0.6849199663016007,0.6874473462510531,0.002527379949452401,0.013299195101585436,-0.023539042449655052,0.028593802348559856,0.015474554217404035,-0.012947174267951635,0.10614995787700084,0.10362257792754845,0.7902274641954508,-0.008032770768619826,0.01940535537732324,-0.046067267308173385,0.03000172577093373,0.013407605591187779,-0.021440376359807604
reason.extract_compute | intent.count,reason.extract_compute,reason,intent.count,intent.count,2966,5,"hitab,sqa,tab_fact,tablebench,wtq",0.5151173049551246,0.5364051548747714,0.021287849919646724,0.007980921600176221,0.005645243583301332,0.03693045625599212,0.015474554217404035,0.005813295702242689,0.10654079568442347,0.08496291301416048,0.8084962913014161,0.007764525919783242,0.012594323139876299,-0.016920347434374303,0.03244939927394079,0.013407605591187779,-0.005643079671404537
reason.extract_compute | intent.negation_marker,reason.extract_compute,reason,intent.negation_marker,intent.negation_marker,1180,5,"hitab,sqa,tab_fact,tablebench,wtq",0.6341562269712602,0.6595799557848195,0.025423728813559324,0.01396293738856375,-0.001943628468025628,0.052791086095144275,0.015474554217404035,0.009949174596155288,0.12796610169491526,0.10254237288135593,0.7694915254237288,0.03267361019475461,0.018836120721751306,-0.00424518641987795,0.06959240680938716,0.013407605591187779,0.019266004603566828
reason.extract_compute | intent.superlative_rank,reason.extract_compute,reason,intent.superlative_rank,intent.superlative_rank,4698,5,"hitab,sqa,tab_fact,tablebench,wtq",0.6844846613482763,0.7080584445624345,0.023573783214158168,0.006338040680892897,0.01115122347960809,0.035996342948708245,0.015474554217404035,0.008099228996754132,0.10664112388250319,0.08322690506598553,0.8101319710515112,0.024702272061203515,0.0072107299262895485,0.010569241405676,0.03883530271673103,0.013407605591187779,0.011294666470015736
reason.extract_compute | intent.temporal,reason.extract_compute,reason,intent.temporal,intent.temporal,8618,5,"hitab,sqa,tab_fact,tablebench,wtq",0.7037630208586506,0.7269111325517879,0.023148111693137227,0.004447292539567301,0.014431418315585318,0.03186480507068914,0.015474554217404035,0.007673557475733192,0.09758644697145509,0.07484335112555117,0.8275702019029937,0.02362349876919595,0.008812872473666257,0.006350268720810088,0.040896728817581815,0.013407605591187779,0.010215893178008171
reason.extract_compute | schema.has_date_col,reason.extract_compute,reason,schema.has_date_col,schema.has_date_col,11385,5,"hitab,sqa,tab_fact,tablebench,wtq",0.7093825284903342,0.721988713890322,0.012606185399987516,0.003946516501002621,0.004871013058022379,0.020341357741952653,0.015474554217404035,-0.0028683688174165195,0.09653052261747914,0.08317962231005709,0.8202898550724638,0.010844140515715184,0.009241908204597455,-0.007269999565295827,0.028958280596726196,0.013407605591187779,-0.0025634650754725943
reason.extract_compute | schema.has_rank_col,reason.extract_compute,reason,schema.has_rank_col,schema.has_rank_col,5969,5,"hitab,sqa,tab_fact,tablebench,wtq",0.7077818550464953,0.7297274747098399,0.021945619663344504,0.005105549998132567,0.011938741667004673,0.03195249765968433,0.015474554217404035,0.006471065445940468,0.0919752052270062,0.06835315798291171,0.839671636790082,0.038708051283658805,0.011754668119469956,0.015668901769497694,0.061747200797819916,0.013407605591187779,0.025300445692471026
reason.extract_compute | schema.has_score_col,reason.extract_compute,reason,schema.has_score_col,schema.has_score_col,7708,5,"hitab,sqa,tab_fact,tablebench,wtq",0.7331269280831327,0.7497224866930795,0.01659555860994687,0.004763471286466238,0.007259154888473044,0.0259319623314207,0.015474554217404035,0.0011210043925428351,0.0962636222106902,0.07991696938245978,0.82381940840685,0.005776461530874663,0.01382423060374707,-0.021319030452469592,0.03287195351421892,0.013407605591187779,-0.007631144060313116
reason.extract_compute | schema.has_unit_col,reason.extract_compute,reason,schema.has_unit_col,schema.has_unit_col,1848,5,"hitab,sqa,tab_fact,tablebench,wtq",0.6417422229323327,0.65671441545911,0.014972192526777377,0.00853019976511036,-0.001746999012838927,0.031691384066393685,0.015474554217404035,-0.0005023616906266581,0.08982683982683982,0.06872294372294373,0.8414502164502164,0.010690109134295852,0.01082929927440963,-0.010535317443547021,0.031915535712138725,0.013407605591187779,-0.002717496456891927
reason.extract_compute | schema.header_repetition_marker,reason.extract_compute,reason,schema.header_repetition_marker,schema.header_repetition_marker,1388,5,"hitab,sqa,tab_fact,tablebench,wtq",0.570350486939888,0.5612511442014978,-0.009099342738389958,0.010762795301917084,-0.03019442153014744,0.011995736053367524,0.015474554217404035,-0.024573896955793994,0.07997118155619597,0.08645533141210375,0.8335734870317003,0.02618105130137697,0.051887673661636026,-0.07551878907542964,0.1278808916781836,0.013407605591187779,0.01277344571018919
reason.extract_compute | table.cols_bin=0_3,reason.extract_compute,reason,table.cols_bin=0_3,table.cols_bin=0_3,136,3,"hitab,sqa,wtq",0.6985294117647058,0.6764705882352942,-0.022058823529411766,0.028519976878017366,-0.07795797821032581,0.03384033115150227,0.015474554217404035,-0.0375333777468158,0.04411764705882353,0.0661764705882353,0.8897058823529411,0.04719423878302383,0.05473570934582115,-0.06008775153478562,0.15447622910083328,0.013407605591187779,0.03378663319183606
reason.extract_compute | table.cols_bin=4_6,reason.extract_compute,reason,table.cols_bin=4_6,table.cols_bin=4_6,14136,5,"hitab,sqa,tab_fact,tablebench,wtq",0.7079782132289401,0.7240480198469222,0.016069806617981467,0.0034387089447776714,0.009329937086217231,0.022809676149745703,0.015474554217404035,0.0005952524005774316,0.09415676287492926,0.07788624787775891,0.8279569892473119,0.009770889134281566,0.006089455727674686,-0.002164444091960817,0.021706222360523948,0.013407605591187779,-0.0036367164569062124
reason.extract_compute | table.cols_bin=7_10,reason.extract_compute,reason,table.cols_bin=7_10,table.cols_bin=7_10,6755,5,"hitab,sqa,tab_fact,tablebench,wtq",0.690146935080706,0.7059074521354978,0.01576051705479155,0.005019822868577792,0.005921664232379078,0.025599369877204025,0.015474554217404035,0.00028596283738751595,0.09696521095484827,0.07890451517394523,0.8241302738712065,0.023524738859474627,0.010719543631519904,0.002514433341695616,0.04453504437725364,0.013407605591187779,0.010117133268286848
reason.extract_compute | table.cols_bin=gt_10,reason.extract_compute,reason,table.cols_bin=gt_10,table.cols_bin=gt_10,794,4,"hitab,tab_fact,tablebench,wtq",0.6371701514557347,0.6460431596686699,0.008873008212935136,0.015693354971805813,-0.021885967531804256,0.03963198395767453,0.015474554217404035,-0.006601546004468899,0.10579345088161209,0.09949622166246852,0.7947103274559194,0.01453826032791296,0.012019215884501094,-0.009019402805709184,0.038095923461535106,0.013407605591187779,0.001130654736725181
reason.extract_compute | table.numeric_cols_bin=0,reason.extract_compute,reason,table.numeric_cols_bin=0,table.numeric_cols_bin=0,3898,5,"hitab,sqa,tab_fact,tablebench,wtq",0.7147255002565418,0.7180605438686506,0.0033350436121087736,0.006812320684560893,-0.010017104929630576,0.016687192153848125,0.015474554217404035,-0.012139510605295261,0.09209851205746537,0.0887634684453566,0.819138019497178,-0.015461636652615008,0.015624382137737819,-0.04608542564258113,0.015162152337351117,0.013407605591187779,-0.028869242243802787
reason.extract_compute | table.numeric_cols_bin=1,reason.extract_compute,reason,table.numeric_cols_bin=1,table.numeric_cols_bin=1,7480,5,"hitab,sqa,tab_fact,tablebench,wtq",0.7276737967914438,0.7477272727272727,0.020053475935828877,0.004747703582401014,0.01074797691432289,0.029358974957334867,0.015474554217404035,0.004578921718424842,0.0945187165775401,0.07446524064171123,0.8310160427807487,0.020769332337053983,0.0071516448658632565,0.006752108399962001,0.034786556274145966,0.013407605591187779,0.007361726745866205
reason.extract_compute | table.numeric_cols_bin=2_3,reason.extract_compute,reason,table.numeric_cols_bin=2_3,table.numeric_cols_bin=2_3,5634,5,"hitab,sqa,tab_fact,tablebench,wtq",0.7163946640610706,0.7281823788423298,0.011787714781259487,0.005397579250911145,0.0012084594494736443,0.02236697011304533,0.015474554217404035,-0.0036868394361445483,0.09052183173588925,0.07756478523251686,0.8319133830315939,0.008195924223339462,0.009053520432452476,-0.009548975824267392,0.025940824270946315,0.013407605591187779,-0.005211681367848317
reason.extract_compute | table.numeric_cols_bin=ge_4,reason.extract_compute,reason,table.numeric_cols_bin=ge_4,table.numeric_cols_bin=ge_4,4809,5,"hitab,sqa,tab_fact,tablebench,wtq",0.625008968935381,0.6475205643814945,0.02251159544611302,0.005848985587116587,0.011047583695364509,0.03397560719686153,0.015474554217404035,0.007037041228708985,0.10397171969224371,0.07943439384487419,0.8165938864628821,0.027680722417356824,0.010625752034631644,0.0068542484294788035,0.04850719640523485,0.013407605591187779,0.014273116826169045
reason.extract_compute | table.numeric_density_bin=high,reason.extract_compute,reason,table.numeric_density_bin=high,table.numeric_density_bin=high,5196,5,"hitab,sqa,tab_fact,tablebench,wtq",0.6333840769151432,0.6513637346606861,0.01797965774554286,0.005581380158248113,0.007040152635376558,0.02891916285570916,0.015474554217404035,0.002505103528138824,0.09988452655889145,0.0804464973056197,0.8196689761354888,0.023427619198517702,0.011581044466119152,0.0007287720449241641,0.04612646635211124,0.013407605591187779,0.010020013607329924
reason.extract_compute | table.numeric_density_bin=low,reason.extract_compute,reason,table.numeric_density_bin=low,table.numeric_density_bin=low,7327,5,"hitab,sqa,tab_fact,tablebench,wtq",0.7319503207315409,0.7520131022246486,0.020062781493107685,0.004821915256595029,0.010611827590181429,0.02951373539603394,0.015474554217404035,0.004588227275703649,0.09540057322232838,0.07533779172922069,0.829261635048451,0.02652089584957463,0.012756178021500964,0.0015187869274327394,0.05152300477171652,0.013407605591187779,0.01311329025838685
reason.extract_compute | table.numeric_density_bin=mid,reason.extract_compute,reason,table.numeric_density_bin=mid,table.numeric_density_bin=mid,5400,5,"hitab,sqa,tab_fact,tablebench,wtq",0.7094022231998584,0.725003694668772,0.01560147146891348,0.005518740400298761,0.004784740284327908,0.026418202653499052,0.015474554217404035,0.00012691725150944418,0.09240740740740741,0.07518518518518519,0.8324074074074074,0.0205482959280305,0.022913978526312682,-0.024363101983542357,0.06545969383960336,0.013407605591187779,0.007140690336842722
reason.extract_compute | table.numeric_density_bin=none,reason.extract_compute,reason,table.numeric_density_bin=none,table.numeric_density_bin=none,3898,5,"hitab,sqa,tab_fact,tablebench,wtq",0.7147255002565418,0.7180605438686506,0.0033350436121087736,0.006812320684560893,-0.010017104929630576,0.016687192153848125,0.015474554217404035,-0.012139510605295261,0.09209851205746537,0.0887634684453566,0.819138019497178,-0.015461636652615008,0.015624382137737819,-0.04608542564258113,0.015162152337351117,0.013407605591187779,-0.028869242243802787
reason.extract_compute | table.rows_bin=0_5,reason.extract_compute,reason,table.rows_bin=0_5,table.rows_bin=0_5,1332,3,"hitab,tab_fact,wtq",0.8145645645645646,0.8220720720720721,0.0075075075075075074,0.010458651115369543,-0.012991448678616797,0.028006463693631814,0.015474554217404035,-0.007967046709896529,0.07657657657657657,0.06906906906906907,0.8543543543543544,-0.04469740087269967,0.04914504808621056,-0.14102169512167237,0.05162689337627304,0.013407605591187779,-0.05810500646388744
reason.extract_compute | table.rows_bin=11_25,reason.extract_compute,reason,table.rows_bin=11_25,table.rows_bin=11_25,9391,5,"hitab,sqa,tab_fact,tablebench,wtq",0.6920587245946037,0.6999849323080632,0.00792620771345943,0.004316773305270144,-0.000534667964870051,0.01638708339178891,0.015474554217404035,-0.007548346503944606,0.09477158982004047,0.08561388563518262,0.8196145245447769,0.0051192981066879575,0.005213547618064537,-0.005099255224718535,0.01533785143809445,0.013407605591187779,-0.00828830748449982
reason.extract_compute | table.rows_bin=26_50,reason.extract_compute,reason,table.rows_bin=26_50,table.rows_bin=26_50,2976,5,"hitab,sqa,tab_fact,tablebench,wtq",0.6262433851148362,0.6349772701988632,0.00873388508402705,0.007989738315199512,-0.006926002013763994,0.024393772181818093,0.015474554217404035,-0.006740669133376986,0.1028225806451613,0.09274193548387097,0.8044354838709677,0.013977338409818916,0.009579380137704301,-0.0047982466600815146,0.032752923479719344,0.013407605591187779,0.0005697328186311367
reason.extract_compute | table.rows_bin=6_10,reason.extract_compute,reason,table.rows_bin=6_10,table.rows_bin=6_10,7702,5,"hitab,sqa,tab_fact,tablebench,wtq",0.728383779818312,0.758407564410731,0.030023784592419042,0.004512309422619941,0.02117965812408396,0.03886791106075413,0.015474554217404035,0.014549230375015007,0.09672812256556738,0.0666060763438068,0.8366658010906258,0.02850848076355238,0.005062813307025419,0.01858536668178256,0.0384315948453222,0.013407605591187779,0.015100875172364601
reason.extract_compute | table.rows_bin=gt_50,reason.extract_compute,reason,table.rows_bin=gt_50,table.rows_bin=gt_50,420,3,"hitab,tablebench,wtq",0.5071428571428571,0.4976190476190476,-0.009523809523809525,0.019938806366704302,-0.048603870002549954,0.029556250954930904,0.015474554217404035,-0.02499836374121356,0.07857142857142857,0.0880952380952381,0.8333333333333334,-0.02164368313647888,0.028253451552847864,-0.0770204481800607,0.03373308190710293,0.013407605591187779,-0.03505128872766666
reason.extract_compute | table.shape=balanced,reason.extract_compute,reason,table.shape=balanced,table.shape=balanced,11104,5,"hitab,sqa,tab_fact,tablebench,wtq",0.6726889155012101,0.6836578792516851,0.01096896375047456,0.003984833356346699,0.00315869037203503,0.01877923712891409,0.015474554217404035,-0.004505590466929476,0.09690201729106629,0.08456412103746398,0.8185338616714697,0.007069498255981199,0.0047119585305060606,-0.00216594046381068,0.01630493697577308,0.013407605591187779,-0.0063381073352065794
reason.extract_compute | table.shape=tall,reason.extract_compute,reason,table.shape=tall,table.shape=tall,313,3,"hitab,tablebench,wtq",0.5175718849840255,0.5175718849840255,0.0,0.022170278714856547,-0.04345374628111883,0.04345374628111883,0.015474554217404035,-0.015474554217404035,0.07667731629392971,0.07667731629392971,0.8466453674121406,-0.09513753519601471,0.0814958728229036,-0.25486944592890576,0.06459437553687634,0.013407605591187779,-0.1085451407872025
reason.extract_compute | table.shape=wide,reason.extract_compute,reason,table.shape=wide,table.shape=wide,10404,5,"hitab,sqa,tab_fact,tablebench,wtq",0.734265470127343,0.755014304622989,0.020748834495646296,0.003935515808781195,0.013035223510435153,0.02846244548085744,0.015474554217404035,0.00527428027824226,0.09381007304882738,0.0729527104959631,0.8332372164552095,0.023504624743453037,0.007480141757140783,0.008843546899457102,0.038165702587448974,0.013407605591187779,0.010097019152265258
reason.extract_compute | text.has_number,reason.extract_compute,reason,text.has_number,text.has_number,12651,5,"hitab,sqa,tab_fact,tablebench,wtq",0.7280937936167505,0.7454159989399954,0.017322205323244876,0.0036955432196654147,0.010078940612700663,0.02456547003378909,0.015474554217404035,0.00184765110584084,0.09540747766974943,0.07801754801991938,0.8265749743103312,0.019921687980611634,0.008355543828824587,0.0035448220761154434,0.036298553885107825,0.013407605591187779,0.006514082389423855
reason.extract_compute | text.has_ordinal,reason.extract_compute,reason,text.has_ordinal,text.has_ordinal,2149,5,"hitab,sqa,tab_fact,tablebench,wtq",0.7261739386308269,0.7411619099322682,0.014987971301441314,0.00913926350946931,-0.002924985177118535,0.032900927780001164,0.015474554217404035,-0.00048658291596272163,0.09771986970684039,0.08236389018147976,0.8199162401116799,0.026008786854828447,0.01429555438814327,-0.00201049974593236,0.05402807345558926,0.013407605591187779,0.012601181263640668
reason.extract_compute | text.has_quoted_span,reason.extract_compute,reason,text.has_quoted_span,text.has_quoted_span,367,5,"hitab,sqa,tab_fact,tablebench,wtq",0.4543879258673691,0.47100596855049476,0.016618042683125746,0.021176578908745324,-0.024888051978015083,0.05812413734426658,0.015474554217404035,0.001143488465721711,0.09809264305177112,0.08174386920980926,0.8201634877384196,0.022150815606285068,0.0349030101340404,-0.046259084256434116,0.09056071546900425,0.013407605591187779,0.00874321001509729
reason.extract_compute | text.has_year,reason.extract_compute,reason,text.has_year,text.has_year,5072,5,"hitab,sqa,tab_fact,tablebench,wtq",0.7036441163289773,0.7265839497212224,0.022939833392245167,0.00573365410397931,0.01170187134844572,0.034177795436044614,0.015474554217404035,0.007465279174841131,0.09522870662460568,0.07235804416403785,0.8324132492113565,0.026357517352819333,0.01213871472642259,0.002565636489031055,0.05014939821660761,0.013407605591187779,0.012949911761631554
reason.plan_answer | cell.has_comma_number,reason.plan_answer,reason,cell.has_comma_number,cell.has_comma_number,1700,4,"hitab,sqa,tablebench,wtq",0.5838716838508384,0.5416622586997945,-0.04220942515104405,0.01076945949757337,-0.06331756576628786,-0.021101284535800242,-0.02832825835216533,-0.013881166798878717,0.0811764705882353,0.12058823529411765,0.798235294117647,-0.045050611092933034,0.013213143087241168,-0.07094837154392572,-0.019152850641940347,-0.027577332579456004,-0.01747327851347703
reason.plan_answer | cell.has_currency,reason.plan_answer,reason,cell.has_currency,cell.has_currency,230,3,"hitab,sqa,wtq",0.591304347826087,0.5217391304347826,-0.06956521739130435,0.029192979395386804,-0.12678345700626248,-0.012346977776346212,-0.02832825835216533,-0.041236959039139015,0.06521739130434782,0.13478260869565217,0.8,-0.025223499361430396,0.06817235229161756,-0.1588413098530008,0.10839431113014,-0.027577332579456004,0.0023538332180256076
reason.plan_answer | cell.has_date_like,reason.plan_answer,reason,cell.has_date_like,cell.has_date_like,16689,5,"hitab,sqa,tab_fact,tablebench,wtq",0.7023248207872709,0.6679602156773743,-0.034364605109895925,0.003524040724922081,-0.0412717249307432,-0.027457485289048646,-0.02832825835216533,-0.006036346757730595,0.08975972197255677,0.12355443705434717,0.786685840973096,-0.03410888378957216,0.014381848860153841,-0.06229730755547369,-0.005920460023670627,-0.027577332579456004,-0.006531551210116154
reason.plan_answer | cell.has_numeric_range,reason.plan_answer,reason,cell.has_numeric_range,cell.has_numeric_range,6989,5,"hitab,sqa,tab_fact,tablebench,wtq",0.7023066553480115,0.664645110624481,-0.037661544723530456,0.0056397878650601115,-0.04871552893904828,-0.026607560508012638,-0.02832825835216533,-0.009333286371365126,0.09457719273143511,0.13292316497352982,0.7724996422950351,-0.022517421874310075,0.018903193025780102,-0.059567680204839074,0.014532836456218928,-0.027577332579456004,0.0050599107051459286
reason.plan_answer | cell.has_percent,reason.plan_answer,reason,cell.has_percent,cell.has_percent,755,5,"hitab,sqa,tab_fact,tablebench,wtq",0.6478078781977239,0.6322085181428833,-0.015599360054840609,0.01567623466925756,-0.04632478000658542,0.015126059896904206,-0.02832825835216533,0.012728898297324721,0.0913907284768212,0.10728476821192053,0.8013245033112583,-0.021668317386399415,0.02407416260103792,-0.06885367608443374,0.025517041311634906,-0.027577332579456004,0.005909015193056588
reason.plan_answer | cell.has_score_surface,reason.plan_answer,reason,cell.has_score_surface,cell.has_score_surface,5483,5,"hitab,sqa,tab_fact,tablebench,wtq",0.7345022546177212,0.6991353804641356,-0.03536687415358573,0.006451749412687683,-0.048012303002453585,-0.02272144530471787,-0.02832825835216533,-0.007038615801420397,0.09720955681196425,0.13259164690862665,0.7701987962794091,-0.013068203799772546,0.030781498449530327,-0.07339994076085199,0.047263533161306895,-0.027577332579456004,0.014509128779683458
reason.plan_answer | cell.missing_value_marker,reason.plan_answer,reason,cell.missing_value_marker,cell.missing_value_marker,5277,5,"hitab,sqa,tab_fact,tablebench,wtq",0.6049463208499128,0.5643476491248339,-0.040598671725078965,0.006015347391822532,-0.05238875261305113,-0.028808590837106803,-0.02832825835216533,-0.012270413372913635,0.07750615880234982,0.11843850672730719,0.804055334470343,-0.023632014993428117,0.014723114020512695,-0.052489318473633,0.005225288486776763,-0.027577332579456004,0.003945317586027886
reason.plan_answer | grounding.cell_overlap,reason.plan_answer,reason,grounding.cell_overlap,grounding.cell_overlap,17562,5,"hitab,sqa,tab_fact,tablebench,wtq",0.7260619870284964,0.7006951834288059,-0.02536680359969053,0.0034162614663709964,-0.032062676073777684,-0.018670931125603377,-0.02832825835216533,0.0029614547524748,0.09093497323767225,0.11598906730440724,0.7930759594579205,-0.02962452135209064,0.012179032019192728,-0.05349542410970838,-0.005753618594472893,-0.027577332579456004,-0.0020471887726346352
reason.plan_answer | grounding.header_overlap,reason.plan_answer,reason,grounding.header_overlap,grounding.header_overlap,15577,5,"hitab,sqa,tab_fact,tablebench,wtq",0.7204964192739578,0.6940343955471111,-0.026462023726846706,0.0035976878483380877,-0.033513491909589355,-0.019410555544104053,-0.02832825835216533,0.0018662346253186246,0.09000449380496886,0.11555498491365475,0.7944405212813764,-0.03010702175184974,0.010797517787465967,-0.05127015661528303,-0.008943886888416446,-0.027577332579456004,-0.0025296891723937363
reason.plan_answer | intent.aggregate_noncount,reason.plan_answer,reason,intent.aggregate_noncount,intent.aggregate_noncount,1666,5,"hitab,sqa,tab_fact,tablebench,wtq",0.5785526452229557,0.5485971656820213,-0.029955479540934322,0.010936643950271887,-0.05139130168346722,-0.008519657398401423,-0.02832825835216533,-0.0016272211887689916,0.08883553421368548,0.11584633853541416,0.7953181272509003,-0.03723997296633215,0.014328562585775395,-0.06532395563445192,-0.009155990298212378,-0.027577332579456004,-0.009662640386876146
reason.plan_answer | intent.arithmetic,reason.plan_answer,reason,intent.arithmetic,intent.arithmetic,1028,5,"hitab,sqa,tab_fact,tablebench,wtq",0.5672888494659634,0.5553041169991558,-0.011984732466807457,0.01292116957461088,-0.03731022483304478,0.013340759899429866,-0.02832825835216533,0.016343525885357875,0.08171206225680934,0.0943579766536965,0.8239299610894941,-6.758006967056209e-07,0.018601685114522527,-0.03645997862516086,0.03645862702376744,-0.027577332579456004,0.027576656778759298
reason.plan_answer | intent.comparison,reason.plan_answer,reason,intent.comparison,intent.comparison,1187,5,"hitab,sqa,tab_fact,tablebench,wtq",0.6849199663016007,0.6310025273799494,-0.05391743892165122,0.014316679292102638,-0.0819781303341724,-0.02585674750913005,-0.02832825835216533,-0.02558918056948589,0.09604043807919124,0.14995787700084245,0.7540016849199663,-0.09232796245374861,0.01871868470515014,-0.12901658447584288,-0.05563934043165433,-0.027577332579456004,-0.0647506298742926
reason.plan_answer | intent.count,reason.plan_answer,reason,intent.count,intent.count,2966,5,"hitab,sqa,tab_fact,tablebench,wtq",0.5151173049551246,0.445270790533771,-0.0698465144213536,0.008843786538509247,-0.08718033603683173,-0.05251269280587548,-0.02832825835216533,-0.04151825606918827,0.08530006743088335,0.1540795684423466,0.76062036412677,-0.04057431367043759,0.01721265698595171,-0.07431112136290294,-0.006837505977972239,-0.027577332579456004,-0.012996981090981585
reason.plan_answer | intent.negation_marker,reason.plan_answer,reason,intent.negation_marker,intent.negation_marker,1180,5,"hitab,sqa,tab_fact,tablebench,wtq",0.6341562269712602,0.5917861799217731,-0.04237004704948699,0.01572195667236112,-0.07318508212731478,-0.011555011971659198,-0.02832825835216533,-0.014041788697321662,0.12627118644067797,0.16779661016949152,0.7059322033898305,-0.013554676063948732,0.01853617877808325,-0.0498855864689919,0.022776234341094444,-0.027577332579456004,0.014022656515507272
reason.plan_answer | intent.superlative_rank,reason.plan_answer,reason,intent.superlative_rank,intent.superlative_rank,4698,5,"hitab,sqa,tab_fact,tablebench,wtq",0.6844846613482763,0.6582257849286373,-0.02625887641963912,0.00710820399067451,-0.04019095624136116,-0.01232679659791708,-0.02832825835216533,0.002069381932526211,0.10642826734780758,0.13239676458067262,0.7611749680715197,-0.027923843977487667,0.013212086632343576,-0.053819533776881076,-0.002028154178094259,-0.027577332579456004,-0.0003465113980316639
reason.plan_answer | intent.temporal,reason.plan_answer,reason,intent.temporal,intent.temporal,8618,5,"hitab,sqa,tab_fact,tablebench,wtq",0.7037630208586506,0.6825797452903205,-0.021183275568330363,0.004909367369132832,-0.030805635611830716,-0.011560915524830013,-0.02832825835216533,0.007144982783834967,0.09410536087259225,0.11545602227895103,0.7904386168484567,-0.015632373063533055,0.015330207981310955,-0.04567958070690253,0.014414834579836416,-0.027577332579456004,0.011944959515922948
reason.plan_answer | schema.has_date_col,reason.plan_answer,reason,schema.has_date_col,schema.has_date_col,11385,5,"hitab,sqa,tab_fact,tablebench,wtq",0.7093825284903342,0.676357331065938,-0.03302519742439632,0.004309312595840811,-0.04147145011224431,-0.024578944736548335,-0.02832825835216533,-0.004696939072230993,0.09126043039086518,0.12349582784365393,0.7852437417654808,-0.028623523464452405,0.018800324891006637,-0.06547216025082542,0.0082251133219206,-0.027577332579456004,-0.0010461908849964015
reason.plan_answer | schema.has_rank_col,reason.plan_answer,reason,schema.has_rank_col,schema.has_rank_col,5969,5,"hitab,sqa,tab_fact,tablebench,wtq",0.7077818550464953,0.6756361961627607,-0.03214565888373449,0.005772456595618822,-0.043459673811147376,-0.0208316439563216,-0.02832825835216533,-0.003817400531569159,0.08678170547830458,0.11727257497068186,0.7959457195510136,-0.0020059211574566835,0.02471742076510941,-0.05045206585707113,0.046440223542157766,-0.027577332579456004,0.02557141142199932
reason.plan_answer | schema.has_score_col,reason.plan_answer,reason,schema.has_score_col,schema.has_score_col,7708,5,"hitab,sqa,tab_fact,tablebench,wtq",0.7331269280831327,0.6968232455278714,-0.03630368255526153,0.005320892013426752,-0.04673263090157796,-0.025874734208945094,-0.02832825835216533,-0.007975424203096198,0.0919823559937727,0.12830825116761807,0.7797093928386092,-0.02846822896149474,0.011140730171336459,-0.050304060097314196,-0.00663239782567528,-0.027577332579456004,-0.0008908963820387361
reason.plan_answer | schema.has_unit_col,reason.plan_answer,reason,schema.has_unit_col,schema.has_unit_col,1848,5,"hitab,sqa,tab_fact,tablebench,wtq",0.6417422229323327,0.6142497724116789,-0.02749245052065397,0.009914172579834854,-0.04692422877713028,-0.008060672264177657,-0.02832825835216533,0.0008358078315113607,0.09090909090909091,0.11471861471861472,0.7943722943722944,-0.028513518281655454,0.010849390990121867,-0.04977832462229431,-0.007248711941016596,-0.027577332579456004,-0.0009361857021994505
reason.plan_answer | schema.header_repetition_marker,reason.plan_answer,reason,schema.header_repetition_marker,schema.header_repetition_marker,1388,5,"hitab,sqa,tab_fact,tablebench,wtq",0.570350486939888,0.5451329208621121,-0.02521756607777587,0.01162628727315812,-0.048005089133165785,-0.002430043022385954,-0.02832825835216533,0.0031106922743894608,0.08285302593659942,0.11095100864553314,0.8061959654178674,0.03221109966032507,0.06913194877997603,-0.10328751994842794,0.16770971926907807,-0.027577332579456004,0.05978843223978107
reason.plan_answer | table.cols_bin=0_3,reason.plan_answer,reason,table.cols_bin=0_3,table.cols_bin=0_3,136,3,"hitab,sqa,wtq",0.6985294117647058,0.6470588235294118,-0.051470588235294115,0.0351155157861863,-0.12029699917621925,0.01735582270563102,-0.02832825835216533,-0.023142329883128785,0.058823529411764705,0.11029411764705882,0.8308823529411765,-0.0013755714690294161,0.0728140656128194,-0.14409114007015544,0.1413399971320966,-0.027577332579456004,0.02620176111042659
reason.plan_answer | table.cols_bin=4_6,reason.plan_answer,reason,table.cols_bin=4_6,table.cols_bin=4_6,14136,5,"hitab,sqa,tab_fact,tablebench,wtq",0.7079782132289401,0.6811677193387157,-0.026810493890224052,0.0038029232638778537,-0.034264223487424646,-0.019356764293023458,-0.02832825835216533,0.0015177644619412782,0.091893039049236,0.1181380871533673,0.7899688737973967,-0.030025860264000143,0.010099217831742452,-0.04982032721421535,-0.010231393313784937,-0.027577332579456004,-0.002448527684544139
reason.plan_answer | table.cols_bin=7_10,reason.plan_answer,reason,table.cols_bin=7_10,table.cols_bin=7_10,6755,5,"hitab,sqa,tab_fact,tablebench,wtq",0.690146935080706,0.658751429776421,-0.031395505304285254,0.005508251669940199,-0.042191678577368046,-0.020599332031202462,-0.02832825835216533,-0.0030672469521199237,0.09030347890451518,0.12109548482605477,0.78860103626943,-0.024505179015368493,0.016539340685728127,-0.05692228675939562,0.007911928728658632,-0.027577332579456004,0.0030721535640875104
reason.plan_answer | table.cols_bin=gt_10,reason.plan_answer,reason,table.cols_bin=gt_10,table.cols_bin=gt_10,794,4,"hitab,tab_fact,tablebench,wtq",0.6371701514557347,0.6118790361661307,-0.02529111528960399,0.016118411837793795,-0.05688320249167983,0.0063009719124718505,-0.02832825835216533,0.0030371430625613406,0.09319899244332494,0.12342569269521411,0.783375314861461,-0.014780350594796661,0.017602260113704613,-0.0492807804176577,0.01972007922806438,-0.027577332579456004,0.012796981984659343
reason.plan_answer | table.numeric_cols_bin=0,reason.plan_answer,reason,table.numeric_cols_bin=0,table.numeric_cols_bin=0,3898,5,"hitab,sqa,tab_fact,tablebench,wtq",0.7147255002565418,0.6885582349923037,-0.02616726526423807,0.007556249665870947,-0.04097751460934513,-0.011357015919131014,-0.02832825835216533,0.002160993087927259,0.09851205746536686,0.12467932272960493,0.7768086198050282,-0.05293761735283124,0.028827590610429905,-0.10943969494927386,0.0035644602436113726,-0.027577332579456004,-0.02536028477337524
reason.plan_answer | table.numeric_cols_bin=1,reason.plan_answer,reason,table.numeric_cols_bin=1,table.numeric_cols_bin=1,7480,5,"hitab,sqa,tab_fact,tablebench,wtq",0.7276737967914438,0.6991978609625669,-0.028475935828877006,0.00527548780091847,-0.03881589191867721,-0.018135979739076803,-0.02832825835216533,-0.00014767747671167591,0.09024064171122995,0.11871657754010695,0.7910427807486631,-0.03702924486216777,0.025878766399812427,-0.08775162700580014,0.013693137281464589,-0.027577332579456004,-0.009451912282711767
reason.plan_answer | table.numeric_cols_bin=2_3,reason.plan_answer,reason,table.numeric_cols_bin=2_3,table.numeric_cols_bin=2_3,5634,5,"hitab,sqa,tab_fact,tablebench,wtq",0.7163946640610706,0.6816485851312976,-0.03474607892977276,0.005867455312852084,-0.04624629134296285,-0.023245866516582673,-0.02832825835216533,-0.006417820577607428,0.08288959886403977,0.116435924742634,0.8006744763933262,-0.03601097770188298,0.016742563246009836,-0.06882640166406226,-0.003195553739703705,-0.027577332579456004,-0.008433645122426978
reason.plan_answer | table.numeric_cols_bin=ge_4,reason.plan_answer,reason,table.numeric_cols_bin=ge_4,table.numeric_cols_bin=ge_4,4809,5,"hitab,sqa,tab_fact,tablebench,wtq",0.625008968935381,0.602677607568723,-0.02233136136665835,0.006386600789452474,-0.0348490989139852,-0.009813623819331502,-0.02832825835216533,0.00599689698550698,0.09669369931378664,0.11873570388854232,0.784570596797671,-0.02086198690475829,0.007126979172348006,-0.034830866082560384,-0.006893107726956201,-0.027577332579456004,0.006715345674697712
reason.plan_answer | table.numeric_density_bin=high,reason.plan_answer,reason,table.numeric_density_bin=high,table.numeric_density_bin=high,5196,5,"hitab,sqa,tab_fact,tablebench,wtq",0.6333840769151432,0.6082338911339745,-0.025150185781168486,0.0061109935100695685,-0.03712773306090484,-0.013172638501432132,-0.02832825835216533,0.003178072570996844,0.09449576597382602,0.11893764434180139,0.7865665896843725,-0.02341459516560313,0.006749786659940372,-0.03664417701908626,-0.01018501331212,-0.027577332579456004,0.004162737413852875
reason.plan_answer | table.numeric_density_bin=low,reason.plan_answer,reason,table.numeric_density_bin=low,table.numeric_density_bin=low,7327,5,"hitab,sqa,tab_fact,tablebench,wtq",0.7319503207315409,0.703016241299304,-0.02893407943223693,0.005342122370560449,-0.03940463927853541,-0.01846351958593845,-0.02832825835216533,-0.0006058210800716016,0.09048723897911833,0.11942131841135527,0.7900914426095265,-0.037889293260895365,0.025944275431876856,-0.088740073107374,0.01296148658558327,-0.027577332579456004,-0.010311960681439362
reason.plan_answer | table.numeric_density_bin=mid,reason.plan_answer,reason,table.numeric_density_bin=mid,table.numeric_density_bin=mid,5400,5,"hitab,sqa,tab_fact,tablebench,wtq",0.7094022231998584,0.6772780453880718,-0.03212417781178672,0.006009777549439332,-0.04390334180868781,-0.020345013814885626,-0.02832825835216533,-0.003795919459621388,0.08388888888888889,0.11518518518518518,0.8009259259259259,-0.014167625173934254,0.020574316785652302,-0.05449328607381276,0.02615803572594426,-0.027577332579456004,0.01340970740552175
reason.plan_answer | table.numeric_density_bin=none,reason.plan_answer,reason,table.numeric_density_bin=none,table.numeric_density_bin=none,3898,5,"hitab,sqa,tab_fact,tablebench,wtq",0.7147255002565418,0.6885582349923037,-0.02616726526423807,0.007556249665870947,-0.04097751460934513,-0.011357015919131014,-0.02832825835216533,0.002160993087927259,0.09851205746536686,0.12467932272960493,0.7768086198050282,-0.05293761735283124,0.028827590610429905,-0.10943969494927386,0.0035644602436113726,-0.027577332579456004,-0.02536028477337524
reason.plan_answer | table.rows_bin=0_5,reason.plan_answer,reason,table.rows_bin=0_5,table.rows_bin=0_5,1332,3,"hitab,tab_fact,wtq",0.8145645645645646,0.7942942942942943,-0.02027027027027027,0.011450545053385261,-0.042713338574905384,0.002172798034364841,-0.02832825835216533,0.008057988081895059,0.07732732732732733,0.09759759759759759,0.825075075075075,-0.12435970404097894,0.08225230506685056,-0.28557422197200605,0.036854813890048146,-0.027577332579456004,-0.09678237146152294
reason.plan_answer | table.rows_bin=11_25,reason.plan_answer,reason,table.rows_bin=11_25,table.rows_bin=11_25,9391,5,"hitab,sqa,tab_fact,tablebench,wtq",0.6920587245946037,0.6551658137880843,-0.03689291080651941,0.004701507229643224,-0.04610786497662013,-0.02767795663641869,-0.02832825835216533,-0.008564652454354078,0.08859546374188053,0.12533276541369395,0.7860717708444255,-0.035444898891736396,0.011280421996392316,-0.05755452600466533,-0.013335271778807455,-0.027577332579456004,-0.007867566312280392
reason.plan_answer | table.rows_bin=26_50,reason.plan_answer,reason,table.rows_bin=26_50,table.rows_bin=26_50,2976,5,"hitab,sqa,tab_fact,tablebench,wtq",0.6262433851148362,0.5742618317653003,-0.051981553349535914,0.008536368118375355,-0.06871283486155161,-0.03525027183752022,-0.02832825835216533,-0.023653294997370584,0.08702956989247312,0.13911290322580644,0.7738575268817204,-0.044264055369211984,0.014586429798238196,-0.07285345777375885,-0.01567465296466512,-0.027577332579456004,-0.01668672278975598
reason.plan_answer | table.rows_bin=6_10,reason.plan_answer,reason,table.rows_bin=6_10,table.rows_bin=6_10,7702,5,"hitab,sqa,tab_fact,tablebench,wtq",0.728383779818312,0.7200752239431687,-0.008308555875143732,0.005104071250151882,-0.01831253552544142,0.0016954237751539564,-0.02832825835216533,0.020019702477021596,0.0997143599065178,0.10711503505582966,0.7931706050376526,-0.007503853297997927,0.00918138265107664,-0.02549936329410814,0.010491656698112289,-0.027577332579456004,0.020073479281458077
reason.plan_answer | table.rows_bin=gt_50,reason.plan_answer,reason,table.rows_bin=gt_50,table.rows_bin=gt_50,420,3,"hitab,tablebench,wtq",0.5071428571428571,0.4452380952380952,-0.06190476190476191,0.021637488486504507,-0.10431423933831074,-0.019495284471213077,-0.02832825835216533,-0.03357650355259657,0.06904761904761905,0.13095238095238096,0.8,-0.03847422340403603,0.01995198510724509,-0.07758011421423641,0.0006316674061643476,-0.027577332579456004,-0.010896890824580025
reason.plan_answer | table.shape=balanced,reason.plan_answer,reason,table.shape=balanced,table.shape=balanced,11104,5,"hitab,sqa,tab_fact,tablebench,wtq",0.6726889155012101,0.6350839240094285,-0.0376049914917818,0.0043688878256689,-0.04616801163009284,-0.02904197135347076,-0.02832825835216533,-0.00927673313961647,0.09077809798270893,0.12761167146974065,0.7816102305475504,-0.03667458640861243,0.010797750341657624,-0.057838177078261374,-0.015510995738963487,-0.027577332579456004,-0.009097253829156427
reason.plan_answer | table.shape=tall,reason.plan_answer,reason,table.shape=tall,table.shape=tall,313,3,"hitab,tablebench,wtq",0.5175718849840255,0.4440894568690096,-0.07348242811501597,0.022921927571479372,-0.11840940615511554,-0.028555450074916403,-0.02832825835216533,-0.04515416976285064,0.04792332268370607,0.12140575079872204,0.8306709265175719,-0.13672298029023175,0.05765628246894263,-0.2497292939293593,-0.023716666651104196,-0.027577332579456004,-0.10914564771077574
reason.plan_answer | table.shape=wide,reason.plan_answer,reason,table.shape=wide,table.shape=wide,10404,5,"hitab,sqa,tab_fact,tablebench,wtq",0.734265470127343,0.7171965447161691,-0.01706892541117403,0.004355206699527619,-0.025605130542248167,-0.008532720280099897,-0.02832825835216533,0.0112593329409913,0.09304113802383698,0.11014994232987313,0.7968089196462899,-0.013498476669547779,0.014474252915308277,-0.041868012383552,0.014871059044456443,-0.027577332579456004,0.014078855909908225
reason.plan_answer | text.has_number,reason.plan_answer,reason,text.has_number,text.has_number,12651,5,"hitab,sqa,tab_fact,tablebench,wtq",0.7280937936167505,0.7028365416185663,-0.025257251998184085,0.0040922938841719035,-0.03327814801116102,-0.017236355985207154,-0.02832825835216533,0.0030710063539812447,0.09390562010908228,0.11904197296656391,0.7870524069243539,-0.03424647508393443,0.012859879616278892,-0.05945183913184106,-0.0090411110360278,-0.027577332579456004,-0.006669142504478424
reason.plan_answer | text.has_ordinal,reason.plan_answer,reason,text.has_ordinal,text.has_ordinal,2149,5,"hitab,sqa,tab_fact,tablebench,wtq",0.7261739386308269,0.7052408096789204,-0.020933128951906497,0.00991791940301036,-0.0403722509818068,-0.0014940069220061927,-0.02832825835216533,0.007395129400258833,0.09585853885528153,0.11633317822242904,0.7878082829222894,-0.05135731075381482,0.021513480772301707,-0.09352373306752616,-0.009190888440103476,-0.027577332579456004,-0.023779978174358816
reason.plan_answer | text.has_quoted_span,reason.plan_answer,reason,text.has_quoted_span,text.has_quoted_span,367,5,"hitab,sqa,tab_fact,tablebench,wtq",0.4543879258673691,0.47297205920920427,0.01858413334183528,0.019491824258891555,-0.019619842205592163,0.05678810888926272,-0.02832825835216533,0.04691239169400061,0.08719346049046321,0.07084468664850137,0.8419618528610354,0.050122802470151065,0.03840556819763772,-0.02515211119721887,0.125397716137521,-0.027577332579456004,0.07770013504960707
reason.plan_answer | text.has_year,reason.plan_answer,reason,text.has_year,text.has_year,5072,5,"hitab,sqa,tab_fact,tablebench,wtq",0.7036441163289773,0.6861780005649339,-0.017466115764043277,0.006326862804263678,-0.029866766860400087,-0.005065464667686469,-0.02832825835216533,0.010862142588122053,0.09325709779179811,0.11060725552050474,0.7961356466876972,-0.009906260830736646,0.01941979609308467,-0.0479690611731826,0.028156539511709308,-0.027577332579456004,0.017671071748719357
reason.symbolic_op | cell.has_comma_number,reason.symbolic_op,reason,cell.has_comma_number,cell.has_comma_number,1700,4,"hitab,sqa,tablebench,wtq",0.5838716838508384,0.5727293299832529,-0.011142353867585582,0.010406958712664647,-0.03153999294440829,0.009255285209237124,-0.008487235466343342,-0.0026551184012422405,0.08823529411764706,0.09941176470588235,0.8123529411764706,-0.06219049364106628,0.06115879073045065,-0.18206172347274957,0.05768073619061699,-0.020579058947678745,-0.04161143469338754
reason.symbolic_op | cell.has_currency,reason.symbolic_op,reason,cell.has_currency,cell.has_currency,230,3,"hitab,sqa,wtq",0.591304347826087,0.5869565217391305,-0.004347826086956522,0.029870822504532192,-0.06289463819583961,0.05419898602192657,-0.008487235466343342,0.00413940937938682,0.1,0.10434782608695652,0.7956521739130434,0.034057045551298425,0.05743025514466825,-0.07850625453225135,0.1466203456348482,-0.020579058947678745,0.05463610449897717
reason.symbolic_op | cell.has_date_like,reason.symbolic_op,reason,cell.has_date_like,cell.has_date_like,16689,5,"hitab,sqa,tab_fact,tablebench,wtq",0.7023248207872709,0.688029508723069,-0.014295312064201723,0.0033705640702291068,-0.02090161764185077,-0.007689006486552674,-0.008487235466343342,-0.005808076597858381,0.08999940080292408,0.10467972916292169,0.8053208700341542,-0.02799895258536364,0.012292105567306264,-0.05209147949728392,-0.003906425673443365,-0.020579058947678745,-0.007419893637684895
reason.symbolic_op | cell.has_numeric_range,reason.symbolic_op,reason,cell.has_numeric_range,cell.has_numeric_range,6989,5,"hitab,sqa,tab_fact,tablebench,wtq",0.7023066553480115,0.6852764184275725,-0.017030236920438615,0.005318129435674999,-0.027453770614361613,-0.006606703226515617,-0.008487235466343342,-0.008543001454095273,0.0921447989698097,0.10960080125912147,0.7982543997710688,-0.018518682921467446,0.00723537377057978,-0.032700015511803814,-0.004337350331131076,-0.020579058947678745,0.0020603760262112997
reason.symbolic_op | cell.has_percent,reason.symbolic_op,reason,cell.has_percent,cell.has_percent,755,5,"hitab,sqa,tab_fact,tablebench,wtq",0.6478078781977239,0.6414816932097981,-0.0063261849879257944,0.014343238430943712,-0.03443893231257547,0.02178656233672388,-0.008487235466343342,0.002161050478417547,0.08079470198675497,0.08741721854304636,0.8317880794701987,-0.01657018048859598,0.018965269288397948,-0.05374210829385596,0.020601747316663997,-0.020579058947678745,0.004008878459082765
reason.symbolic_op | cell.has_score_surface,reason.symbolic_op,reason,cell.has_score_surface,cell.has_score_surface,5483,5,"hitab,sqa,tab_fact,tablebench,wtq",0.7345022546177212,0.7206615445649239,-0.013840710052797276,0.006041133922047942,-0.025681332540011242,-0.0020000875655833104,-0.008487235466343342,-0.0053534745864539345,0.0933795367499544,0.10724056173627576,0.7993799015137698,-0.0021662002561896833,0.028563448987111547,-0.05815056027092831,0.05381815975854895,-0.020579058947678745,0.01841285869148906
reason.symbolic_op | cell.missing_value_marker,reason.symbolic_op,reason,cell.missing_value_marker,cell.missing_value_marker,5277,5,"hitab,sqa,tab_fact,tablebench,wtq",0.6049463208499128,0.5919824772332616,-0.01296384361665129,0.0057902268608709005,-0.024312688263958257,-0.0016149989693443247,-0.008487235466343342,-0.004476608150307948,0.08357021034678795,0.09683532310024635,0.8195944665529658,-0.013620745545774323,0.013588238726099289,-0.04025369344892893,0.013012202357380284,-0.020579058947678745,0.006958313401904422
reason.symbolic_op | grounding.cell_overlap,reason.symbolic_op,reason,grounding.cell_overlap,grounding.cell_overlap,17562,5,"hitab,sqa,tab_fact,tablebench,wtq",0.7260619870284964,0.7218353662896773,-0.004226620738819199,0.0032374163761809873,-0.010571956836133933,0.0021187153584955364,-0.008487235466343342,0.004260614727524143,0.09053638537751965,0.09486391071631932,0.814599703906161,-0.01906860891588556,0.01173133045603836,-0.04206201660972074,0.003924798777949625,-0.020579058947678745,0.0015104500317931861
reason.symbolic_op | grounding.header_overlap,reason.symbolic_op,reason,grounding.header_overlap,grounding.header_overlap,15577,5,"hitab,sqa,tab_fact,tablebench,wtq",0.7204964192739578,0.7119135169201061,-0.008582902353851925,0.003418040588869133,-0.015282261908035426,-0.0018835427996684246,-0.008487235466343342,-9.566688750858345e-05,0.08833536624510496,0.09693779289978816,0.8147268408551069,-0.02222765679844382,0.0161205407719929,-0.0538239167115499,0.009368603114662265,-0.020579058947678745,-0.0016485978507650746
reason.symbolic_op | intent.aggregate_noncount,reason.symbolic_op,reason,intent.aggregate_noncount,intent.aggregate_noncount,1666,5,"hitab,sqa,tab_fact,tablebench,wtq",0.5785526452229557,0.5635415998340004,-0.015011045388955173,0.010141147449806182,-0.03488769439057529,0.004865603612664944,-0.008487235466343342,-0.006523809922611831,0.08043217286914765,0.09483793517406963,0.8247298919567827,-0.011296758642342275,0.02475734685226694,-0.05982115847278548,0.03722764118810093,-0.020579058947678745,0.00928230030533647
reason.symbolic_op | intent.arithmetic,reason.symbolic_op,reason,intent.arithmetic,intent.arithmetic,1028,5,"hitab,sqa,tab_fact,tablebench,wtq",0.5672888494659634,0.5578919336847558,-0.009396915781207672,0.011964256244084362,-0.03284685801961302,0.014053026457197677,-0.008487235466343342,-0.0009096803148643303,0.07003891050583658,0.08171206225680934,0.8482490272373541,-0.03447810336857279,0.035069488177291885,-0.10321430019606488,0.034258093458919295,-0.020579058947678745,-0.013899044420894048
reason.symbolic_op | intent.comparison,reason.symbolic_op,reason,intent.comparison,intent.comparison,1187,5,"hitab,sqa,tab_fact,tablebench,wtq",0.6849199663016007,0.6613310867733783,-0.02358887952822241,0.013414786350092921,-0.04988186077440454,0.0027041017179597164,-0.008487235466343342,-0.015101644061879069,0.09519797809604044,0.11878685762426285,0.7860151642796968,-0.04622008348423443,0.02885912640829946,-0.10278397124450137,0.010343804276032507,-0.020579058947678745,-0.025641024536555687
reason.symbolic_op | intent.count,reason.symbolic_op,reason,intent.count,intent.count,2966,5,"hitab,sqa,tab_fact,tablebench,wtq",0.5151173049551246,0.47879468334050085,-0.03632262161462374,0.008470475764414441,-0.052924754112876046,-0.019720489116371434,-0.008487235466343342,-0.0278353861482804,0.09069453809844909,0.1260957518543493,0.7832097100472016,-0.02660752240876022,0.017663278121407815,-0.061227547526719536,0.008012502709199093,-0.020579058947678745,-0.006028463461081476
reason.symbolic_op | intent.negation_marker,reason.symbolic_op,reason,intent.negation_marker,intent.negation_marker,1180,5,"hitab,sqa,tab_fact,tablebench,wtq",0.6341562269712602,0.6211864406779661,-0.012969786293294032,0.014608408405846169,-0.04160226676875252,0.01566269418216446,-0.008487235466343342,-0.00448255082695069,0.11949152542372882,0.13305084745762713,0.747457627118644,-0.02313180319354532,0.02344255743125872,-0.06907921575881242,0.02281560937172177,-0.020579058947678745,-0.0025527442458665763
reason.symbolic_op | intent.superlative_rank,reason.symbolic_op,reason,intent.superlative_rank,intent.superlative_rank,4698,5,"hitab,sqa,tab_fact,tablebench,wtq",0.6844846613482763,0.6637499062201062,-0.02073475512817002,0.00675297930618006,-0.03397059456828294,-0.007498915688057103,-0.008487235466343342,-0.012247519661826679,0.09727543635589612,0.11813537675606642,0.7845891868880375,-0.04721051912316358,0.023750377703305174,-0.09376125942164172,-0.0006597788246854447,-0.020579058947678745,-0.026631460175484838
reason.symbolic_op | intent.temporal,reason.symbolic_op,reason,intent.temporal,intent.temporal,8618,5,"hitab,sqa,tab_fact,tablebench,wtq",0.7037630208586506,0.6990405048413676,-0.004722516017283108,0.004629493201993362,-0.013796322693190099,0.004351290658623883,-0.008487235466343342,0.003764719449060234,0.09074031097702483,0.09561383151543282,0.8136458575075424,-0.01721787035485672,0.012484673648308565,-0.04168783070554151,0.007252089995828066,-0.020579058947678745,0.003361188592822025
reason.symbolic_op | schema.has_date_col,reason.symbolic_op,reason,schema.has_date_col,schema.has_date_col,11385,5,"hitab,sqa,tab_fact,tablebench,wtq",0.7093825284903342,0.6965905044734501,-0.012792024016884064,0.004103540216054176,-0.02083496284035025,-0.004749085193417879,-0.008487235466343342,-0.004304788550540723,0.09099692577953447,0.10346947738252087,0.8055335968379447,-0.03017595527509706,0.011653393365151551,-0.0530166062707941,-0.007335304279400021,-0.020579058947678745,-0.009596896327418315
reason.symbolic_op | schema.has_rank_col,reason.symbolic_op,reason,schema.has_rank_col,schema.has_rank_col,5969,5,"hitab,sqa,tab_fact,tablebench,wtq",0.7077818550464953,0.700178306893036,-0.007603548153459524,0.005586677981721566,-0.01855343699763379,0.0033463406907147447,-0.008487235466343342,0.000883687312883818,0.09164014072708997,0.09867649522533088,0.8096833640475791,-0.029199179362419603,0.023546506075239722,-0.07535033126988946,0.016951972545050254,-0.020579058947678745,-0.008620120414740858
reason.symbolic_op | schema.has_score_col,reason.symbolic_op,reason,schema.has_score_col,schema.has_score_col,7708,5,"hitab,sqa,tab_fact,tablebench,wtq",0.7331269280831327,0.721321389403509,-0.011805538679623884,0.005028247745426315,-0.02166090426065946,-0.0019501730985883071,-0.008487235466343342,-0.0033183032132805424,0.09185262065386611,0.10404774260508562,0.8040996367410482,-0.03033130082976661,0.016812573276693808,-0.06328394445208647,0.0026213427925532475,-0.020579058947678745,-0.009752241882087866
reason.symbolic_op | schema.has_unit_col,reason.symbolic_op,reason,schema.has_unit_col,schema.has_unit_col,1848,5,"hitab,sqa,tab_fact,tablebench,wtq",0.6417422229323327,0.6241657765897581,-0.017576446342574943,0.00913908243520634,-0.03548904791557937,0.0003361552304294822,-0.008487235466343342,-0.009089210876231602,0.07683982683982683,0.1001082251082251,0.823051948051948,-0.02525111499155603,0.01237285969720586,-0.04950191999807951,-0.001000309985032543,-0.020579058947678745,-0.004672056043877285
reason.symbolic_op | schema.header_repetition_marker,reason.symbolic_op,reason,schema.header_repetition_marker,schema.header_repetition_marker,1388,5,"hitab,sqa,tab_fact,tablebench,wtq",0.570350486939888,0.5654788859814005,-0.0048716009584873566,0.010519228225972397,-0.025489288281393255,0.015746086364418543,-0.008487235466343342,0.003615634507855985,0.07780979827089338,0.08213256484149856,0.840057636887608,0.024180747318210287,0.05257901215514146,-0.07887411650586695,0.12723561114228754,-0.020579058947678745,0.04475980626588903
reason.symbolic_op | table.cols_bin=0_3,reason.symbolic_op,reason,table.cols_bin=0_3,table.cols_bin=0_3,136,3,"hitab,sqa,wtq",0.6985294117647058,0.6470588235294118,-0.051470588235294115,0.031862745098039214,-0.11392156862745098,0.010980392156862744,-0.008487235466343342,-0.042983352768950774,0.04411764705882353,0.09558823529411764,0.8602941176470589,-0.0013755714690294161,0.0728140656128194,-0.14409114007015544,0.1413399971320966,-0.020579058947678745,0.01920348747864933
reason.symbolic_op | table.cols_bin=4_6,reason.symbolic_op,reason,table.cols_bin=4_6,table.cols_bin=4_6,14136,5,"hitab,sqa,tab_fact,tablebench,wtq",0.7079782132289401,0.6975131500871259,-0.010465063141814179,0.0036422608922364653,-0.01760389449059765,-0.003326231793030707,-0.008487235466343342,-0.001977827675470837,0.09054895302773061,0.10179683078664403,0.8076542161856254,-0.023592616760124814,0.016983653986305462,-0.05688057857328352,0.00969534505303389,-0.020579058947678745,-0.003013557812446069
reason.symbolic_op | table.cols_bin=7_10,reason.symbolic_op,reason,table.cols_bin=7_10,table.cols_bin=7_10,6755,5,"hitab,sqa,tab_fact,tablebench,wtq",0.690146935080706,0.6864209839747736,-0.003725951105932615,0.005254883512374627,-0.014025522790186885,0.006573620578321655,-0.008487235466343342,0.004761284360410727,0.09400444115470022,0.09800148038490007,0.8079940784603997,-0.010985219331566504,0.016331359171458292,-0.04299468330762475,0.021024244644491746,-0.020579058947678745,0.009593839616112241
reason.symbolic_op | table.cols_bin=gt_10,reason.symbolic_op,reason,table.cols_bin=gt_10,table.cols_bin=gt_10,794,4,"hitab,tab_fact,tablebench,wtq",0.6371701514557347,0.6307507146574752,-0.006419436798259464,0.01517699957349041,-0.03616635596230067,0.023327482365781735,-0.008487235466343342,0.0020677986680838773,0.09193954659949623,0.10075566750629723,0.8073047858942065,-0.002348833800022015,0.011842082774994083,-0.02555931603901042,0.020861648438966388,-0.020579058947678745,0.01823022514765673
reason.symbolic_op | table.numeric_cols_bin=0,reason.symbolic_op,reason,table.numeric_cols_bin=0,table.numeric_cols_bin=0,3898,5,"hitab,sqa,tab_fact,tablebench,wtq",0.7147255002565418,0.7006157003591585,-0.014109799897383273,0.007185118473005301,-0.02819263210447366,-2.6967690292884622e-05,-0.008487235466343342,-0.005622564431039931,0.09363776295536172,0.10774756285274499,0.7986146741918932,-0.05822914210858848,0.043907149620052086,-0.14428715536389058,0.027828871146713605,-0.020579058947678745,-0.03765008316090974
reason.symbolic_op | table.numeric_cols_bin=1,reason.symbolic_op,reason,table.numeric_cols_bin=1,table.numeric_cols_bin=1,7480,5,"hitab,sqa,tab_fact,tablebench,wtq",0.7276737967914438,0.7181818181818181,-0.00949197860962567,0.004995981915710151,-0.019284103164417567,0.00030014594516622646,-0.008487235466343342,-0.0010047431432823276,0.08863636363636364,0.0981283422459893,0.8132352941176471,-0.01697590322994566,0.010240319794068038,-0.037046930026319015,0.0030951235664276947,-0.020579058947678745,0.003603155717733085
reason.symbolic_op | table.numeric_cols_bin=2_3,reason.symbolic_op,reason,table.numeric_cols_bin=2_3,table.numeric_cols_bin=2_3,5634,5,"hitab,sqa,tab_fact,tablebench,wtq",0.7163946640610706,0.7060399340385682,-0.0103547300225023,0.00570445481583954,-0.0215354614615478,0.0008260014165431991,-0.008487235466343342,-0.0018674945561589582,0.08856940007099752,0.09868654597089102,0.8127440539581114,-0.03593973524781739,0.023453210094570548,-0.08190802703317566,0.01002855653754088,-0.020579058947678745,-0.015360676300138647
reason.symbolic_op | table.numeric_cols_bin=ge_4,reason.symbolic_op,reason,table.numeric_cols_bin=ge_4,table.numeric_cols_bin=ge_4,4809,5,"hitab,sqa,tab_fact,tablebench,wtq",0.625008968935381,0.6248298430954351,-0.00017912583994595974,0.00610204025843664,-0.012139124746481773,0.011780873066589852,-0.008487235466343342,0.008308109626397381,0.09710958619255562,0.10064462466209191,0.8022457891453525,-0.0005594309121112502,0.018887322932633108,-0.03757858386007214,0.03645972203584964,-0.020579058947678745,0.020019628035567495
reason.symbolic_op | table.numeric_density_bin=high,reason.symbolic_op,reason,table.numeric_density_bin=high,table.numeric_density_bin=high,5196,5,"hitab,sqa,tab_fact,tablebench,wtq",0.6333840769151432,0.6296873006175987,-0.0036967762975441566,0.0058562953599908645,-0.015175115203126251,0.007781562608037938,-0.008487235466343342,0.004790459168799185,0.09468822170900693,0.10200153964588145,0.8033102386451116,-0.004008110048438607,0.022637006032964656,-0.04837664187304933,0.04036042177617211,-0.020579058947678745,0.01657094889924014
reason.symbolic_op | table.numeric_density_bin=low,reason.symbolic_op,reason,table.numeric_density_bin=low,table.numeric_density_bin=low,7327,5,"hitab,sqa,tab_fact,tablebench,wtq",0.7319503207315409,0.7240343933397024,-0.007915927391838405,0.005058528967204329,-0.01783064416755889,0.0019987893838820797,-0.008487235466343342,0.0005713080745049365,0.08980483144533916,0.09772075883717757,0.8124744097174833,-0.002019299521409873,0.016846896000738486,-0.035039215682857304,0.031000616640037556,-0.020579058947678745,0.018559759426268873
reason.symbolic_op | table.numeric_density_bin=mid,reason.symbolic_op,reason,table.numeric_density_bin=mid,table.numeric_density_bin=mid,5400,5,"hitab,sqa,tab_fact,tablebench,wtq",0.7094022231998584,0.6995889795944811,-0.009813243605377525,0.005829924016754945,-0.021239894678217217,0.001613407467462167,-0.008487235466343342,-0.0013260081390341835,0.0887037037037037,0.09777777777777778,0.8135185185185185,-0.03400888598623568,0.014677705849437245,-0.06277718945113268,-0.005240582521338678,-0.020579058947678745,-0.013429827038556934
reason.symbolic_op | table.numeric_density_bin=none,reason.symbolic_op,reason,table.numeric_density_bin=none,table.numeric_density_bin=none,3898,5,"hitab,sqa,tab_fact,tablebench,wtq",0.7147255002565418,0.7006157003591585,-0.014109799897383273,0.007185118473005301,-0.02819263210447366,-2.6967690292884622e-05,-0.008487235466343342,-0.005622564431039931,0.09363776295536172,0.10774756285274499,0.7986146741918932,-0.05822914210858848,0.043907149620052086,-0.14428715536389058,0.027828871146713605,-0.020579058947678745,-0.03765008316090974
reason.symbolic_op | table.rows_bin=0_5,reason.symbolic_op,reason,table.rows_bin=0_5,table.rows_bin=0_5,1332,3,"hitab,tab_fact,wtq",0.8145645645645646,0.81006006006006,-0.0045045045045045045,0.010830844231792236,-0.025732959198817285,0.016723950189808278,-0.008487235466343342,0.003982730961838837,0.07582582582582582,0.08033033033033032,0.8438438438438438,-0.05344336937962436,0.04482153923232645,-0.1412935862749842,0.03440684751573548,-0.020579058947678745,-0.03286431043194561
reason.symbolic_op | table.rows_bin=11_25,reason.symbolic_op,reason,table.rows_bin=11_25,table.rows_bin=11_25,9391,5,"hitab,sqa,tab_fact,tablebench,wtq",0.6920587245946037,0.6783638843815333,-0.013694840213070074,0.004552333000492601,-0.02261741289403557,-0.004772267532104576,-0.008487235466343342,-0.005207604746726732,0.09285486103716324,0.10701735704397827,0.8001277819188585,-0.027221294085545984,0.013249270195597875,-0.053189863668917814,-0.0012527245021741497,-0.020579058947678745,-0.006642235137867238
reason.symbolic_op | table.rows_bin=26_50,reason.symbolic_op,reason,table.rows_bin=26_50,table.rows_bin=26_50,2976,5,"hitab,sqa,tab_fact,tablebench,wtq",0.6262433851148362,0.6018011998384946,-0.02444218527634154,0.008090898571934483,-0.04030034647733313,-0.008584024075349955,-0.008487235466343342,-0.0159549498099982,0.08870967741935484,0.11290322580645161,0.7983870967741935,-0.024195079423919536,0.005900486524281567,-0.035760033011511407,-0.012630125836327666,-0.020579058947678745,-0.003616020476240791
reason.symbolic_op | table.rows_bin=6_10,reason.symbolic_op,reason,table.rows_bin=6_10,table.rows_bin=6_10,7702,5,"hitab,sqa,tab_fact,tablebench,wtq",0.728383779818312,0.7332069715493245,0.004823191731012133,0.00483140479361729,-0.004646361664477755,0.01429274512650202,-0.008487235466343342,0.013310427197355475,0.09452090366138666,0.09114515710205141,0.8143339392365619,-0.007220256247879611,0.025196635965167885,-0.05660566273960867,0.04216515024384944,-0.020579058947678745,0.013358802699799135
reason.symbolic_op | table.rows_bin=gt_50,reason.symbolic_op,reason,table.rows_bin=gt_50,table.rows_bin=gt_50,420,3,"hitab,tablebench,wtq",0.5071428571428571,0.4714285714285714,-0.03571428571428571,0.020292256867973178,-0.07548710917551314,0.004058537746941718,-0.008487235466343342,-0.02722705024794237,0.06904761904761905,0.10476190476190476,0.8261904761904761,-0.1324971313531081,0.10043257132070096,-0.329344971141682,0.06435070843546581,-0.020579058947678745,-0.11191807240542934
reason.symbolic_op | table.shape=balanced,reason.symbolic_op,reason,table.shape=balanced,table.shape=balanced,11104,5,"hitab,sqa,tab_fact,tablebench,wtq",0.6726889155012101,0.6565310405070695,-0.016157874994140318,0.004169404206629533,-0.024329907239134203,-0.007985842749146434,-0.008487235466343342,-0.007670639527796976,0.09104827089337175,0.10716858789625361,0.8017831412103746,-0.027458354644762893,0.010844254497204022,-0.04871309345928278,-0.006203615830243009,-0.020579058947678745,-0.006879295697084148
reason.symbolic_op | table.shape=tall,reason.symbolic_op,reason,table.shape=tall,table.shape=tall,313,3,"hitab,tablebench,wtq",0.5175718849840255,0.476038338658147,-0.04153354632587859,0.02133710898434888,-0.08335427993520239,0.000287187283445213,-0.008487235466343342,-0.03304631085953525,0.051118210862619806,0.0926517571884984,0.8562300319488818,-0.10618366904916614,0.0721207520575166,-0.24754034308189865,0.03517300498356639,-0.020579058947678745,-0.0856046101014874
reason.symbolic_op | table.shape=wide,reason.symbolic_op,reason,table.shape=wide,table.shape=wide,10404,5,"hitab,sqa,tab_fact,tablebench,wtq",0.734265470127343,0.7349591532130656,0.0006936830857224123,0.004173415215561961,-0.007486210736779032,0.008873576908223857,-0.008487235466343342,0.009180918552065754,0.09294502114571318,0.09371395617070358,0.8133410226835832,-0.0099477223564173,0.021774318443499054,-0.05262538650567544,0.03272994179284085,-0.020579058947678745,0.010631336591261446
reason.symbolic_op | text.has_number,reason.symbolic_op,reason,text.has_number,text.has_number,12651,5,"hitab,sqa,tab_fact,tablebench,wtq",0.7280937936167505,0.7247630322252734,-0.003330761391477098,0.003882335455724458,-0.010940138884697036,0.00427861610174284,-0.008487235466343342,0.005156474074866244,0.09382657497431034,0.09730456090427635,0.8088688641214133,-0.023204695216725604,0.020629746080442365,-0.06363899753439264,0.017229607100941433,-0.020579058947678745,-0.0026256362690468583
reason.symbolic_op | text.has_ordinal,reason.symbolic_op,reason,text.has_ordinal,text.has_ordinal,2149,5,"hitab,sqa,tab_fact,tablebench,wtq",0.7261739386308269,0.7164566966851887,-0.00971724194563819,0.009525190127990527,-0.028386614596499625,0.008952130705223244,-0.008487235466343342,-0.001230006479294849,0.09306654257794322,0.10237319683573755,0.8045602605863192,-0.019708365370494283,0.023938074496560605,-0.06662699138375307,0.027210260642764505,-0.020579058947678745,0.0008706935771844622
reason.symbolic_op | text.has_quoted_span,reason.symbolic_op,reason,text.has_quoted_span,text.has_quoted_span,367,5,"hitab,sqa,tab_fact,tablebench,wtq",0.4543879258673691,0.4309430881752695,-0.0234448376920996,0.02116254546753016,-0.06492342680845871,0.018033751424259507,-0.008487235466343342,-0.014957602225756258,0.07629427792915532,0.10626702997275204,0.8174386920980926,-0.022382410869012204,0.012346612942568619,-0.046581772236446696,0.0018169504984222873,-0.020579058947678745,-0.001803351921333459
reason.symbolic_op | text.has_year,reason.symbolic_op,reason,text.has_year,text.has_year,5072,5,"hitab,sqa,tab_fact,tablebench,wtq",0.7036441163289773,0.7060679004510589,0.00242378412208164,0.005993990489067416,-0.009324437236490495,0.014172005480653775,-0.008487235466343342,0.010911019588424982,0.09246845425867507,0.09029968454258674,0.8172318611987381,-0.006133499290991199,0.01995085684573445,-0.04523717870863072,0.032970180126648325,-0.020579058947678745,0.014445559656687547
reason.verify | cell.has_comma_number,reason.verify,reason,cell.has_comma_number,cell.has_comma_number,1700,4,"hitab,sqa,tablebench,wtq",0.5838716838508384,0.6021530717836157,0.018281387932777143,0.009459899664823109,-0.0002600154102761487,0.036822791275830435,0.00898078971098509,0.009300598221792054,0.08705882352941176,0.06823529411764706,0.8447058823529412,-0.004339447897873141,0.0241356935140637,-0.051645407185437996,0.042966511389691715,0.0078031822351426906,-0.012142630133015832
reason.verify | cell.has_currency,reason.verify,reason,cell.has_currency,cell.has_currency,230,3,"hitab,sqa,wtq",0.591304347826087,0.5826086956521739,-0.008695652173913044,0.02221057066622531,-0.05222837067971465,0.034837066331888565,0.00898078971098509,-0.017676441884898135,0.05217391304347826,0.06086956521739131,0.8869565217391304,0.0008514261387824601,0.020650375199037722,-0.03962330925133147,0.04132616152889639,0.0078031822351426906,-0.0069517560963602305
reason.verify | cell.has_date_like,reason.verify,reason,cell.has_date_like,cell.has_date_like,16689,5,"hitab,sqa,tab_fact,tablebench,wtq",0.7023248207872709,0.7072529938512251,0.004928173063954524,0.002943680060692676,-0.0008414398550031206,0.01069778598291217,0.00898078971098509,-0.004052616647030566,0.07687698484031398,0.07214332794055965,0.8509796872191264,0.0014215908784724995,0.002938162963203219,-0.0043372085294058095,0.007180390286350808,0.0078031822351426906,-0.006381591356670191
reason.verify | cell.has_numeric_range,reason.verify,reason,cell.has_numeric_range,cell.has_numeric_range,6989,5,"hitab,sqa,tab_fact,tablebench,wtq",0.7023066553480115,0.70639655098501,0.004089895636998277,0.004731090800642428,-0.005183042332260881,0.013362833606257434,0.00898078971098509,-0.004890894073986813,0.08212905995135213,0.07826584632994706,0.8396050937187008,-0.0040006551524680075,0.007983741898167859,-0.019648789272877012,0.011647478967940996,0.0078031822351426906,-0.011803837387610698
reason.verify | cell.has_percent,reason.verify,reason,cell.has_percent,cell.has_percent,755,5,"hitab,sqa,tab_fact,tablebench,wtq",0.6478078781977239,0.6625192790184437,0.014711400820719638,0.012066198754355703,-0.008938348737817538,0.03836115037925682,0.00898078971098509,0.005730611109734548,0.07019867549668875,0.054304635761589407,0.8754966887417218,0.006612994094698505,0.009002369454191248,-0.011031650035516342,0.02425763822491335,0.0078031822351426906,-0.0011901881404441858
reason.verify | cell.has_score_surface,reason.verify,reason,cell.has_score_surface,cell.has_score_surface,5483,5,"hitab,sqa,tab_fact,tablebench,wtq",0.7345022546177212,0.7442068366484094,0.009704582030688068,0.00525012051949305,-0.0005856541875183096,0.019994818248894444,0.00898078971098509,0.0007237923197029785,0.08079518511763634,0.07076418019332482,0.8484406346890389,-0.0051017222176845305,0.022731298764528573,-0.04965506779616054,0.03945162336079147,0.0078031822351426906,-0.012904904452827222
reason.verify | cell.missing_value_marker,reason.verify,reason,cell.missing_value_marker,cell.missing_value_marker,5277,5,"hitab,sqa,tab_fact,tablebench,wtq",0.6049463208499128,0.6166760375162035,0.011729716666290505,0.005209882923130329,0.0015183461369550604,0.02194108719562595,0.00898078971098509,0.002748926955305415,0.07921167329922305,0.06727307182111048,0.8535152548796665,0.013047709121389927,0.007710260448238074,-0.0020644013571566987,0.028159819599936554,0.0078031822351426906,0.005244526886247236
reason.verify | grounding.cell_overlap,reason.verify,reason,grounding.cell_overlap,grounding.cell_overlap,17562,5,"hitab,sqa,tab_fact,tablebench,wtq",0.7260619870284964,0.73504696133046,0.00898497430196351,0.0028384220462924193,0.0034216670912303676,0.014548281512696652,0.00898078971098509,4.1845909784198054e-06,0.07601639904338914,0.06679193713700034,0.8571916638196105,0.009644050182737129,0.003149865259585567,0.0034703142739494174,0.01581778609152484,0.0078031822351426906,0.0018408679475944382
reason.verify | grounding.header_overlap,reason.verify,reason,grounding.header_overlap,grounding.header_overlap,15577,5,"hitab,sqa,tab_fact,tablebench,wtq",0.7204964192739578,0.7284045183935053,0.007908099119547112,0.002987792457327665,0.0020520259031848887,0.013764172335909335,0.00898078971098509,-0.0010726905914379779,0.07485395133851191,0.06695769403607883,0.8581883546254092,0.004762759180854002,0.004048522841279689,-0.0031723455880541887,0.012697863949762193,0.0078031822351426906,-0.0030404230542886886
reason.verify | intent.aggregate_noncount,reason.verify,reason,intent.aggregate_noncount,intent.aggregate_noncount,1666,5,"hitab,sqa,tab_fact,tablebench,wtq",0.5785526452229557,0.5920913042774584,0.013538659054502614,0.008514624843788817,-0.003150005639323465,0.03022732374832869,0.00898078971098509,0.004557869343517524,0.07082833133253301,0.0546218487394958,0.8745498199279712,0.020559801395337075,0.010933481504451666,-0.0008698223533881895,0.04198942514406234,0.0078031822351426906,0.012756619160194384
reason.verify | intent.arithmetic,reason.verify,reason,intent.arithmetic,intent.arithmetic,1028,5,"hitab,sqa,tab_fact,tablebench,wtq",0.5672888494659634,0.587831623629289,0.020542774163325634,0.011683053029581066,-0.002356009774653254,0.043441558101304525,0.00898078971098509,0.011561984452340544,0.08268482490272373,0.061284046692607,0.8560311284046692,0.007338202108386172,0.03851181897699659,-0.06814496308652714,0.08282136730329949,0.0078031822351426906,-0.00046498012675651873
reason.verify | intent.comparison,reason.verify,reason,intent.comparison,intent.comparison,1187,5,"hitab,sqa,tab_fact,tablebench,wtq",0.6849199663016007,0.6941870261162595,0.009267059814658803,0.011705668707545335,-0.013676050852130053,0.032210170481447656,0.00898078971098509,0.00028627010367371364,0.08593091828138164,0.07666385846672283,0.8374052232518955,0.013787902781613477,0.023475153450883444,-0.03222339798211807,0.05979920354534503,0.0078031822351426906,0.005984720546470786
reason.verify | intent.count,reason.verify,reason,intent.count,intent.count,2966,5,"hitab,sqa,tab_fact,tablebench,wtq",0.5151173049551246,0.526735434106975,0.011618129151850452,0.007787682010020703,-0.0036457275877901252,0.02688198589149103,0.00898078971098509,0.0026373394408653623,0.09743762643290627,0.08496291301416048,0.8175994605529332,-0.012248743810264612,0.01873097120170885,-0.048961447365613954,0.02446395974508473,0.0078031822351426906,-0.0200519260454073
reason.verify | intent.negation_marker,reason.verify,reason,intent.negation_marker,intent.negation_marker,1180,5,"hitab,sqa,tab_fact,tablebench,wtq",0.6341562269712602,0.6491525423728813,0.014996315401621222,0.01262727239889682,-0.009753138500216547,0.039745769303458994,0.00898078971098509,0.006015525690636132,0.1016949152542373,0.08728813559322034,0.8110169491525424,0.02790332714199224,0.010752593827613696,0.006828243239869396,0.048978411044115086,0.0078031822351426906,0.020100144906849547
reason.verify | intent.superlative_rank,reason.verify,reason,intent.superlative_rank,intent.superlative_rank,4698,5,"hitab,sqa,tab_fact,tablebench,wtq",0.6844846613482763,0.706415200093361,0.02193053874508469,0.0058560924527080865,0.010452597537776841,0.033408479952392545,0.00898078971098509,0.012949749034099602,0.09216687952320136,0.07002979991485739,0.8378033205619413,0.015777092594679982,0.005503474604162383,0.004990282370521711,0.026563902818838254,0.0078031822351426906,0.007973910359537291
reason.verify | intent.temporal,reason.verify,reason,intent.temporal,intent.temporal,8618,5,"hitab,sqa,tab_fact,tablebench,wtq",0.7037630208586506,0.7125422241771316,0.008779203318480965,0.004086274036824125,0.0007701062063056787,0.016788300430656253,0.00898078971098509,-0.00020158639250412481,0.07681596658157346,0.06811325133441634,0.8550707820840102,0.003474126400613782,0.006368525198299842,-0.009008182988053906,0.01595643578928147,0.0078031822351426906,-0.004329055834528909
reason.verify | schema.has_date_col,reason.verify,reason,schema.has_date_col,schema.has_date_col,11385,5,"hitab,sqa,tab_fact,tablebench,wtq",0.7093825284903342,0.7161354205384193,0.006752892048084885,0.003592446940810877,-0.0002883039559044339,0.013794088052074204,0.00898078971098509,-0.0022278976629002047,0.07799736495388669,0.07105841018884497,0.8509442248572683,0.00598620693158832,0.003549121692528988,-0.0009700715857684956,0.012942485448945136,0.0078031822351426906,-0.0018169753035543702
reason.verify | schema.has_rank_col,reason.verify,reason,schema.has_rank_col,schema.has_rank_col,5969,5,"hitab,sqa,tab_fact,tablebench,wtq",0.7077818550464953,0.7149526115397697,0.007170756493274525,0.004812218901363585,-0.002261192553398103,0.016602705539947152,0.00898078971098509,-0.0018100332177105648,0.07471938348132015,0.06768302898307925,0.8575975875356006,0.00855528418860383,0.005248846967440155,-0.0017324558675788724,0.01884302424478653,0.0078031822351426906,0.0007521019534611397
reason.verify | schema.has_score_col,reason.verify,reason,schema.has_score_col,schema.has_score_col,7708,5,"hitab,sqa,tab_fact,tablebench,wtq",0.7331269280831327,0.7399944839797357,0.006867555896602885,0.004420218028409005,-0.0017960714390787644,0.015531183232284534,0.00898078971098509,-0.002113233814382205,0.07900882200311365,0.07239231966787753,0.8485988583290088,-0.019425633885225207,0.01772716985674029,-0.05417088680443617,0.015319619033985762,0.0078031822351426906,-0.0272288161203679
reason.verify | schema.has_unit_col,reason.verify,reason,schema.has_unit_col,schema.has_unit_col,1848,5,"hitab,sqa,tab_fact,tablebench,wtq",0.6417422229323327,0.655127496019168,0.013385273086835035,0.007923657377458057,-0.0021450953729827554,0.028915641546652826,0.00898078971098509,0.004404483375849946,0.07413419913419914,0.06385281385281386,0.862012987012987,0.00917508076121409,0.007012975675610268,-0.0045703515629820345,0.022920513085410217,0.0078031822351426906,0.0013718985260713999
reason.verify | schema.header_repetition_marker,reason.verify,reason,schema.header_repetition_marker,schema.header_repetition_marker,1388,5,"hitab,sqa,tab_fact,tablebench,wtq",0.570350486939888,0.5854295465676351,0.01507905962774728,0.010109661689718346,-0.0047358772841006765,0.03489399653959524,0.00898078971098509,0.00609826991676219,0.0814121037463977,0.06628242074927954,0.8523054755043228,0.04155321809558528,0.06835948675990798,-0.09243137595383437,0.1755378121450049,0.0078031822351426906,0.03375003586044259
reason.verify | table.cols_bin=0_3,reason.verify,reason,table.cols_bin=0_3,table.cols_bin=0_3,136,3,"hitab,sqa,wtq",0.6985294117647058,0.6544117647058824,-0.04411764705882353,0.02927528246269431,-0.10149720068570438,0.013261906568057313,0.00898078971098509,-0.05309843676980862,0.03676470588235294,0.08088235294117647,0.8823529411764706,0.0017396933284783724,0.07170209585183575,-0.13879641454111968,0.14227580119807642,0.0078031822351426906,-0.006063488906664318
reason.verify | table.cols_bin=4_6,reason.verify,reason,table.cols_bin=4_6,table.cols_bin=4_6,14136,5,"hitab,sqa,tab_fact,tablebench,wtq",0.7079782132289401,0.7148949830657191,0.006916769836779096,0.0031836613656832497,0.000676793560039927,0.013156746113518265,0.00898078971098509,-0.0020640198742059935,0.07703735144312394,0.0705291454442558,0.8524335031126202,0.009351289864502519,0.004508182335046289,0.0005152524878117935,0.018187327241193242,0.0078031822351426906,0.001548107629359828
reason.verify | table.cols_bin=7_10,reason.verify,reason,table.cols_bin=7_10,table.cols_bin=7_10,6755,5,"hitab,sqa,tab_fact,tablebench,wtq",0.690146935080706,0.7027827124054945,0.012635777324788424,0.004558762525415117,0.003700602774974795,0.021570951874602055,0.00898078971098509,0.0036549876138033347,0.07949666913397484,0.06617320503330866,0.8543301258327165,0.0048874241352514745,0.006926008159888863,-0.008687551858130697,0.018462400128633646,0.0078031822351426906,-0.002915758099891216
reason.verify | table.cols_bin=gt_10,reason.verify,reason,table.cols_bin=gt_10,table.cols_bin=gt_10,794,4,"hitab,tab_fact,tablebench,wtq",0.6371701514557347,0.6608977056644887,0.023727554208753818,0.014187715274902426,-0.004080367730054935,0.05153547614756257,0.00898078971098509,0.014746764497768728,0.09445843828715365,0.07556675062972293,0.8299748110831234,0.030380751297008915,0.027624698731960884,-0.023763658217634417,0.08452516081165225,0.0078031822351426906,0.022577569061866226
reason.verify | table.numeric_cols_bin=0,reason.verify,reason,table.numeric_cols_bin=0,table.numeric_cols_bin=0,3898,5,"hitab,sqa,tab_fact,tablebench,wtq",0.7147255002565418,0.7183170856849667,0.0035915854284248334,0.006429486881174515,-0.009010208858677217,0.01619337971552688,0.00898078971098509,-0.005389204282560256,0.0823499230374551,0.07875833760903027,0.8388917393535146,-0.012637378561667367,0.016131748618458345,-0.04425560585384572,0.01898084873051099,0.0078031822351426906,-0.02044056079681006
reason.verify | table.numeric_cols_bin=1,reason.verify,reason,table.numeric_cols_bin=1,table.numeric_cols_bin=1,7480,5,"hitab,sqa,tab_fact,tablebench,wtq",0.7276737967914438,0.7377005347593583,0.010026737967914439,0.004332847112653624,0.0015343576271133353,0.01851911830871554,0.00898078971098509,0.001045948256929349,0.07526737967914439,0.06524064171122995,0.8594919786096257,0.010260965631810191,0.011301251345962583,-0.011889487006276473,0.03241141826989685,0.0078031822351426906,0.0024577833966675008
reason.verify | table.numeric_cols_bin=2_3,reason.verify,reason,table.numeric_cols_bin=2_3,table.numeric_cols_bin=2_3,5634,5,"hitab,sqa,tab_fact,tablebench,wtq",0.7163946640610706,0.7186963877756252,0.0023017237145546445,0.004967488174408614,-0.007434553107286239,0.012038000536395529,0.00898078971098509,-0.006679065996430445,0.07277245296414625,0.06975505857294995,0.8574724884629038,0.00043673793407754733,0.007948337210910861,-0.01514200299930774,0.016015478867462834,0.0078031822351426906,-0.007366444301065143
reason.verify | table.numeric_cols_bin=ge_4,reason.verify,reason,table.numeric_cols_bin=ge_4,table.numeric_cols_bin=ge_4,4809,5,"hitab,sqa,tab_fact,tablebench,wtq",0.625008968935381,0.6445560475121341,0.01954707857675291,0.005319792231565847,0.009120285802883848,0.029973871350621968,0.00898078971098509,0.010566288865767819,0.08567269702640881,0.06799750467872738,0.8463297982948638,0.01953355003002338,0.009924856033448072,8.083220446515951e-05,0.0389862678555816,0.0078031822351426906,0.01173036779488069
reason.verify | table.numeric_density_bin=high,reason.verify,reason,table.numeric_density_bin=high,table.numeric_density_bin=high,5196,5,"hitab,sqa,tab_fact,tablebench,wtq",0.6333840769151432,0.6467589027168278,0.013374825801684793,0.005126765235458876,0.003326365940185398,0.02342328566318419,0.00898078971098509,0.004394036090699703,0.08275596612779061,0.0712086220169361,0.8460354118552733,0.015311712775986776,0.009445061157023907,-0.003200607091780081,0.03382403264375364,0.0078031822351426906,0.007508530540844086
reason.verify | table.numeric_density_bin=low,reason.verify,reason,table.numeric_density_bin=low,table.numeric_density_bin=low,7327,5,"hitab,sqa,tab_fact,tablebench,wtq",0.7319503207315409,0.7425958782584959,0.010645557526955098,0.00437446086612104,0.0020716142293578602,0.019219500824552337,0.00898078971098509,0.0016647678159700079,0.07547427323597652,0.06482871570902143,0.8596970110550021,0.029251460632040927,0.013956399438854314,0.001896917731886473,0.05660600353219538,0.0078031822351426906,0.021448278396898238
reason.verify | table.numeric_density_bin=mid,reason.verify,reason,table.numeric_density_bin=mid,table.numeric_density_bin=mid,5400,5,"hitab,sqa,tab_fact,tablebench,wtq",0.7094022231998584,0.7157863375364978,0.0063841143366391495,0.005077742366082293,-0.0035682607008821433,0.01633648937416044,0.00898078971098509,-0.00259667537434594,0.07444444444444444,0.06722222222222222,0.8583333333333333,0.0056891008934805525,0.013043713769776494,-0.019876578095281375,0.031254779882242484,0.0078031822351426906,-0.002114081341662138
reason.verify | table.numeric_density_bin=none,reason.verify,reason,table.numeric_density_bin=none,table.numeric_density_bin=none,3898,5,"hitab,sqa,tab_fact,tablebench,wtq",0.7147255002565418,0.7183170856849667,0.0035915854284248334,0.006429486881174515,-0.009010208858677217,0.01619337971552688,0.00898078971098509,-0.005389204282560256,0.0823499230374551,0.07875833760903027,0.8388917393535146,-0.012637378561667367,0.016131748618458345,-0.04425560585384572,0.01898084873051099,0.0078031822351426906,-0.02044056079681006
reason.verify | table.rows_bin=0_5,reason.verify,reason,table.rows_bin=0_5,table.rows_bin=0_5,1332,3,"hitab,tab_fact,wtq",0.8145645645645646,0.8190690690690691,0.0045045045045045045,0.008821772849912677,-0.012786170281324342,0.02179517929033335,0.00898078971098509,-0.004476285206480585,0.05405405405405406,0.04954954954954955,0.8963963963963963,-0.04126351735913489,0.050870862785861046,-0.14097040841942254,0.058443373701152754,0.0078031822351426906,-0.04906669959427758
reason.verify | table.rows_bin=11_25,reason.verify,reason,table.rows_bin=11_25,table.rows_bin=11_25,9391,5,"hitab,sqa,tab_fact,tablebench,wtq",0.6920587245946037,0.6990686501174089,0.0070099255228051275,0.003983859480294414,-0.0007984390585719231,0.014818290104182178,0.00898078971098509,-0.001970864188179962,0.08007666915131509,0.07358108827600894,0.846342242572676,0.003910051827255687,0.005390681821797802,-0.006655684543468005,0.01447578819797938,0.0078031822351426906,-0.0038931304078870035
reason.verify | table.rows_bin=26_50,reason.verify,reason,table.rows_bin=26_50,table.rows_bin=26_50,2976,5,"hitab,sqa,tab_fact,tablebench,wtq",0.6262433851148362,0.615243629709182,-0.010999755405654024,0.0074173024067600785,-0.025537668122903777,0.0035381573115957302,0.00898078971098509,-0.019980545116639114,0.07997311827956989,0.09005376344086022,0.8299731182795699,-0.007504746187974051,0.008967863382314492,-0.025081758417310453,0.010072266041362353,0.0078031822351426906,-0.015307928423116741
reason.verify | table.rows_bin=6_10,reason.verify,reason,table.rows_bin=6_10,table.rows_bin=6_10,7702,5,"hitab,sqa,tab_fact,tablebench,wtq",0.728383779818312,0.7477131583934836,0.01932937857517126,0.004167201876527617,0.01116166289717713,0.027497094253165388,0.00898078971098509,0.01034858886418617,0.0792002077382498,0.06024409244352116,0.860555699818229,0.02441960715577285,0.004399624931146371,0.015796342290725962,0.033042872020819736,0.0078031822351426906,0.01661642492063016
reason.verify | table.rows_bin=gt_50,reason.verify,reason,table.rows_bin=gt_50,table.rows_bin=gt_50,420,3,"hitab,tablebench,wtq",0.5071428571428571,0.5261904761904762,0.01904761904761905,0.018441310574842655,-0.017097349679072553,0.05519258777431065,0.00898078971098509,0.01006682933663396,0.08095238095238096,0.06190476190476191,0.8571428571428571,0.008492569002123142,0.008492569002123142,-0.008152866242038216,0.025138004246284498,0.0078031822351426906,0.0006893867669804515
reason.verify | table.shape=balanced,reason.verify,reason,table.shape=balanced,table.shape=balanced,11104,5,"hitab,sqa,tab_fact,tablebench,wtq",0.6726889155012101,0.675293398557626,0.0026044830564157157,0.0036993606380153355,-0.004646263794094342,0.009855229906925772,0.00898078971098509,-0.006376306654569374,0.07961095100864553,0.0769092219020173,0.8434798270893372,-0.0006612855961971645,0.003947095786710901,-0.00839759333815053,0.007075022145756201,0.0078031822351426906,-0.008464467831339854
reason.verify | table.shape=tall,reason.verify,reason,table.shape=tall,table.shape=tall,313,3,"hitab,tablebench,wtq",0.5175718849840255,0.5143769968051118,-0.003194888178913738,0.022399298399061164,-0.04709751304107362,0.04070773668324614,0.00898078971098509,-0.012175677889898828,0.07667731629392971,0.07987220447284345,0.8434504792332268,-0.0992527615334633,0.0807528711661894,-0.2575283890191945,0.05902286595226791,0.0078031822351426906,-0.10705594376860599
reason.verify | table.shape=wide,reason.verify,reason,table.shape=wide,table.shape=wide,10404,5,"hitab,sqa,tab_fact,tablebench,wtq",0.734265470127343,0.7504178761658827,0.016152406038539548,0.0035698795669451464,0.009155442087327062,0.023149369989752033,0.00898078971098509,0.007171616327554458,0.07670126874279123,0.06113033448673587,0.8621683967704729,0.020739192670352673,0.0026062312529446896,0.01563097941458108,0.025847405926124264,0.0078031822351426906,0.012936010435209982
reason.verify | text.has_number,reason.verify,reason,text.has_number,text.has_number,12651,5,"hitab,sqa,tab_fact,tablebench,wtq",0.7280937936167505,0.7374863356305994,0.009392542013848903,0.0034131531075282636,0.0027027619230935067,0.0160823221046043,0.00898078971098509,0.0004117523028638135,0.07857086396332305,0.0692435380602324,0.8521855979764446,0.011725531476608226,0.0018908376167993551,0.00801948974768149,0.015431573205534961,0.0078031822351426906,0.003922349241465535
reason.verify | text.has_ordinal,reason.verify,reason,text.has_ordinal,text.has_ordinal,2149,5,"hitab,sqa,tab_fact,tablebench,wtq",0.7261739386308269,0.7378140995812006,0.011640160950373636,0.008097992121095757,-0.004231903606974048,0.027512225507721318,0.00898078971098509,0.002659371239388546,0.07677989762680316,0.06468124709167054,0.8585388552815263,0.03676283235956372,0.014510165625464167,0.008322907733653954,0.06520275698547348,0.0078031822351426906,0.028959650124421032
reason.verify | text.has_quoted_span,reason.verify,reason,text.has_quoted_span,text.has_quoted_span,367,5,"hitab,sqa,tab_fact,tablebench,wtq",0.4543879258673691,0.4754820976146087,0.021094171747239685,0.017927329422823365,-0.014043393921494108,0.05623173741597348,0.00898078971098509,0.012113382036254595,0.07084468664850137,0.0653950953678474,0.8637602179836512,0.014899103881689756,0.0070943127671408215,0.0009942508580937457,0.02880395690528577,0.0078031822351426906,0.007095921646547066
reason.verify | text.has_year,reason.verify,reason,text.has_year,text.has_year,5072,5,"hitab,sqa,tab_fact,tablebench,wtq",0.7036441163289773,0.713934660912425,0.010290544583447744,0.005370099755569217,-0.000234850937467921,0.02081594010436341,0.00898078971098509,0.001309754872462654,0.07847003154574132,0.06821766561514196,0.8533123028391167,0.0026167230680257817,0.004226872445693777,-0.00566794692553402,0.010901393061585583,0.0078031822351426906,-0.005186459167116909
ser.html | cell.has_comma_number,ser.html,ser,cell.has_comma_number,cell.has_comma_number,1700,4,"hitab,sqa,tablebench,wtq",0.5838716838508384,0.5996700351315487,0.015798351280710263,0.010167532636878392,-0.004130012687571384,0.03572671524899191,0.016827336843327007,-0.0010289855626167445,0.09647058823529411,0.08176470588235295,0.821764705882353,-0.0285938724634601,0.04880315909807347,-0.1242480642956841,0.0670603193687639,0.009372564167355603,-0.037966436630815704
ser.html | cell.has_currency,ser.html,ser,cell.has_currency,cell.has_currency,230,3,"hitab,sqa,wtq",0.591304347826087,0.6217391304347826,0.030434782608695653,0.02642805916116419,-0.021364213347186158,0.08223377856457746,0.016827336843327007,0.013607445765368646,0.09565217391304348,0.06521739130434782,0.8391304347826087,0.0210727969348659,0.01568075243653726,-0.00966147784074713,0.051807071710478936,0.009372564167355603,0.011700232767510298
ser.html | cell.has_date_like,ser.html,ser,cell.has_date_like,cell.has_date_like,16689,5,"hitab,sqa,tab_fact,tablebench,wtq",0.7023248207872709,0.7164686304071938,0.014143809619923012,0.0032193765612519585,0.007833831559869175,0.02045378767997685,0.016827336843327007,-0.0026835272234039947,0.09635088980765774,0.0817904008628438,0.8218587093294984,0.005582912175648101,0.004405472838273363,-0.003051814587367689,0.01421763893866389,0.009372564167355603,-0.0037896519917075024
ser.html | cell.has_numeric_range,ser.html,ser,cell.has_numeric_range,cell.has_numeric_range,6989,5,"hitab,sqa,tab_fact,tablebench,wtq",0.7023066553480115,0.7166504194435322,0.014343764095520663,0.005101184490089521,0.004345442494945203,0.024342085696096125,0.016827336843327007,-0.0024835727478063445,0.09972814422664186,0.08642151953069109,0.813850336242667,0.01119361276693588,0.015920976607470327,-0.020011501383705964,0.04239872691757772,0.009372564167355603,0.0018210485995802765
ser.html | cell.has_percent,ser.html,ser,cell.has_percent,cell.has_percent,755,5,"hitab,sqa,tab_fact,tablebench,wtq",0.6478078781977239,0.6604798690777232,0.012671990879999248,0.01528746627539291,-0.017291443019770855,0.04263542477976935,0.016827336843327007,-0.004155345963327759,0.10198675496688742,0.08874172185430464,0.8092715231788079,0.015072591291071394,0.007277176050643976,0.0008093262318092011,0.02933585635033359,0.009372564167355603,0.005700027123715791
ser.html | cell.has_score_surface,ser.html,ser,cell.has_score_surface,cell.has_score_surface,5483,5,"hitab,sqa,tab_fact,tablebench,wtq",0.7345022546177212,0.7513250713897975,0.016822816772076334,0.005717189404437279,0.0056171255393792675,0.0280285080047734,0.016827336843327007,-4.520071250672941e-06,0.09848623016596754,0.08134233084078059,0.8201714389932518,0.006435739178713926,0.023627237023682534,-0.03987364538770384,0.0527451237451317,0.009372564167355603,-0.0029368249886416774
ser.html | cell.missing_value_marker,ser.html,ser,cell.missing_value_marker,cell.missing_value_marker,5277,5,"hitab,sqa,tab_fact,tablebench,wtq",0.6049463208499128,0.6101414557203155,0.005195134870402526,0.00575480824663164,-0.006084289292995488,0.01647455903380054,0.016827336843327007,-0.011632201972924482,0.0911502747773356,0.08679173772977071,0.8220579874928937,0.012552713945547323,0.009585928711401894,-0.0062357063288003885,0.03134113421989503,0.009372564167355603,0.0031801497781917196
ser.html | grounding.cell_overlap,ser.html,ser,grounding.cell_overlap,grounding.cell_overlap,17562,5,"hitab,sqa,tab_fact,tablebench,wtq",0.7260619870284964,0.7452515402503737,0.019189553221877178,0.003092491399203106,0.01312827007943909,0.025250836364315264,0.016827336843327007,0.0023622163785501707,0.09440838173328778,0.07516228220020499,0.8304293360665073,0.0161256284511073,0.004571455791729854,0.007165575099316786,0.025085681802897816,0.009372564167355603,0.006753064283751697
ser.html | grounding.header_overlap,ser.html,ser,grounding.header_overlap,grounding.header_overlap,15577,5,"hitab,sqa,tab_fact,tablebench,wtq",0.7204964192739578,0.7334369650093653,0.012940545735407353,0.003268008269633043,0.006535249526926588,0.019345841943888116,0.016827336843327007,-0.0038867911079196547,0.09154522693715093,0.07819220645823971,0.8302625666046094,0.004422774378180447,0.005277532700298536,-0.005921189714404682,0.014766738470765577,0.009372564167355603,-0.004949789789175156
ser.html | intent.aggregate_noncount,ser.html,ser,intent.aggregate_noncount,intent.aggregate_noncount,1666,5,"hitab,sqa,tab_fact,tablebench,wtq",0.5785526452229557,0.592452714058193,0.013900068835237348,0.01000037612030996,-0.005700668360570172,0.03350080603104487,0.016827336843327007,-0.0029272680080896594,0.0936374549819928,0.07743097238895558,0.8289315726290516,-0.00014562698802988576,0.02001571981920451,-0.03937643783367072,0.03908518385761096,0.009372564167355603,-0.00951819115538549
ser.html | intent.arithmetic,ser.html,ser,intent.arithmetic,intent.arithmetic,1028,5,"hitab,sqa,tab_fact,tablebench,wtq",0.5672888494659634,0.5962596597810605,0.028970810315097194,0.012734033202071348,0.004012105239037354,0.053929515391157035,0.016827336843327007,0.012143473471770187,0.10019455252918288,0.07101167315175097,0.8287937743190662,0.007056868030992496,0.02569991584189649,-0.04331496701912463,0.05742870308110962,0.009372564167355603,-0.0023156961363631073
ser.html | intent.comparison,ser.html,ser,intent.comparison,intent.comparison,1187,5,"hitab,sqa,tab_fact,tablebench,wtq",0.6849199663016007,0.6908171861836563,0.005897219882055603,0.012528176643542171,-0.018658006339287055,0.030452446103398256,0.016827336843327007,-0.010930116961271405,0.09604043807919124,0.09014321819713564,0.8138163437236732,-0.026041069437295856,0.017601836977272807,-0.06054066991275056,0.008458531038158846,0.009372564167355603,-0.03541363360465146
ser.html | intent.count,ser.html,ser,intent.count,intent.count,2966,5,"hitab,sqa,tab_fact,tablebench,wtq",0.5151173049551246,0.5262247862975062,0.011107481342381648,0.008117351240238714,-0.004802527088486231,0.027017489773249526,0.016827336843327007,-0.005719855500945359,0.10451786918408631,0.09339177343223196,0.8020903573836817,0.008772879895664821,0.0061710793388117255,-0.003322435608406161,0.020868195399735803,0.009372564167355603,-0.0005996842716907824
ser.html | intent.negation_marker,ser.html,ser,intent.negation_marker,intent.negation_marker,1180,5,"hitab,sqa,tab_fact,tablebench,wtq",0.6341562269712602,0.6678773204196933,0.033721093448433166,0.01400058566461658,0.0062799455457846695,0.06116224135108166,0.016827336843327007,0.01689375660510616,0.13305084745762713,0.1,0.7669491525423728,0.028569572826510875,0.012607036089261163,0.0038597820915589956,0.053279363561462754,0.009372564167355603,0.019197008659155274
ser.html | intent.superlative_rank,ser.html,ser,intent.superlative_rank,intent.superlative_rank,4698,5,"hitab,sqa,tab_fact,tablebench,wtq",0.6844846613482763,0.7036915607235424,0.019206899375266092,0.0063450537672443096,0.006770593991467245,0.03164320475906494,0.016827336843327007,0.002379562531939085,0.10451255853554704,0.0857811834823329,0.80970625798212,0.00779093990620761,0.006683011119978888,-0.00530776188895101,0.02088964170136623,0.009372564167355603,-0.0015816242611479932
ser.html | intent.temporal,ser.html,ser,intent.temporal,intent.temporal,8618,5,"hitab,sqa,tab_fact,tablebench,wtq",0.7037630208586506,0.725440131962281,0.02167711110363027,0.004467853078092338,0.012920119070569287,0.030434103136691253,0.016827336843327007,0.004849774260303263,0.09781851937804595,0.07600371315850546,0.8261777674634486,0.015289251842096539,0.004809959598198165,0.005861731029628135,0.024716772654564942,0.009372564167355603,0.005916687674740935
ser.html | schema.has_date_col,ser.html,ser,schema.has_date_col,schema.has_date_col,11385,5,"hitab,sqa,tab_fact,tablebench,wtq",0.7093825284903342,0.7284154105186816,0.019032882028347232,0.003922655532025733,0.011344477185576796,0.026721286871117668,0.016827336843327007,0.0022055451850202246,0.09846288976723759,0.07931488801054018,0.8222222222222222,0.015615442983566246,0.0027980334905274664,0.010131297342132412,0.021099588625000082,0.009372564167355603,0.006242878816210643
ser.html | schema.has_rank_col,ser.html,ser,schema.has_rank_col,schema.has_rank_col,5969,5,"hitab,sqa,tab_fact,tablebench,wtq",0.7077818550464953,0.7261913286461215,0.018409473599625994,0.005162168355806875,0.008291623622244518,0.02852732357700747,0.016827336843327007,0.0015821367562989866,0.0909700117272575,0.07237393198190652,0.836656056290836,0.07564141624511524,0.06462764097462588,-0.05102876006515149,0.20231159255538195,0.009372564167355603,0.06626885207775964
ser.html | schema.has_score_col,ser.html,ser,schema.has_score_col,schema.has_score_col,7708,5,"hitab,sqa,tab_fact,tablebench,wtq",0.7331269280831327,0.7523639699100276,0.019237041826894907,0.00472311573399155,0.009979734988271469,0.028494348665518344,0.016827336843327007,0.0024097049835678994,0.0962636222106902,0.07680332122470161,0.8269330565646082,0.004485814569313004,0.007042105781765698,-0.009316712762947764,0.018288341901573774,0.009372564167355603,-0.004886749598042599
ser.html | schema.has_unit_col,ser.html,ser,schema.has_unit_col,schema.has_unit_col,1848,5,"hitab,sqa,tab_fact,tablebench,wtq",0.6417422229323327,0.653766500092271,0.01202427715993805,0.00917960120624001,-0.005967741204292368,0.03001629552416847,0.016827336843327007,-0.004803059683388957,0.09577922077922078,0.08333333333333333,0.8208874458874459,0.00453573922274369,0.011858481552172628,-0.018706884619514662,0.02777836306500204,0.009372564167355603,-0.004836824944611913
ser.html | schema.header_repetition_marker,ser.html,ser,schema.header_repetition_marker,schema.header_repetition_marker,1388,5,"hitab,sqa,tab_fact,tablebench,wtq",0.570350486939888,0.5989821129709971,0.02863162603110914,0.011416988706604696,0.006254328166163937,0.05100892389605434,0.016827336843327007,0.011804289187782133,0.10662824207492795,0.08069164265129683,0.8126801152737753,0.05660586230818868,0.04552140041646818,-0.03261608250808896,0.14582780712446633,0.009372564167355603,0.04723329814083308
ser.html | table.cols_bin=0_3,ser.html,ser,table.cols_bin=0_3,table.cols_bin=0_3,136,3,"hitab,sqa,wtq",0.6985294117647058,0.6544117647058824,-0.04411764705882353,0.031080132321857565,-0.10503470640966436,0.016799412292017292,0.016827336843327007,-0.06094498390215054,0.04411764705882353,0.08823529411764706,0.8676470588235294,-0.018691588785046728,0.01869158878504673,-0.055327102803738315,0.017943925233644863,0.009372564167355603,-0.028064152952402333
ser.html | table.cols_bin=4_6,ser.html,ser,table.cols_bin=4_6,table.cols_bin=4_6,14136,5,"hitab,sqa,tab_fact,tablebench,wtq",0.7079782132289401,0.7239710745173488,0.015992861288408596,0.0034963570738390753,0.00914000142368401,0.022845721153133183,0.016827336843327007,-0.000834475554918411,0.09684493491794001,0.08106960950764007,0.8220854555744199,0.002923097061076095,0.00789033046321795,-0.012541950646831085,0.018388144768983275,0.009372564167355603,-0.006449467106279508
ser.html | table.cols_bin=7_10,ser.html,ser,table.cols_bin=7_10,table.cols_bin=7_10,6755,5,"hitab,sqa,tab_fact,tablebench,wtq",0.690146935080706,0.7094634195847216,0.019316484504015588,0.004946933814016158,0.009620494228543918,0.029012474779487256,0.016827336843327007,0.002489147660688581,0.09518874907475944,0.07579570688378978,0.8290155440414507,0.025493167205761353,0.006082380079294556,0.013571702250344023,0.037414632161178685,0.009372564167355603,0.016120603038405748
ser.html | table.cols_bin=gt_10,ser.html,ser,table.cols_bin=gt_10,table.cols_bin=gt_10,794,4,"hitab,tab_fact,tablebench,wtq",0.6371701514557347,0.658116470423832,0.020946318968097337,0.01567484362436256,-0.00977637453565328,0.05166901247184795,0.016827336843327007,0.00411898212477033,0.11083123425692695,0.09445843828715365,0.7947103274559194,0.018349998310367446,0.01353817204816146,-0.008184818904029015,0.04488481552476391,0.009372564167355603,0.008977434143011843
ser.html | table.numeric_cols_bin=0,ser.html,ser,table.numeric_cols_bin=0,table.numeric_cols_bin=0,3898,5,"hitab,sqa,tab_fact,tablebench,wtq",0.7147255002565418,0.7275525910723448,0.012827090815802977,0.006985991581745608,-0.0008654526844184152,0.026519634316024367,0.016827336843327007,-0.004000246027524031,0.10159055926115956,0.0887634684453566,0.8096459722934838,-0.018366977323798963,0.017651005020145303,-0.05296294716328376,0.01622899251568583,0.009372564167355603,-0.027739541491154568
ser.html | table.numeric_cols_bin=1,ser.html,ser,table.numeric_cols_bin=1,table.numeric_cols_bin=1,7480,5,"hitab,sqa,tab_fact,tablebench,wtq",0.7276737967914438,0.7450534759358288,0.017379679144385027,0.0046923140391752815,0.008182743627601475,0.026576614661168577,0.016827336843327007,0.0005523423010580196,0.09117647058823529,0.07379679144385026,0.8350267379679145,0.019505882558008034,0.018914367123805415,-0.01756627700465058,0.05657804212066665,0.009372564167355603,0.010133318390652431
ser.html | table.numeric_cols_bin=2_3,ser.html,ser,table.numeric_cols_bin=2_3,table.numeric_cols_bin=2_3,5634,5,"hitab,sqa,tab_fact,tablebench,wtq",0.7163946640610706,0.725324337119307,0.008929673058236378,0.005565328500640229,-0.0019783708030184713,0.019837716919491228,0.016827336843327007,-0.007897663785090629,0.09389421370252041,0.08466453674121406,0.8214412495562655,-0.0024729481101206136,0.009321504048159497,-0.020743096044513226,0.015797199824272,0.009372564167355603,-0.011845512277476216
ser.html | table.numeric_cols_bin=ge_4,ser.html,ser,table.numeric_cols_bin=ge_4,table.numeric_cols_bin=ge_4,4809,5,"hitab,sqa,tab_fact,tablebench,wtq",0.625008968935381,0.6534721711080026,0.028463202172621094,0.005789449106168784,0.017115881924530278,0.03981052242071191,0.016827336843327007,0.011635865329294087,0.10376377625285922,0.07693907257226035,0.8192971511748804,0.026477281068969644,0.00668814260685746,0.013368521559529022,0.03958604057841027,0.009372564167355603,0.01710471690161404
ser.html | table.numeric_density_bin=high,ser.html,ser,table.numeric_density_bin=high,table.numeric_density_bin=high,5196,5,"hitab,sqa,tab_fact,tablebench,wtq",0.6333840769151432,0.6618814222918975,0.02849734537675394,0.005632560307298391,0.017457527174449095,0.03953716357905879,0.016827336843327007,0.011670008533426934,0.1056581986143187,0.07890685142417245,0.8154349499615089,0.026617892371624104,0.00985402143619287,0.00730401035668608,0.045931774386562124,0.009372564167355603,0.017245328204268502
ser.html | table.numeric_density_bin=low,ser.html,ser,table.numeric_density_bin=low,table.numeric_density_bin=low,7327,5,"hitab,sqa,tab_fact,tablebench,wtq",0.7319503207315409,0.7509212501706019,0.018970929439061007,0.0047563928496234765,0.009648399453798993,0.02829345942432302,0.016827336843327007,0.002143592595734,0.09253446158045585,0.07356353214139484,0.8339020062781494,0.03311995795187278,0.030209085444384623,-0.026089849519121078,0.09232976542286664,0.009372564167355603,0.02374739378451718
ser.html | table.numeric_density_bin=mid,ser.html,ser,table.numeric_density_bin=mid,table.numeric_density_bin=mid,5400,5,"hitab,sqa,tab_fact,tablebench,wtq",0.7094022231998584,0.7149794659184928,0.005577242718634276,0.005612972120968737,-0.0054241826384644485,0.016578668075733,0.016827336843327007,-0.01125009412469273,0.08944444444444444,0.08333333333333333,0.8272222222222222,0.0002944365841571244,0.0035900439434517015,-0.00674204954500821,0.0073309227133224585,0.009372564167355603,-0.00907812758319848
ser.html | table.numeric_density_bin=none,ser.html,ser,table.numeric_density_bin=none,table.numeric_density_bin=none,3898,5,"hitab,sqa,tab_fact,tablebench,wtq",0.7147255002565418,0.7275525910723448,0.012827090815802977,0.006985991581745608,-0.0008654526844184152,0.026519634316024367,0.016827336843327007,-0.004000246027524031,0.10159055926115956,0.0887634684453566,0.8096459722934838,-0.018366977323798963,0.017651005020145303,-0.05296294716328376,0.01622899251568583,0.009372564167355603,-0.027739541491154568
ser.html | table.rows_bin=0_5,ser.html,ser,table.rows_bin=0_5,table.rows_bin=0_5,1332,3,"hitab,tab_fact,wtq",0.8145645645645646,0.8340840840840841,0.01951951951951952,0.01006194650466332,-0.00020189562962058538,0.039240934668659626,0.016827336843327007,0.002692182676192513,0.07732732732732733,0.05780780780780781,0.8648648648648649,-0.02246253082906469,0.061231311704953405,-0.14247590177077338,0.09755084011264399,0.009372564167355603,-0.031835094996420295
ser.html | table.rows_bin=11_25,ser.html,ser,table.rows_bin=11_25,table.rows_bin=11_25,9391,5,"hitab,sqa,tab_fact,tablebench,wtq",0.6920587245946037,0.7056290447524972,0.013570320157893698,0.004404867280499215,0.004936780288115238,0.02220386002767216,0.016827336843327007,-0.003257016685433309,0.1006282611010542,0.08678521989138537,0.8125865190075604,0.009568438364310181,0.006526031682443127,-0.003222583733278347,0.02235946046189871,0.009372564167355603,0.00019587419695457804
ser.html | table.rows_bin=26_50,ser.html,ser,table.rows_bin=26_50,table.rows_bin=26_50,2976,5,"hitab,sqa,tab_fact,tablebench,wtq",0.6262433851148362,0.6291045763025027,0.0028611911876666625,0.007768529371962615,-0.012365126381380062,0.01808750875671339,0.016827336843327007,-0.013966145655660345,0.09442204301075269,0.09173387096774194,0.8138440860215054,-0.0002517242068767543,0.004446653767369737,-0.008967165590921438,0.00846371717716793,0.009372564167355603,-0.009624288374232357
ser.html | table.rows_bin=6_10,ser.html,ser,table.rows_bin=6_10,table.rows_bin=6_10,7702,5,"hitab,sqa,tab_fact,tablebench,wtq",0.728383779818312,0.7577573887096344,0.0293736088913221,0.004508457531701137,0.020537032129187872,0.038210185653456324,0.016827336843327007,0.012546272047995091,0.09581926772266944,0.06751493118670475,0.8366658010906258,0.020787640761251797,0.008126894294777897,0.004858927943487117,0.03671635357901648,0.009372564167355603,0.011415076593896194
ser.html | table.rows_bin=gt_50,ser.html,ser,table.rows_bin=gt_50,table.rows_bin=gt_50,420,3,"hitab,tablebench,wtq",0.5071428571428571,0.45714285714285713,-0.05,0.023592315287120236,-0.09624093796275567,-0.00375906203724434,0.016827336843327007,-0.066827336843327,0.09285714285714286,0.14285714285714285,0.7642857142857142,-0.04403974192484489,0.028386301856469752,-0.0996768935635256,0.011597409713835827,0.009372564167355603,-0.05341230609220049
ser.html | table.shape=balanced,ser.html,ser,table.shape=balanced,table.shape=balanced,11104,5,"hitab,sqa,tab_fact,tablebench,wtq",0.6726889155012101,0.6842035399454612,0.011514624444250894,0.004065172981718483,0.003546885400082668,0.01948236348841912,0.016827336843327007,-0.005312712399076113,0.10032420749279539,0.08834654178674352,0.8113292507204611,0.003848935095110177,0.0062304825769765645,-0.00836281075576389,0.016060680945984243,0.009372564167355603,-0.005523629072245426
ser.html | table.shape=tall,ser.html,ser,table.shape=tall,table.shape=tall,313,3,"hitab,tablebench,wtq",0.5175718849840255,0.4536741214057508,-0.06389776357827476,0.026138773634239543,-0.11512975990138427,-0.012665767255165251,0.016827336843327007,-0.08072510042160176,0.07667731629392971,0.14057507987220447,0.7827476038338658,-0.12437730127788608,0.06281141937961487,-0.24748768326193124,-0.001266919293840929,0.009372564167355603,-0.1337498654452417
ser.html | table.shape=wide,ser.html,ser,table.shape=wide,table.shape=wide,10404,5,"hitab,sqa,tab_fact,tablebench,wtq",0.734265470127343,0.7591915492727945,0.024926079145451432,0.0038747251006175376,0.01733161794824106,0.0325205403426618,0.016827336843327007,0.008098742302124425,0.09304113802383698,0.06920415224913495,0.837754709727028,0.020921825048952805,0.004405261221283189,0.012287513055237754,0.02955613704266786,0.009372564167355603,0.011549260881597202
ser.html | text.has_number,ser.html,ser,text.has_number,text.has_number,12651,5,"hitab,sqa,tab_fact,tablebench,wtq",0.7280937936167505,0.7490918839656712,0.020998090348920733,0.003709797425859207,0.013726887394236687,0.02826929330360478,0.016827336843327007,0.004170753505593726,0.09785787684768002,0.076910916133112,0.8252312070192079,0.011000153036148074,0.006392024912952134,-0.0015282157932381066,0.023528521865534256,0.009372564167355603,0.0016275888687924712
ser.html | text.has_ordinal,ser.html,ser,text.has_ordinal,text.has_ordinal,2149,5,"hitab,sqa,tab_fact,tablebench,wtq",0.7261739386308269,0.7475966622953594,0.02142272366453244,0.008794435724142157,0.004185629645213813,0.03865981768385107,0.016827336843327007,0.004595386821205433,0.09446254071661238,0.07259190321079571,0.8329455560725919,0.02085894704983266,0.021873637615094137,-0.02201338267575185,0.06373127677541718,0.009372564167355603,0.011486382882477058
ser.html | text.has_quoted_span,ser.html,ser,text.has_quoted_span,text.has_quoted_span,367,5,"hitab,sqa,tab_fact,tablebench,wtq",0.4543879258673691,0.47721260446281033,0.022824678595441242,0.01830815525545042,-0.013059305705241584,0.05870866289612407,0.016827336843327007,0.005997341752114235,0.07629427792915532,0.0653950953678474,0.8583106267029973,0.016098573855682374,0.01888637039390637,-0.020918712116374107,0.05311585982773885,0.009372564167355603,0.00672600968832677
ser.html | text.has_year,ser.html,ser,text.has_year,text.has_year,5072,5,"hitab,sqa,tab_fact,tablebench,wtq",0.7036441163289773,0.728454262041035,0.024810145712057776,0.005878833064086743,0.01328763290644776,0.036332658517667794,0.016827336843327007,0.007982808868730769,0.10035488958990536,0.07570977917981073,0.823935331230284,0.014165231324884972,0.01036771511653735,-0.006155490303528235,0.03448595295329818,0.009372564167355603,0.0047926671575293685
ser.records | cell.has_comma_number,ser.records,ser,cell.has_comma_number,cell.has_comma_number,1700,4,"hitab,sqa,tablebench,wtq",0.5838716838508384,0.6167625213635497,0.03289083751271107,0.010916070385561383,0.011495339557010757,0.05428633546841138,0.024894354475147106,0.007996483037563961,0.11941176470588236,0.08705882352941176,0.7935294117647059,0.005449237896408506,0.028463294258405564,-0.0503388188500664,0.06123729464288341,0.021687486119592238,-0.016238248223183732
ser.records | cell.has_currency,ser.records,ser,cell.has_currency,cell.has_currency,230,3,"hitab,sqa,wtq",0.591304347826087,0.6043478260869565,0.013043478260869565,0.03170997461874096,-0.04910807199186272,0.07519502851360185,0.024894354475147106,-0.011850876214277542,0.12173913043478261,0.10869565217391304,0.7695652173913043,0.014261387824606215,0.030416148657916118,-0.04535426354490937,0.07387703919412181,0.021687486119592238,-0.0074260982949860225
ser.records | cell.has_date_like,ser.records,ser,cell.has_date_like,cell.has_date_like,16689,5,"hitab,sqa,tab_fact,tablebench,wtq",0.7023248207872709,0.7221445051957848,0.01981968440851449,0.0032990285669956343,0.013353588417203046,0.026285780399825934,0.024894354475147106,-0.005074670066632616,0.10372101384145245,0.08328839355263946,0.8129905926059081,0.015915432357754916,0.005108186322304415,0.005903387166038264,0.02592747754947157,0.021687486119592238,-0.005772053761837322
ser.records | cell.has_numeric_range,ser.records,ser,cell.has_numeric_range,cell.has_numeric_range,6989,5,"hitab,sqa,tab_fact,tablebench,wtq",0.7023066553480115,0.7260092004819189,0.023702545133907515,0.005138302731067421,0.013631471781015371,0.03377361848679966,0.024894354475147106,-0.0011918093412395907,0.10630991558162828,0.08255830590928602,0.8111317785090857,0.022131103344930347,0.009463772236351618,0.0035821097616811765,0.04068009692817952,0.021687486119592238,0.0004436172253381096
ser.records | cell.has_percent,ser.records,ser,cell.has_percent,cell.has_percent,755,5,"hitab,sqa,tab_fact,tablebench,wtq",0.6478078781977239,0.6676639116782352,0.019856033480511133,0.01579019201027212,-0.011092742859622223,0.05080480982064449,0.024894354475147106,-0.005038320994635973,0.1152317880794702,0.08741721854304636,0.7973509933774835,0.01969914680685351,0.013326508834368913,-0.00642081050850956,0.045819104122216577,0.021687486119592238,-0.0019883393127387294
ser.records | cell.has_score_surface,ser.records,ser,cell.has_score_surface,cell.has_score_surface,5483,5,"hitab,sqa,tab_fact,tablebench,wtq",0.7345022546177212,0.7624374729220537,0.027935218304332488,0.00574706173586683,0.016670977302033502,0.039199459306631476,0.024894354475147106,0.0030408638291853814,0.1050519788436987,0.07714754696334124,0.8178004741929601,0.02323234678882764,0.026560454802968564,-0.028826144624990748,0.07529083820264602,0.021687486119592238,0.0015448606692354018
ser.records | cell.missing_value_marker,ser.records,ser,cell.missing_value_marker,cell.missing_value_marker,5277,5,"hitab,sqa,tab_fact,tablebench,wtq",0.6049463208499128,0.6221550731995356,0.017208752349622734,0.006104880122118278,0.0052431873102709095,0.02917431738897456,0.024894354475147106,-0.007685602125524372,0.10858442296759523,0.09171877960962668,0.7996967974227781,0.015420726714537722,0.007817014153438813,9.937897379764908e-05,0.030742074455277796,0.021687486119592238,-0.006266759405054516
ser.records | grounding.cell_overlap,ser.records,ser,grounding.cell_overlap,grounding.cell_overlap,17562,5,"hitab,sqa,tab_fact,tablebench,wtq",0.7260619870284964,0.7526900119440958,0.026628024915599624,0.003184809877349004,0.020385797555995577,0.03287025227520367,0.024894354475147106,0.0017336704404525179,0.10334813802528185,0.07669969251793646,0.8199521694567817,0.02335129956695539,0.006169915568424714,0.011258265052842952,0.03544433408106783,0.021687486119592238,0.0016638134473631536
ser.records | grounding.header_overlap,ser.records,ser,grounding.header_overlap,grounding.header_overlap,15577,5,"hitab,sqa,tab_fact,tablebench,wtq",0.7204964192739578,0.7454404926055787,0.024944073331621103,0.0033684841377664,0.01834184442159896,0.031546302241643245,0.024894354475147106,4.971885647399657e-05,0.10303652821467549,0.07767862874751236,0.8192848430378121,0.02039158512989468,0.002305054472064814,0.015873678364647644,0.024909491895141713,0.021687486119592238,-0.0012959009896975592
ser.records | intent.aggregate_noncount,ser.records,ser,intent.aggregate_noncount,intent.aggregate_noncount,1666,5,"hitab,sqa,tab_fact,tablebench,wtq",0.5785526452229557,0.6105528079323508,0.03200016270939508,0.010323937863653883,0.011765244496633472,0.052235080922156694,0.024894354475147106,0.007105808234247977,0.10864345738295318,0.07503001200480192,0.8163265306122449,0.019740034796258105,0.011028209117765673,-0.0018752550745626123,0.04135532466707882,0.021687486119592238,-0.0019474513233341331
ser.records | intent.arithmetic,ser.records,ser,intent.arithmetic,intent.arithmetic,1028,5,"hitab,sqa,tab_fact,tablebench,wtq",0.5672888494659634,0.5987775286111527,0.03148867914518928,0.013701458379371402,0.004633820721621336,0.05834353756875723,0.024894354475147106,0.006594324670042177,0.11381322957198443,0.08365758754863813,0.8025291828793775,0.010153948272409627,0.02809503668739104,-0.044912323634876815,0.06522022017969607,0.021687486119592238,-0.01153353784718261
ser.records | intent.comparison,ser.records,ser,intent.comparison,intent.comparison,1187,5,"hitab,sqa,tab_fact,tablebench,wtq",0.6849199663016007,0.7026116259477675,0.017691659646166806,0.012575424433431188,-0.006956172243358323,0.042339491535691935,0.024894354475147106,-0.0072026948289803,0.10278011794439765,0.08508845829823083,0.8121314237573716,-0.00131681798348465,0.008248613911609998,-0.017484101250240244,0.014850465283270945,0.021687486119592238,-0.023004304103076887
ser.records | intent.count,ser.records,ser,intent.count,intent.count,2966,5,"hitab,sqa,tab_fact,tablebench,wtq",0.5151173049551246,0.545917223186243,0.03079991823111838,0.008468159263796812,0.014202326074076628,0.04739751038816013,0.024894354475147106,0.005905563755971274,0.12407282535401214,0.09271746459878624,0.7832097100472016,0.0312433582566533,0.0040112214578733405,0.023381364199221554,0.039105352314085046,0.021687486119592238,0.009555872137061064
ser.records | intent.negation_marker,ser.records,ser,intent.negation_marker,intent.negation_marker,1180,5,"hitab,sqa,tab_fact,tablebench,wtq",0.6341562269712602,0.6909387222946545,0.05678249532339437,0.014166292950577676,0.029016561140262125,0.0845484295065266,0.024894354475147106,0.03188814084824726,0.14915254237288136,0.09152542372881356,0.7593220338983051,0.04325384067774123,0.026394472304099754,-0.008479325038294287,0.09498700639377675,0.021687486119592238,0.021566354558148995
ser.records | intent.superlative_rank,ser.records,ser,intent.superlative_rank,intent.superlative_rank,4698,5,"hitab,sqa,tab_fact,tablebench,wtq",0.6844846613482763,0.7072053173860394,0.022720656037763128,0.006515126097199083,0.009951008887252925,0.03549030318827333,0.024894354475147106,-0.002173698437383978,0.11153682418050234,0.08918688803746275,0.7992762877820349,0.012835945604449011,0.008412062467530698,-0.0036516968319111557,0.02932358804080918,0.021687486119592238,-0.008851540515143226
ser.records | intent.temporal,ser.records,ser,intent.temporal,intent.temporal,8618,5,"hitab,sqa,tab_fact,tablebench,wtq",0.7037630208586506,0.7363971358072483,0.032634114948597574,0.004570603315986366,0.023675732449264297,0.04159249744793085,0.024894354475147106,0.007739760473450468,0.10733348804827106,0.07507542353214203,0.8175910884195869,0.028233686188464086,0.005035251197443273,0.01836459384147527,0.0381027785354529,0.021687486119592238,0.006546200068871848
ser.records | schema.has_date_col,ser.records,ser,schema.has_date_col,schema.has_date_col,11385,5,"hitab,sqa,tab_fact,tablebench,wtq",0.7093825284903342,0.7320008838204713,0.02261835533013711,0.004000799397452762,0.014776788511129695,0.030459922149144524,0.024894354475147106,-0.002275999145009998,0.10408432147562582,0.08098375054896793,0.8149319279754063,0.020928523415655972,0.007896297427879157,0.005451780457012823,0.036405266374299125,0.021687486119592238,-0.0007589627039362654
ser.records | schema.has_rank_col,ser.records,ser,schema.has_rank_col,schema.has_rank_col,5969,5,"hitab,sqa,tab_fact,tablebench,wtq",0.7077818550464953,0.7326305359828441,0.024848680936349052,0.005417953573950744,0.014229491931405594,0.03546786994129251,0.024894354475147106,-4.567353879805433e-05,0.1028648014742838,0.07706483498073378,0.8200703635449824,0.055456157670698246,0.027931389818059232,0.0007106336273021499,0.11020168171409433,0.021687486119592238,0.03376867155110601
ser.records | schema.has_score_col,ser.records,ser,schema.has_score_col,schema.has_score_col,7708,5,"hitab,sqa,tab_fact,tablebench,wtq",0.7331269280831327,0.7595318625560513,0.026404934472918386,0.0048054340500033885,0.016986283734911747,0.035823585210925026,0.024894354475147106,0.0015105799977712803,0.1031395952257395,0.07654385054488842,0.8203165542293721,0.009704814966401697,0.010994319051644722,-0.011844050374821957,0.03125368030762535,0.021687486119592238,-0.01198267115319054
ser.records | schema.has_unit_col,ser.records,ser,schema.has_unit_col,schema.has_unit_col,1848,5,"hitab,sqa,tab_fact,tablebench,wtq",0.6417422229323327,0.6647558725341196,0.023013649601786666,0.009228698339172009,0.004925400857009529,0.0411018983465638,0.024894354475147106,-0.00188070487336044,0.10335497835497835,0.07738095238095238,0.8192640692640693,0.018306642452118205,0.019780194175633047,-0.02046253813212257,0.05707582303635898,0.021687486119592238,-0.0033808436674740323
ser.records | schema.header_repetition_marker,ser.records,ser,schema.header_repetition_marker,schema.header_repetition_marker,1388,5,"hitab,sqa,tab_fact,tablebench,wtq",0.570350486939888,0.586178630718192,0.015828143778303955,0.012139793326750971,-0.007965851142127948,0.03962213869873586,0.024894354475147106,-0.00906621069684315,0.11167146974063401,0.09870317002881844,0.7896253602305475,-0.012741759333364574,0.051668806960024655,-0.1140126209750129,0.08852910230828374,0.021687486119592238,-0.03442924545295681
ser.records | table.cols_bin=0_3,ser.records,ser,table.cols_bin=0_3,table.cols_bin=0_3,136,3,"hitab,sqa,wtq",0.6985294117647058,0.6029411764705882,-0.09558823529411764,0.03745538590930918,-0.16900079167636362,-0.022175678911871652,0.024894354475147106,-0.12048258976926475,0.051470588235294115,0.14705882352941177,0.8014705882352942,-0.0886434437836307,0.05253526523713595,-0.19161256364841717,0.014325676081155744,0.021687486119592238,-0.11033092990322294
ser.records | table.cols_bin=4_6,ser.records,ser,table.cols_bin=4_6,table.cols_bin=4_6,14136,5,"hitab,sqa,tab_fact,tablebench,wtq",0.7079782132289401,0.7347675354421931,0.026789322213253093,0.0035850969436543134,0.01976253220369064,0.033816112222815546,0.024894354475147106,0.001894967738105987,0.10696095076400679,0.08007923033389927,0.8129598189020939,0.02311417683195264,0.006703892661099344,0.009974547216197924,0.03625380644770736,0.021687486119592238,0.0014266907123604011
ser.records | table.cols_bin=7_10,ser.records,ser,table.cols_bin=7_10,table.cols_bin=7_10,6755,5,"hitab,sqa,tab_fact,tablebench,wtq",0.690146935080706,0.7114240805460805,0.021277145465374504,0.005113489471102539,0.011254706102013528,0.03129958482873548,0.024894354475147106,-0.0036172090097726026,0.10244263508512214,0.08053293856402664,0.8170244263508513,0.027511111017438965,0.009029865630280562,0.009812574382089063,0.04520964765278887,0.021687486119592238,0.005823624897846727
ser.records | table.cols_bin=gt_10,ser.records,ser,table.cols_bin=gt_10,table.cols_bin=gt_10,794,4,"hitab,tab_fact,tablebench,wtq",0.6371701514557347,0.6797378247265591,0.04256767327082431,0.016071318774900277,0.011067888472019768,0.07406745806962885,0.024894354475147106,0.0176733187956772,0.12720403022670027,0.08942065491183879,0.783375314861461,0.036906061409663744,0.02299918265320034,-0.008172336590608925,0.08198445940993641,0.021687486119592238,0.015218575290071507
ser.records | table.numeric_cols_bin=0,ser.records,ser,table.numeric_cols_bin=0,table.numeric_cols_bin=0,3898,5,"hitab,sqa,tab_fact,tablebench,wtq",0.7147255002565418,0.7370446382760389,0.022319138019497177,0.007012794431059966,0.008574060934619645,0.03606421510437471,0.024894354475147106,-0.002575216455649929,0.10723447922011288,0.0849153412006157,0.8078501795792714,-0.046168656182588384,0.04762559669916717,-0.13951482571295604,0.04717751334777926,0.021687486119592238,-0.06785614230218062
ser.records | table.numeric_cols_bin=1,ser.records,ser,table.numeric_cols_bin=1,table.numeric_cols_bin=1,7480,5,"hitab,sqa,tab_fact,tablebench,wtq",0.7276737967914438,0.7512032085561497,0.023529411764705882,0.004846205045991627,0.014030849874562292,0.03302797365484947,0.024894354475147106,-0.0013649427104412241,0.09986631016042781,0.07633689839572193,0.8237967914438503,0.02839973071160512,0.005725328195262982,0.017178087448889677,0.03962137397432056,0.021687486119592238,0.006712244592012882
ser.records | table.numeric_cols_bin=2_3,ser.records,ser,table.numeric_cols_bin=2_3,table.numeric_cols_bin=2_3,5634,5,"hitab,sqa,tab_fact,tablebench,wtq",0.7163946640610706,0.7325280172825321,0.01613335322146159,0.005680435051013114,0.004999700521475888,0.027267005921447297,0.024894354475147106,-0.008761001253685514,0.10170394036208733,0.0843095491657792,0.8139865104721334,0.0087762662061365,0.004256195609201232,0.00043412281210208556,0.017118409600170914,0.021687486119592238,-0.012911219913455738
ser.records | table.numeric_cols_bin=ge_4,ser.records,ser,table.numeric_cols_bin=ge_4,table.numeric_cols_bin=ge_4,4809,5,"hitab,sqa,tab_fact,tablebench,wtq",0.625008968935381,0.6643777351970717,0.039368766261690655,0.006117931007774452,0.02737762148645273,0.05135991103692858,0.024894354475147106,0.014474411786543549,0.11935953420669577,0.08109794135995009,0.7995425244333542,0.0342483577466871,0.008615029611217885,0.017362899708700048,0.05113381578467416,0.021687486119592238,0.012560871627094863
ser.records | table.numeric_density_bin=high,ser.records,ser,table.numeric_density_bin=high,table.numeric_density_bin=high,5196,5,"hitab,sqa,tab_fact,tablebench,wtq",0.6333840769151432,0.6699858234238579,0.036601746508715186,0.0058977408274174395,0.025042174486977004,0.04816131853045337,0.024894354475147106,0.01170739203356808,0.11874518860662048,0.08198614318706697,0.7992686682063126,0.03304333730355152,0.009595598433505518,0.014235964373880708,0.05185071023322234,0.021687486119592238,0.011355851183959285
ser.records | table.numeric_density_bin=low,ser.records,ser,table.numeric_density_bin=low,table.numeric_density_bin=low,7327,5,"hitab,sqa,tab_fact,tablebench,wtq",0.7319503207315409,0.7561075474273236,0.02415722669578272,0.00489985732232039,0.014553506344034756,0.03376094704753069,0.024894354475147106,-0.0007371277793643861,0.10031390746553842,0.0761566807697557,0.8235294117647058,0.03484126835578627,0.010593670227271364,0.014077674710334397,0.05560486200123814,0.021687486119592238,0.013153782236194032
ser.records | table.numeric_density_bin=mid,ser.records,ser,table.numeric_density_bin=mid,table.numeric_density_bin=mid,5400,5,"hitab,sqa,tab_fact,tablebench,wtq",0.7094022231998584,0.7258905628559514,0.016488339656092737,0.005786042124426137,0.005147697092217509,0.027828982219967963,0.024894354475147106,-0.00840601481905437,0.10037037037037037,0.0837037037037037,0.8159259259259259,0.01696250499239659,0.009634907610490698,-0.0019219139241651792,0.035846923908958356,0.021687486119592238,-0.0047249811271956495
ser.records | table.numeric_density_bin=none,ser.records,ser,table.numeric_density_bin=none,table.numeric_density_bin=none,3898,5,"hitab,sqa,tab_fact,tablebench,wtq",0.7147255002565418,0.7370446382760389,0.022319138019497177,0.007012794431059966,0.008574060934619645,0.03606421510437471,0.024894354475147106,-0.002575216455649929,0.10723447922011288,0.0849153412006157,0.8078501795792714,-0.046168656182588384,0.04762559669916717,-0.13951482571295604,0.04717751334777926,0.021687486119592238,-0.06785614230218062
ser.records | table.rows_bin=0_5,ser.records,ser,table.rows_bin=0_5,table.rows_bin=0_5,1332,3,"hitab,tab_fact,wtq",0.8145645645645646,0.8228228228228228,0.008258258258258258,0.010592201906336451,-0.012502457478161188,0.029018973994677705,0.024894354475147106,-0.01663609621688885,0.07882882882882883,0.07057057057057058,0.8506006006006006,0.032289888066780494,0.058694124127869646,-0.08275059522384401,0.147330371357405,0.021687486119592238,0.010602401947188256
ser.records | table.rows_bin=11_25,ser.records,ser,table.rows_bin=11_25,table.rows_bin=11_25,9391,5,"hitab,sqa,tab_fact,tablebench,wtq",0.6920587245946037,0.7186516451980915,0.02659292060348805,0.004491226438358885,0.017790116784304637,0.035395724422671464,0.024894354475147106,0.001698566128340944,0.11117026940687892,0.08412309658183367,0.8047066340112874,0.026812827679036227,0.008211130449675266,0.010719011997672705,0.042906643360399746,0.021687486119592238,0.00512534155944399
ser.records | table.rows_bin=26_50,ser.records,ser,table.rows_bin=26_50,table.rows_bin=26_50,2976,5,"hitab,sqa,tab_fact,tablebench,wtq",0.6262433851148362,0.6344532976373619,0.008209912522525797,0.008273034273267803,-0.008005234653079098,0.02442505969813069,0.024894354475147106,-0.01668444195262131,0.10920698924731183,0.10047043010752688,0.7903225806451613,0.0043536197377034205,0.010363008187726556,-0.015957876310240628,0.024665115785647472,0.021687486119592238,-0.017333866381888816
ser.records | table.rows_bin=6_10,ser.records,ser,table.rows_bin=6_10,table.rows_bin=6_10,7702,5,"hitab,sqa,tab_fact,tablebench,wtq",0.728383779818312,0.7656536956775428,0.03726991585923031,0.0045854950292167065,0.028282345601965568,0.04625748611649506,0.024894354475147106,0.012375561384083206,0.10309010646585302,0.06634640353155025,0.8305634900025968,0.03148409310010872,0.0030505784303334143,0.025504959376655225,0.03746322682356221,0.021687486119592238,0.00979660698051648
ser.records | table.rows_bin=gt_50,ser.records,ser,table.rows_bin=gt_50,table.rows_bin=gt_50,420,3,"hitab,tablebench,wtq",0.5071428571428571,0.4380952380952381,-0.06904761904761905,0.025563055777913835,-0.11915120837233018,-0.018944029722907936,0.024894354475147106,-0.09394197352276616,0.10476190476190476,0.1738095238095238,0.7214285714285714,-0.13866042778911494,0.10169807094003672,-0.3379886468315869,0.06066779125335703,0.021687486119592238,-0.16034791390870717
ser.records | table.shape=balanced,ser.records,ser,table.shape=balanced,table.shape=balanced,11104,5,"hitab,sqa,tab_fact,tablebench,wtq",0.6726889155012101,0.6930502996699168,0.02036138416870671,0.004201954286367529,0.012125553767426356,0.028597214569987067,0.024894354475147106,-0.004532970306440395,0.11131123919308357,0.09005763688760807,0.7986311239193083,0.016477681922997388,0.008505883663009858,-0.00019385005650193396,0.03314921390249671,0.021687486119592238,-0.00520980419659485
ser.records | table.shape=tall,ser.records,ser,table.shape=tall,table.shape=tall,313,3,"hitab,tablebench,wtq",0.5175718849840255,0.41533546325878595,-0.10223642172523961,0.028393330786525034,-0.1578873500668287,-0.04658549338365055,0.024894354475147106,-0.1271307762003867,0.07987220447284345,0.18210862619808307,0.7380191693290735,-0.1392679228936539,0.05884376957878517,-0.25460171126807285,-0.023934134519234956,0.021687486119592238,-0.16095540901324612
ser.records | table.shape=wide,ser.records,ser,table.shape=wide,table.shape=wide,10404,5,"hitab,sqa,tab_fact,tablebench,wtq",0.734265470127343,0.7678224577468037,0.033556987619460354,0.003951810411123007,0.025811439213659262,0.041302536025261447,0.024894354475147106,0.008662633144313248,0.10101883890811227,0.06824298346789696,0.8307381776239908,0.035359211280417704,0.0033015036145777406,0.028888264195845333,0.04183015836499007,0.021687486119592238,0.013671725160825467
ser.records | text.has_number,ser.records,ser,text.has_number,text.has_number,12651,5,"hitab,sqa,tab_fact,tablebench,wtq",0.7280937936167505,0.7588255468572582,0.03073175324050783,0.0038116775023915197,0.02326086533582045,0.038202641145195206,0.024894354475147106,0.005837398765360723,0.10781756382894633,0.07722709667219983,0.8149553394988538,0.022050957832169628,0.005054119344840939,0.012144883916281388,0.03195703174805787,0.021687486119592238,0.0003634717125773901
ser.records | text.has_ordinal,ser.records,ser,text.has_ordinal,text.has_ordinal,2149,5,"hitab,sqa,tab_fact,tablebench,wtq",0.7261739386308269,0.7503745575813979,0.024200618950571046,0.009153243421355938,0.0062602618447134065,0.042140976056428685,0.024894354475147106,-0.0006937355245760606,0.10283852954862727,0.0781758957654723,0.8189855746859004,0.04570635252324906,0.01935289284144894,0.007774682554009142,0.08363802249248897,0.021687486119592238,0.024018866403656823
ser.records | text.has_quoted_span,ser.records,ser,text.has_quoted_span,text.has_quoted_span,367,5,"hitab,sqa,tab_fact,tablebench,wtq",0.4543879258673691,0.5060031281315147,0.05161520226414579,0.019328236496088683,0.013731858731811972,0.0894985457964796,0.024894354475147106,0.02672084778899868,0.10354223433242507,0.05449591280653951,0.8419618528610354,0.04420348396033778,0.011420481499874556,0.02181934022058365,0.06658762770009191,0.021687486119592238,0.022515997840745545
ser.records | text.has_year,ser.records,ser,text.has_year,text.has_year,5072,5,"hitab,sqa,tab_fact,tablebench,wtq",0.7036441163289773,0.7418660987995397,0.038221982470562424,0.006060237965688547,0.026343916057812874,0.05010004888331197,0.024894354475147106,0.013327627995415318,0.11297318611987382,0.0749211356466877,0.8121056782334385,0.02743912059115844,0.009451510898419172,0.008914159230256864,0.04596408195206002,0.021687486119592238,0.005751634471566201
